id,data_inversa,dia_semana,horario,uf,br,km,municipio,causa_acidente,tipo_acidente,classificacao_acidente,fase_dia,sentido_via,condicao_metereologica,tipo_pista,tracado_via,uso_solo,ano,pessoas,mortos,feridos_leves,feridos_graves,ilesos,ignorados,feridos,veiculos
1246956,2013-02-05,Terça,05:00:00,RN,101,150.5,CEARA-MIRIM,Ingestão de álcool,Colisão frontal,Com Vítimas Feridas,Pleno dia,Crescente,Ceu Claro,Simples,Reta,Urbano,2013,2,0,1,1,0,0,2,2
1246978,2013-02-02,Sábado,19:00:00,RN,304,38.0,MOSSORO,Ingestão de álcool,Colisão Transversal,Com Vítimas Feridas,Plena noite,Crescente,Ceu Claro,Dupla,Reta,Urbano,2013,5,0,1,0,4,0,1,2
1246987,2013-02-03,Domingo,06:30:00,RN,304,113.9,ASSU,Falta de atenção,Colisão lateral,Sem Vítimas,Pleno dia,Crescente,Ceu Claro,Simples,Reta,Rural,2013,2,0,0,0,1,1,0,2
1247021,2013-02-01,Sexta,23:35:00,RN,406,169.0,SAO GONCALO DO AMARANTE,Ultrapassagem indevida,Colisão frontal,Com Vítimas Fatais,Plena noite,Decrescente,Vento,Simples,Reta,Rural,2013,3,2,0,0,1,0,0,3
1247112,2013-02-02,Sábado,05:30:00,RN,304,39.0,MOSSORO,Outras,Saída de Pista,Ignorado,Pleno dia,Crescente,Ceu Claro,Dupla,Reta,Urbano,2013,1,0,0,0,0,1,0,1
1247210,2013-02-05,Terça,14:50:00,RN,101,78.0,NATAL,Falta de atenção,Colisão Transversal,Sem Vítimas,Pleno dia,Crescente,Sol,Dupla,Reta,Rural,2013,2,0,0,0,2,0,0,2
1247257,2013-02-03,Domingo,18:50:00,RN,101,66.5,EXTREMOZ,Outras,Colisão Transversal,Com Vítimas Feridas,Anoitecer,Decrescente,Ceu Claro,Simples,Reta,Rural,2013,2,0,0,1,1,0,1,2
1247362,2013-02-05,Terça,15:30:00,RN,304,296.0,MACAIBA,Falta de atenção,Colisão traseira,Sem Vítimas,Pleno dia,Crescente,Sol,Simples,Reta,Urbano,2013,2,0,0,0,2,0,0,2
1247428,2013-02-05,Terça,11:15:00,RN,101,85.0,SAO GONCALO DO AMARANTE,Outras,Colisão traseira,Sem Vítimas,Pleno dia,Crescente,Sol,Dupla,Reta,Urbano,2013,3,0,0,0,3,0,0,3
1247441,2013-02-05,Terça,18:50:00,RN,101,95.4,NATAL,Falta de atenção,Colisão traseira,Sem Vítimas,Plena noite,Decrescente,Ceu Claro,Dupla,Reta,Urbano,2013,2,0,0,0,2,0,0,2
1247452,2013-02-05,Terça,21:30:00,RN,226,88.0,MACAIBA,Animais na Pista,Atropelamento de animal,Sem Vítimas,Plena noite,Decrescente,Ceu Claro,Simples,Reta,Rural,2013,1,0,0,0,1,0,0,1
1247607,2013-02-02,Sábado,22:00:00,RN,101,96.0,NATAL,Não guardar distância de segurança,Colisão traseira,Com Vítimas Feridas,Plena noite,Crescente,Vento,Dupla,Reta,Urbano,2013,3,0,0,2,1,0,2,2
1247617,2013-02-03,Domingo,04:50:00,RN,226,60.9,SENADOR ELOI DE SOUZA,Outras,Colisão lateral,Com Vítimas Feridas,Amanhecer,Decrescente,Ceu Claro,Simples,Cruzamento,Urbano,2013,3,0,0,2,1,0,2,2
1247643,2013-02-02,Sábado,08:00:00,RN,304,300.0,MACAIBA,Falta de atenção,Colisão Transversal,Sem Vítimas,Pleno dia,Decrescente,Sol,Dupla,Reta,Urbano,2013,2,0,0,0,2,0,0,2
1247718,2013-02-02,Sábado,18:20:00,RN,101,148.0,GOIANINHA,Outras,Colisão frontal,Com Vítimas Feridas,Plena noite,Crescente,Ceu Claro,Simples,Curva,Urbano,2013,2,0,0,1,1,0,1,2
1247728,2013-02-03,Domingo,04:00:00,RN,101,94.8,NATAL,Outras,Colisão com objeto fixo,Sem Vítimas,Plena noite,Decrescente,Ceu Claro,Múltipla,Curva,Urbano,2013,1,0,0,0,1,0,0,1
1247791,2013-02-02,Sábado,15:35:00,RN,101,95.0,NATAL,Outras,Colisão lateral,Sem Vítimas,Pleno dia,Crescente,Ceu Claro,Simples,Reta,Urbano,2013,3,0,0,0,2,1,0,3
1247797,2013-02-03,Domingo,09:00:00,RN,427,142.4,SERRA NEGRA DO NORTE,Desobediência à sinalização,Colisão Transversal,Com Vítimas Fatais,Pleno dia,Crescente,Ceu Claro,Simples,Reta,Rural,2013,2,1,0,0,0,1,0,2
1247809,2013-02-06,Quarta,07:15:00,RN,101,104.4,PARNAMIRIM,Outras,Colisão lateral,Sem Vítimas,Pleno dia,Decrescente,Chuva,Dupla,Curva,Urbano,2013,2,0,0,0,2,0,0,2
1247847,2013-02-02,Sábado,08:20:00,RN,226,64.0,SERRA CAIADA,Outras,Tombamento,Com Vítimas Feridas,Pleno dia,Crescente,Sol,Simples,Reta,Rural,2013,2,0,2,0,0,0,2,1
1247985,2013-02-06,Quarta,10:00:00,RN,101,83.7,SAO GONCALO DO AMARANTE,Falta de atenção,Colisão lateral,Sem Vítimas,Pleno dia,Crescente,Ceu Claro,Dupla,Reta,Urbano,2013,2,0,0,0,2,0,0,2
1248052,2013-02-06,Quarta,11:35:00,RN,110,48.3,MOSSORO,Falta de atenção,Colisão lateral,Sem Vítimas,Pleno dia,Decrescente,Sol,Dupla,Reta,Urbano,2013,2,0,0,0,2,0,0,2
1248077,2013-02-02,Sábado,04:20:00,RN,226,61.8,SERRA CAIADA,Animais na Pista,Atropelamento de animal,Sem Vítimas,Amanhecer,Crescente,Ceu Claro,Simples,Reta,Rural,2013,1,0,0,0,1,0,0,1
1248116,2013-02-06,Quarta,21:20:00,RN,110,47.2,MOSSORO,Ingestão de álcool,Colisão traseira,Com Vítimas Feridas,Plena noite,Crescente,Ceu Claro,Simples,Reta,Urbano,2013,2,0,1,0,1,0,1,2
1248153,2013-02-06,Quarta,11:20:00,RN,405,164.2,PAU DOS FERROS,Falta de atenção,Colisão Transversal,Sem Vítimas,Pleno dia,Crescente,Ceu Claro,Simples,Reta,Rural,2013,2,0,0,0,1,1,0,2
1248220,2013-02-07,Quinta,06:50:00,RN,101,85.0,SAO GONCALO DO AMARANTE,Não guardar distância de segurança,Colisão traseira,Sem Vítimas,Pleno dia,Crescente,Ceu Claro,Dupla,Reta,Urbano,2013,2,0,0,0,2,0,0,2
1248306,2013-02-07,Quinta,06:30:00,RN,304,305.0,MACAIBA,Falta de atenção,Colisão Transversal,Com Vítimas Feridas,Pleno dia,Decrescente,Ceu Claro,Dupla,Reta,Urbano,2013,2,0,0,1,1,0,1,2
1248356,2013-02-03,Domingo,10:05:00,RN,226,7.0,NATAL,Ultrapassagem indevida,Colisão traseira,Com Vítimas Feridas,Pleno dia,Crescente,Sol,Simples,Reta,Urbano,2013,2,0,0,1,1,0,1,2
1248418,2013-02-05,Terça,19:00:00,RN,110,49.0,MOSSORO,Não guardar distância de segurança,Colisão traseira,Sem Vítimas,Plena noite,Crescente,Ceu Claro,Dupla,Reta,Urbano,2013,2,0,0,0,2,0,0,2
1248423,2013-01-30,Quarta,14:35:00,RN,101,159.0,CANGUARETAMA,Velocidade incompatível,Saída de Pista,Com Vítimas Feridas,Pleno dia,Crescente,Ceu Claro,Dupla,Curva,Urbano,2013,1,0,1,0,0,0,1,1
1248424,2013-02-03,Domingo,10:10:00,RN,304,36.0,MOSSORO,Falta de atenção,Colisão traseira,Sem Vítimas,Pleno dia,Crescente,Ceu Claro,Simples,Reta,Urbano,2013,7,0,0,0,7,0,0,3
1248440,2013-01-30,Quarta,16:20:00,RN,226,76.6,SERRA CAIADA,Defeito mecânico em veículo,Incêndio,Sem Vítimas,Pleno dia,Crescente,Ceu Claro,Simples,Curva,Rural,2013,1,0,0,0,1,0,0,1
1248465,2013-01-30,Quarta,09:00:00,RN,101,107.0,PARNAMIRIM,Não guardar distância de segurança,Colisão traseira,Com Vítimas Feridas,Pleno dia,Crescente,Ceu Claro,Dupla,Cruzamento,Urbano,2013,3,0,1,0,1,1,1,2
1248474,2013-02-03,Domingo,15:00:00,RN,101,96.7,NATAL,Não guardar distância de segurança,Colisão traseira,Sem Vítimas,Pleno dia,Decrescente,Sol,Dupla,Curva,Urbano,2013,2,0,0,0,1,0,0,2
1248617,2013-02-07,Quinta,09:10:00,RN,101,97.4,NATAL,Falta de atenção,Colisão lateral,Sem Vítimas,Pleno dia,Decrescente,Ceu Claro,Dupla,Reta,Urbano,2013,2,0,0,0,2,0,0,2
1248624,2013-02-07,Quinta,17:00:00,RN,101,106.8,PARNAMIRIM,Não guardar distância de segurança,Colisão traseira,Com Vítimas Feridas,Pleno dia,Crescente,Ceu Claro,Dupla,Reta,Urbano,2013,2,0,1,0,0,1,1,2
1248649,2013-02-07,Quinta,17:25:00,RN,226,2.0,NATAL,Outras,Colisão lateral,Sem Vítimas,Pleno dia,Decrescente,Ceu Claro,Simples,Cruzamento,Urbano,2013,2,0,0,0,2,0,0,2
1248675,2013-02-07,Quinta,09:00:00,RN,226,60.9,SENADOR ELOI DE SOUZA,Falta de atenção,Colisão traseira,Com Vítimas Feridas,Pleno dia,Decrescente,Ceu Claro,Simples,Cruzamento,Urbano,2013,3,0,0,1,2,0,1,3
1248699,2013-02-07,Quinta,18:30:00,RN,101,108.0,PARNAMIRIM,Não guardar distância de segurança,Colisão traseira,Sem Vítimas,Plena noite,Crescente,Ceu Claro,Dupla,Cruzamento,Urbano,2013,2,0,0,0,2,0,0,2
1248731,2013-02-03,Domingo,18:35:00,RN,101,109.0,PARNAMIRIM,Falta de atenção,Colisão traseira,Com Vítimas Feridas,Plena noite,Decrescente,Ceu Claro,Dupla,Cruzamento,Urbano,2013,2,0,1,0,1,0,1,2
1248739,2013-02-07,Quinta,18:40:00,RN,101,94.0,NATAL,Não guardar distância de segurança,Colisão traseira,Sem Vítimas,Plena noite,Crescente,Ceu Claro,Múltipla,Reta,Urbano,2013,2,0,0,0,2,0,0,2
1248832,2013-02-04,Segunda,14:30:00,RN,101,96.0,NATAL,Falta de atenção,Colisão lateral,Sem Vítimas,Pleno dia,Crescente,Ceu Claro,Dupla,Reta,Urbano,2013,2,0,0,0,2,0,0,2
1248865,2013-02-08,Sexta,09:00:00,RN,304,286.0,MACAIBA,Outras,Danos Eventuais,Sem Vítimas,Pleno dia,Decrescente,Ceu Claro,Simples,Reta,Urbano,2013,2,0,0,0,2,0,0,2
1248973,2013-02-04,Segunda,19:25:00,RN,304,292.0,MACAIBA,Animais na Pista,Atropelamento de animal,Sem Vítimas,Plena noite,Decrescente,Ceu Claro,Simples,Reta,Rural,2013,1,0,0,0,1,0,0,1
1248974,2013-02-08,Sexta,12:50:00,RN,101,103.6,PARNAMIRIM,Outras,Colisão lateral,Sem Vítimas,Pleno dia,Decrescente,Sol,Dupla,Reta,Urbano,2013,2,0,0,0,2,0,0,2
1249145,2013-02-08,Sexta,18:00:00,RN,101,99.8,NATAL,Desobediência à sinalização,Colisão Transversal,Sem Vítimas,Anoitecer,Crescente,Ceu Claro,Dupla,Cruzamento,Urbano,2013,2,0,0,0,2,0,0,2
1249157,2013-02-08,Sexta,16:45:00,RN,226,175.1,CURRAIS NOVOS,Falta de atenção,Colisão lateral,Sem Vítimas,Pleno dia,Crescente,Ceu Claro,Simples,Reta,Urbano,2013,2,0,0,0,2,0,0,2
1249208,2013-02-08,Sexta,15:40:00,RN,304,283.0,MACAIBA,Falta de atenção,Colisão traseira,Sem Vítimas,Pleno dia,Crescente,Ceu Claro,Simples,Reta,Rural,2013,3,0,0,0,3,0,0,3
1249295,2013-02-08,Sexta,08:35:00,RN,101,101.0,PARNAMIRIM,Falta de atenção,Colisão traseira,Sem Vítimas,Pleno dia,Decrescente,Ceu Claro,Dupla,Reta,Urbano,2013,2,0,0,0,2,0,0,2
1249328,2013-02-08,Sexta,18:00:00,RN,101,82.0,NATAL,Falta de atenção,Colisão traseira,Com Vítimas Feridas,Plena noite,Decrescente,Ceu Claro,Dupla,Reta,Urbano,2013,2,0,0,1,1,0,1,2
1249404,2013-02-04,Segunda,08:00:00,RN,304,32.0,MOSSORO,Falta de atenção,Colisão lateral,Com Vítimas Feridas,Pleno dia,Decrescente,Ceu Claro,Simples,Reta,Rural,2013,3,0,0,2,1,0,2,2
1249424,2013-02-07,Quinta,14:50:00,RN,101,101.7,PARNAMIRIM,Não guardar distância de segurança,Colisão traseira,Sem Vítimas,Pleno dia,Crescente,Ceu Claro,Dupla,Reta,Urbano,2013,3,0,0,0,3,0,0,3
1249678,2013-02-07,Quinta,22:20:00,RN,110,46.9,MOSSORO,Desobediência à sinalização,Colisão Transversal,Com Vítimas Feridas,Plena noite,Crescente,Ceu Claro,Simples,Reta,Urbano,2013,3,0,2,0,1,0,2,2
1249732,2013-02-09,Sábado,15:35:00,RN,226,2.2,NATAL,Outras,Colisão lateral,Sem Vítimas,Pleno dia,Decrescente,Sol,Simples,Cruzamento,Urbano,2013,2,0,0,0,2,0,0,2
1249753,2013-02-09,Sábado,11:00:00,RN,101,99.9,NATAL,Falta de atenção,Colisão traseira,Sem Vítimas,Pleno dia,Decrescente,Ceu Claro,Dupla,Cruzamento,Urbano,2013,3,0,0,0,3,0,0,3
1249848,2013-02-09,Sábado,11:25:00,RN,101,101.9,PARNAMIRIM,Desobediência à sinalização,Colisão Transversal,Sem Vítimas,Pleno dia,Crescente,Ceu Claro,Múltipla,Cruzamento,Urbano,2013,2,0,0,0,2,0,0,2
1249884,2013-02-07,Quinta,18:40:00,RN,101,102.3,PARNAMIRIM,Não guardar distância de segurança,Colisão traseira,Sem Vítimas,Plena noite,Decrescente,Ceu Claro,Dupla,Reta,Urbano,2013,3,0,0,0,3,0,0,3
1249979,2013-02-05,Terça,22:15:00,RN,304,162.3,FERNANDO PEDROZA,Ingestão de álcool,Colisão frontal,Com Vítimas Fatais,Plena noite,Decrescente,Ceu Claro,Simples,Reta,Rural,2013,6,1,2,2,1,0,4,3
1250169,2013-02-09,Sábado,12:45:00,RN,304,85.3,ASSU,Ultrapassagem indevida,Colisão traseira,Com Vítimas Feridas,Pleno dia,Crescente,Sol,Simples,Reta,Rural,2013,9,0,0,1,8,0,1,3
1250170,2013-02-07,Quinta,18:50:00,RN,304,96.0,ASSU,Não guardar distância de segurança,Colisão traseira,Sem Vítimas,Plena noite,Decrescente,Ceu Claro,Simples,Curva,Rural,2013,2,0,0,0,2,0,0,2
1250278,2013-02-10,Domingo,13:00:00,RN,101,38.8,MAXARANGUAPE,Ingestão de álcool,Queda de motocicleta / bicicleta / veículo,Com Vítimas Feridas,Pleno dia,Crescente,Ceu Claro,Simples,Reta,Rural,2013,1,0,0,1,0,0,1,1
1250292,2013-02-10,Domingo,09:30:00,RN,101,66.0,EXTREMOZ,Outras,Colisão Transversal,Sem Vítimas,Pleno dia,Decrescente,Ceu Claro,Simples,Reta,Rural,2013,2,0,0,0,2,0,0,2
1250373,2013-02-10,Domingo,11:30:00,RN,101,99.9,NATAL,Defeito na via,Colisão lateral,Sem Vítimas,Pleno dia,Crescente,Ceu Claro,Dupla,Curva,Urbano,2013,2,0,0,0,2,0,0,2
1250745,2013-02-11,Segunda,11:40:00,RN,101,67.6,EXTREMOZ,Não guardar distância de segurança,Colisão traseira,Sem Vítimas,Pleno dia,Decrescente,Ceu Claro,Simples,Reta,Rural,2013,2,0,0,0,2,0,0,2
1250908,2013-02-11,Segunda,09:50:00,RN,101,97.2,NATAL,Falta de atenção,Capotamento,Sem Vítimas,Pleno dia,Crescente,Sol,Múltipla,Reta,Urbano,2013,1,0,0,0,1,0,0,1
1250973,2013-02-11,Segunda,11:00:00,RN,110,5.5,AREIA BRANCA,Falta de atenção,Colisão traseira,Sem Vítimas,Pleno dia,Decrescente,Ceu Claro,Simples,Reta,Rural,2013,2,0,0,0,1,1,0,2
1250983,2013-02-11,Segunda,19:00:00,RN,101,99.7,NATAL,Não guardar distância de segurança,Colisão traseira,Sem Vítimas,Plena noite,Crescente,Nublado,Dupla,Reta,Urbano,2013,2,0,0,0,1,1,0,2
1251076,2013-02-12,Terça,04:15:00,RN,101,103.2,PARNAMIRIM,Não guardar distância de segurança,Colisão traseira,Sem Vítimas,Plena noite,Crescente,Nublado,Dupla,Reta,Urbano,2013,2,0,0,0,2,0,0,2
1251188,2013-02-08,Sexta,10:30:00,RN,226,2.0,NATAL,Falta de atenção,Colisão Transversal,Sem Vítimas,Pleno dia,Decrescente,Sol,Simples,Reta,Urbano,2013,2,0,0,0,2,0,0,2
1251258,2013-02-08,Sexta,11:30:00,RN,304,48.0,MOSSORO,Falta de atenção,Colisão traseira,Sem Vítimas,Pleno dia,Decrescente,Sol,Dupla,Cruzamento,Urbano,2013,2,0,0,0,2,0,0,2
1251285,2013-02-09,Sábado,14:15:00,RN,101,58.5,CEARA-MIRIM,Falta de atenção,Colisão Transversal,Sem Vítimas,Pleno dia,Decrescente,Sol,Simples,Reta,Rural,2013,2,0,0,0,2,0,0,2
1251290,2013-02-12,Terça,11:00:00,RN,101,96.0,NATAL,Outras,Colisão lateral,Sem Vítimas,Pleno dia,Crescente,Ceu Claro,Dupla,Reta,Urbano,2013,2,0,0,0,1,1,0,2
1251308,2013-02-08,Sexta,19:15:00,RN,226,133.0,CAMPO REDONDO,Não guardar distância de segurança,Colisão traseira,Sem Vítimas,Plena noite,Crescente,Ceu Claro,Simples,Reta,Rural,2013,2,0,0,0,2,0,0,2
1251428,2013-02-12,Terça,16:15:00,RN,226,41.0,MACAIBA,Falta de atenção,Colisão traseira,Sem Vítimas,Pleno dia,Decrescente,Ceu Claro,Simples,Cruzamento,Urbano,2013,2,0,0,0,2,0,0,2
1251521,2013-02-12,Terça,20:00:00,RN,101,165.0,CANGUARETAMA,Outras,Capotamento,Sem Vítimas,Plena noite,Decrescente,Ceu Claro,Dupla,Reta,Rural,2013,1,0,0,0,1,0,0,1
1251522,2013-02-12,Terça,09:00:00,RN,427,59.4,JARDIM DO SERIDO,Outras,Tombamento,Sem Vítimas,Pleno dia,Crescente,Ceu Claro,Simples,Curva,Rural,2013,4,0,0,0,4,0,0,1
1251529,2013-02-12,Terça,14:30:00,RN,101,66.5,CEARA-MIRIM,Outras,Colisão Transversal,Sem Vítimas,Pleno dia,Decrescente,Ceu Claro,Simples,Cruzamento,Rural,2013,2,0,0,0,2,0,0,2
1251558,2013-02-11,Segunda,08:00:00,RN,427,64.0,JARDIM DO SERIDO,Defeito mecânico em veículo,Saída de Pista,Com Vítimas Feridas,Pleno dia,Decrescente,Ceu Claro,Simples,Reta,Rural,2013,2,0,0,2,0,0,2,1
1251560,2013-02-08,Sexta,14:15:00,RN,101,83.2,NATAL,Outras,Colisão lateral,Sem Vítimas,Pleno dia,Decrescente,Ceu Claro,Dupla,Reta,Urbano,2013,2,0,0,0,2,0,0,2
1251611,2013-02-09,Sábado,16:30:00,RN,304,29.6,MACAIBA,Não guardar distância de segurança,Colisão traseira,Sem Vítimas,Pleno dia,Crescente,Ceu Claro,Simples,Reta,Urbano,2013,2,0,0,0,2,0,0,2
1251627,2013-02-08,Sexta,14:30:00,RN,101,101.9,PARNAMIRIM,Não guardar distância de segurança,Colisão traseira,Sem Vítimas,Pleno dia,Crescente,Ceu Claro,Dupla,Reta,Urbano,2013,4,0,0,0,4,0,0,4
1251641,2013-02-09,Sábado,08:15:00,RN,101,124.2,SAO JOSE DE MIPIBU,Falta de atenção,Colisão traseira,Sem Vítimas,Pleno dia,Decrescente,Sol,Múltipla,Reta,Urbano,2013,2,0,0,0,2,0,0,2
1251654,2013-02-13,Quarta,08:30:00,RN,406,165.0,SAO GONCALO DO AMARANTE,Defeito mecânico em veículo,Queda de motocicleta / bicicleta / veículo,Com Vítimas Feridas,Pleno dia,Crescente,Sol,Simples,Reta,Rural,2013,1,0,1,0,0,0,1,1
1251662,2013-02-13,Quarta,07:20:00,RN,101,79.2,SAO GONCALO DO AMARANTE,Outras,Colisão Transversal,Com Vítimas Feridas,Pleno dia,Crescente,Ceu Claro,Dupla,Reta,Rural,2013,3,0,2,0,1,0,2,2
1251751,2013-02-13,Quarta,11:20:00,RN,304,288.0,MACAIBA,Não guardar distância de segurança,Colisão traseira,Sem Vítimas,Pleno dia,Decrescente,Ceu Claro,Simples,Reta,Rural,2013,2,0,0,0,2,0,0,2
1251778,2013-02-13,Quarta,10:40:00,RN,101,81.0,SAO GONCALO DO AMARANTE,Não guardar distância de segurança,Colisão traseira,Com Vítimas Fatais,Pleno dia,Crescente,Sol,Dupla,Reta,Urbano,2013,3,1,0,1,1,0,1,2
1251800,2013-02-09,Sábado,11:00:00,RN,101,83.3,NATAL,Falta de atenção,Colisão traseira,Sem Vítimas,Pleno dia,Crescente,Sol,Dupla,Reta,Urbano,2013,2,0,0,0,2,0,0,2
1251830,2013-02-12,Terça,15:00:00,RN,405,152.0,PAU DOS FERROS,Outras,Colisão frontal,Sem Vítimas,Pleno dia,Crescente,Sol,Simples,Reta,Urbano,2013,2,0,0,0,2,0,0,2
1251929,2013-02-13,Quarta,16:20:00,RN,101,124.9,SAO JOSE DE MIPIBU,Falta de atenção,Colisão traseira,Sem Vítimas,Pleno dia,Decrescente,Ceu Claro,Dupla,Cruzamento,Urbano,2013,2,0,0,0,2,0,0,2
1251946,2013-02-13,Quarta,16:55:00,RN,101,122.8,SAO JOSE DE MIPIBU,Outras,Atropelamento de pessoa,Com Vítimas Feridas,Pleno dia,Decrescente,Nublado,Dupla,Reta,Urbano,2013,2,0,0,1,1,0,1,1
1252008,2013-02-13,Quarta,14:50:00,RN,101,99.5,NATAL,Falta de atenção,Colisão traseira,Sem Vítimas,Pleno dia,Decrescente,Ceu Claro,Dupla,Reta,Urbano,2013,2,0,0,0,2,0,0,2
1252057,2013-02-13,Quarta,15:20:00,RN,101,98.2,NATAL,Falta de atenção,Colisão traseira,Sem Vítimas,Pleno dia,Decrescente,Sol,Múltipla,Reta,Urbano,2013,2,0,0,0,2,0,0,2
1252065,2013-02-12,Terça,17:30:00,RN,304,284.6,MACAIBA,Desobediência à sinalização,Colisão frontal,Com Vítimas Fatais,Pleno dia,Decrescente,Ceu Claro,Simples,Reta,Urbano,2013,5,2,1,1,1,0,2,2
1252180,2013-02-13,Quarta,09:00:00,RN,427,21.5,ACARI,Dormindo,Colisão traseira,Sem Vítimas,Pleno dia,Crescente,Ceu Claro,Simples,Reta,Rural,2013,2,0,0,0,2,0,0,2
1252297,2013-02-11,Segunda,18:50:00,RN,304,44.0,MOSSORO,Falta de atenção,Colisão lateral,Com Vítimas Feridas,Plena noite,Crescente,Ceu Claro,Dupla,Reta,Urbano,2013,2,0,0,1,0,1,1,2
1252336,2013-02-09,Sábado,11:40:00,RN,226,69.9,SERRA CAIADA,Falta de atenção,Saída de Pista,Sem Vítimas,Pleno dia,Decrescente,Ceu Claro,Simples,Curva,Urbano,2013,2,0,0,0,2,0,0,2
1252395,2013-02-09,Sábado,00:40:00,RN,226,33.0,MACAIBA,Outras,Capotamento,Ignorado,Plena noite,Decrescente,Ceu Claro,Simples,Reta,Rural,2013,1,0,0,0,0,1,0,1
1252407,2013-02-14,Quinta,08:30:00,RN,101,108.5,PARNAMIRIM,Falta de atenção,Colisão Transversal,Com Vítimas Feridas,Pleno dia,Decrescente,Sol,Dupla,Cruzamento,Urbano,2013,2,0,0,1,1,0,1,2
1252431,2013-02-10,Domingo,16:30:00,RN,406,33.9,GUAMARE,Falta de atenção,Capotamento,Com Vítimas Feridas,Pleno dia,Crescente,Ceu Claro,Simples,Reta,Urbano,2013,2,0,1,0,1,0,1,1
1252466,2013-02-14,Quinta,11:50:00,RN,101,81.1,NATAL,Desobediência à sinalização,Colisão Transversal,Sem Vítimas,Pleno dia,Decrescente,Ceu Claro,Dupla,Reta,Urbano,2013,3,0,0,0,3,0,0,3
1252488,2013-02-08,Sexta,17:20:00,RN,101,101.9,PARNAMIRIM,Não guardar distância de segurança,Colisão traseira,Sem Vítimas,Pleno dia,Crescente,Ceu Claro,Dupla,Reta,Urbano,2013,2,0,0,0,2,0,0,2
1252681,2013-02-10,Domingo,14:00:00,RN,101,168.5,BAIA FORMOSA,Defeito mecânico em veículo,Capotamento,Sem Vítimas,Pleno dia,Decrescente,Sol,Dupla,Reta,Rural,2013,1,0,0,0,1,0,0,1
1252693,2013-02-14,Quinta,17:45:00,RN,406,169.1,SAO GONCALO DO AMARANTE,Outras,Atropelamento de pessoa,Com Vítimas Feridas,Anoitecer,Decrescente,Ceu Claro,Dupla,Reta,Urbano,2013,2,0,1,1,0,0,2,1
1252723,2013-02-14,Quinta,11:50:00,RN,110,50.0,MOSSORO,Velocidade incompatível,Colisão lateral,Com Vítimas Feridas,Pleno dia,Crescente,Ceu Claro,Múltipla,Reta,Urbano,2013,2,0,1,0,0,1,1,2
1252791,2013-02-14,Quinta,19:30:00,RN,304,34.3,MOSSORO,Não guardar distância de segurança,Colisão traseira,Sem Vítimas,Plena noite,Crescente,Chuva,Simples,Reta,Urbano,2013,2,0,0,0,2,0,0,2
1252868,2013-02-15,Sexta,07:50:00,RN,101,84.7,SAO GONCALO DO AMARANTE,Não guardar distância de segurança,Colisão traseira,Sem Vítimas,Pleno dia,Crescente,Ceu Claro,Dupla,Reta,Urbano,2013,2,0,0,0,2,0,0,2
1252964,2013-02-07,Quinta,11:26:00,RN,101,82.8,SAO GONCALO DO AMARANTE,Falta de atenção,Colisão traseira,Sem Vítimas,Plena noite,Crescente,Ceu Claro,Dupla,Reta,Urbano,2013,2,0,0,0,2,0,0,2
1252982,2013-02-03,Domingo,18:00:00,RN,101,97.0,NATAL,Falta de atenção,Colisão lateral,Sem Vítimas,Anoitecer,Decrescente,Ceu Claro,Múltipla,Cruzamento,Urbano,2013,2,0,0,0,2,0,0,2
1252999,2013-02-15,Sexta,11:00:00,RN,101,95.0,NATAL,Falta de atenção,Colisão Transversal,Com Vítimas Feridas,Pleno dia,Decrescente,Ceu Claro,Múltipla,Cruzamento,Urbano,2013,2,0,1,0,1,0,1,2
1253030,2013-01-30,Quarta,06:20:00,RN,406,117.0,POCO BRANCO,Não guardar distância de segurança,Colisão traseira,Com Vítimas Feridas,Pleno dia,Crescente,Sol,Simples,Reta,Rural,2013,3,0,2,0,0,1,2,2
1253124,2013-01-30,Quarta,18:30:00,RN,101,83.0,NATAL,Falta de atenção,Colisão lateral,Sem Vítimas,Plena noite,Decrescente,Ceu Claro,Dupla,Reta,Urbano,2013,2,0,0,0,2,0,0,2
1253205,2013-02-15,Sexta,08:30:00,RN,101,107.6,PARNAMIRIM,Outras,Colisão frontal,Sem Vítimas,Pleno dia,Decrescente,Sol,Dupla,Reta,Urbano,2013,2,0,0,0,1,1,0,2
1253225,2013-02-15,Sexta,11:00:00,RN,101,135.9,SAO JOSE DE MIPIBU,Outras,Capotamento,Com Vítimas Feridas,Pleno dia,Decrescente,Chuva,Dupla,Curva,Rural,2013,1,0,0,1,0,0,1,1
1253350,2013-02-14,Quinta,11:05:00,RN,101,97.0,NATAL,Falta de atenção,Colisão traseira,Sem Vítimas,Pleno dia,Crescente,Ceu Claro,Múltipla,Cruzamento,Urbano,2013,2,0,0,0,2,0,0,2
1253434,2013-02-16,Sábado,08:10:00,RN,101,108.0,PARNAMIRIM,Ingestão de álcool,Colisão lateral,Sem Vítimas,Pleno dia,Crescente,Ceu Claro,Dupla,Reta,Urbano,2013,2,0,0,0,2,0,0,2
1253444,2013-02-16,Sábado,10:20:00,RN,101,102.2,PARNAMIRIM,Falta de atenção,Colisão traseira,Sem Vítimas,Pleno dia,Decrescente,Ceu Claro,Dupla,Reta,Urbano,2013,2,0,0,0,2,0,0,2
1253461,2013-02-16,Sábado,08:10:00,RN,101,108.0,PARNAMIRIM,Falta de atenção,Colisão lateral,Sem Vítimas,Pleno dia,Crescente,Ceu Claro,Dupla,Reta,Urbano,2013,2,0,0,0,2,0,0,2