id,data_inversa,dia_semana,horario,uf,br,km,municipio,causa_acidente,tipo_acidente,classificacao_acidente,fase_dia,sentido_via,condicao_metereologica,tipo_pista,tracado_via,uso_solo,ano,pessoas,mortos,feridos_leves,feridos_graves,ilesos,ignorados,feridos,veiculos
1253688,2013-02-16,Sábado,20:15:00,RN,226,91.5,TANGARA,Defeito mecânico em veículo,Colisão frontal,Com Vítimas Feridas,Plena noite,Crescente,Ceu Claro,Simples,Reta,Rural,2013,3,0,0,1,2,0,1,2
1253708,2013-02-16,Sábado,08:50:00,RN,101,95.8,NATAL,Falta de atenção,Colisão traseira,Sem Vítimas,Pleno dia,Decrescente,Ceu Claro,Dupla,Reta,Urbano,2013,2,0,0,0,2,0,0,2
1253834,2013-02-13,Quarta,10:00:00,RN,101,81.0,SAO GONCALO DO AMARANTE,Não guardar distância de segurança,Colisão traseira,Com Vítimas Feridas,Pleno dia,Crescente,Ceu Claro,Dupla,Reta,Urbano,2013,2,0,1,0,1,0,1,2
1253922,2013-02-14,Quinta,13:40:00,RN,304,158.2,ANGICOS,Animais na Pista,Atropelamento de animal,Sem Vítimas,Pleno dia,Crescente,Nublado,Simples,Curva,Urbano,2013,1,0,0,0,1,0,0,1
1253953,2013-02-17,Domingo,14:00:00,RN,101,103.0,PARNAMIRIM,Outras,Colisão traseira,Sem Vítimas,Pleno dia,Crescente,Nevoeiro/neblina,Dupla,Reta,Urbano,2013,2,0,0,0,2,0,0,2
1253958,2013-02-05,Terça,12:32:00,RN,101,84.0,NATAL,Falta de atenção,Colisão traseira,Sem Vítimas,Pleno dia,Crescente,Sol,Múltipla,Curva,Urbano,2013,3,0,0,0,3,0,0,3
1253978,2013-02-13,Quarta,14:25:00,RN,304,33.0,MOSSORO,Falta de atenção,Colisão traseira,Com Vítimas Feridas,Pleno dia,Decrescente,Ceu Claro,Simples,Reta,Urbano,2013,2,0,1,0,1,0,1,2
1253993,2013-02-17,Domingo,15:40:00,RN,101,105.7,PARNAMIRIM,Outras,Colisão lateral,Com Vítimas Feridas,Pleno dia,Decrescente,Nublado,Dupla,Reta,Urbano,2013,2,0,1,0,0,1,1,2
1254036,2013-02-13,Quarta,11:10:00,RN,304,34.0,MOSSORO,Falta de atenção,Colisão traseira,Sem Vítimas,Pleno dia,Crescente,Ceu Claro,Simples,Curva,Urbano,2013,2,0,0,0,2,0,0,2
1254038,2013-02-17,Domingo,08:15:00,RN,101,156.2,GOIANINHA,Outras,Colisão traseira,Sem Vítimas,Pleno dia,Decrescente,Chuva,Dupla,Reta,Rural,2013,2,0,0,0,2,0,0,2
1254155,2013-02-17,Domingo,18:30:00,RN,101,95.2,NATAL,Outras,Colisão lateral,Sem Vítimas,Plena noite,Crescente,Nublado,Múltipla,Cruzamento,Urbano,2013,2,0,0,0,2,0,0,2
1254185,2013-02-17,Domingo,13:00:00,RN,427,19.7,ACARI,Defeito mecânico em veículo,Capotamento,Com Vítimas Feridas,Pleno dia,Decrescente,Ceu Claro,Simples,Reta,Rural,2013,2,0,1,0,1,0,1,1
1254285,2013-02-14,Quinta,17:00:00,RN,101,98.5,NATAL,Outras,Queda de motocicleta / bicicleta / veículo,Com Vítimas Feridas,Pleno dia,Crescente,Ceu Claro,Múltipla,Reta,Urbano,2013,2,0,1,0,1,0,1,2
1254291,2013-02-15,Sexta,09:20:00,RN,101,97.9,NATAL,Ultrapassagem indevida,Queda de motocicleta / bicicleta / veículo,Com Vítimas Feridas,Pleno dia,Decrescente,Ceu Claro,Dupla,Reta,Urbano,2013,2,0,0,1,1,0,1,2
1254433,2013-02-18,Segunda,10:15:00,RN,101,97.7,NATAL,Defeito mecânico em veículo,Queda de motocicleta / bicicleta / veículo,Com Vítimas Feridas,Pleno dia,Decrescente,Nublado,Dupla,Reta,Urbano,2013,2,0,1,0,1,0,1,2
1254436,2013-02-18,Segunda,09:00:00,RN,101,98.6,NATAL,Não guardar distância de segurança,Colisão traseira,Com Vítimas Feridas,Pleno dia,Decrescente,Sol,Dupla,Reta,Urbano,2013,4,0,1,0,3,0,1,3
1254514,2013-02-18,Segunda,10:30:00,RN,110,40.5,MOSSORO,Defeito mecânico em veículo,Colisão com objeto móvel,Sem Vítimas,Pleno dia,Decrescente,Sol,Simples,Reta,Rural,2013,2,0,0,0,2,0,0,2
1254562,2013-02-18,Segunda,12:30:00,RN,101,97.1,NATAL,Defeito mecânico em veículo,Colisão traseira,Sem Vítimas,Pleno dia,Crescente,Sol,Múltipla,Reta,Urbano,2013,2,0,0,0,2,0,0,2
1254567,2013-02-18,Segunda,17:40:00,RN,101,75.5,NATAL,Desobediência à sinalização,Colisão Transversal,Sem Vítimas,Anoitecer,Decrescente,Nublado,Dupla,Reta,Urbano,2013,2,0,0,0,1,1,0,2
1254581,2013-02-18,Segunda,10:30:00,RN,101,116.0,SAO JOSE DE MIPIBU,Falta de atenção,Colisão traseira,Com Vítimas Feridas,Pleno dia,Decrescente,Sol,Dupla,Cruzamento,Rural,2013,2,0,1,0,1,0,1,2
1254605,2013-02-18,Segunda,19:05:00,RN,101,100.8,PARNAMIRIM,Não guardar distância de segurança,Colisão traseira,Sem Vítimas,Plena noite,Decrescente,Chuva,Dupla,Reta,Urbano,2013,2,0,0,0,1,1,0,2
1254609,2013-02-16,Sábado,19:30:00,RN,101,98.0,NATAL,Outras,Colisão traseira,Sem Vítimas,Plena noite,Decrescente,Ceu Claro,Dupla,Reta,Urbano,2013,2,0,0,0,2,0,0,2
1254634,2013-02-14,Quinta,19:10:00,RN,110,45.6,MOSSORO,Outras,Queda de motocicleta / bicicleta / veículo,Com Vítimas Feridas,Plena noite,Crescente,Chuva,Simples,Reta,Urbano,2013,2,0,2,0,0,0,2,1
1254641,2013-02-18,Segunda,08:45:00,RN,101,96.6,NATAL,Não guardar distância de segurança,Colisão traseira,Sem Vítimas,Pleno dia,Decrescente,Sol,Múltipla,Reta,Urbano,2013,2,0,0,0,2,0,0,2
1254664,2013-02-15,Sexta,21:00:00,RN,101,153.0,CANGUARETAMA,Animais na Pista,Atropelamento de animal,Sem Vítimas,Plena noite,Decrescente,Ceu Claro,Dupla,Reta,Rural,2013,3,0,0,0,3,0,0,3
1254674,2013-02-18,Segunda,15:30:00,RN,304,34.5,MOSSORO,Defeito na via,Danos Eventuais,Sem Vítimas,Pleno dia,Crescente,Nublado,Dupla,Reta,Urbano,2013,1,0,0,0,1,0,0,1
1254784,2013-02-16,Sábado,07:40:00,RN,101,97.8,NATAL,Falta de atenção,Colisão traseira,Com Vítimas Feridas,Plena noite,Decrescente,Ceu Claro,Dupla,Reta,Urbano,2013,2,0,0,1,1,0,1,2
1254816,2013-02-16,Sábado,18:50:00,RN,110,49.5,MOSSORO,Falta de atenção,Colisão Transversal,Com Vítimas Feridas,Plena noite,Decrescente,Nublado,Simples,Cruzamento,Urbano,2013,3,0,1,1,1,0,2,2
1254826,2013-02-19,Terça,09:00:00,RN,101,96.8,NATAL,Não guardar distância de segurança,Colisão traseira,Sem Vítimas,Pleno dia,Crescente,Ceu Claro,Dupla,Reta,Urbano,2013,2,0,0,0,2,0,0,2
1254865,2013-02-19,Terça,06:50:00,RN,101,98.5,NATAL,Falta de atenção,Colisão traseira,Sem Vítimas,Pleno dia,Decrescente,Ceu Claro,Dupla,Reta,Urbano,2013,2,0,0,0,2,0,0,2
1254934,2013-02-10,Domingo,16:10:00,RN,406,71.8,JANDAIRA,Defeito mecânico em veículo,Capotamento,Com Vítimas Fatais,Pleno dia,Decrescente,Ceu Claro,Simples,Reta,Rural,2013,7,1,2,4,0,0,6,1
1255057,2013-02-19,Terça,18:00:00,RN,101,84.5,SAO GONCALO DO AMARANTE,Outras,Colisão lateral,Com Vítimas Feridas,Plena noite,Crescente,Ceu Claro,Simples,Reta,Urbano,2013,3,0,0,1,1,1,1,3
1255082,2013-02-19,Terça,17:10:00,RN,101,99.0,NATAL,Falta de atenção,Colisão Transversal,Sem Vítimas,Pleno dia,Decrescente,Ceu Claro,Dupla,Reta,Urbano,2013,2,0,0,0,2,0,0,2
1255251,2013-02-08,Sexta,16:30:00,RN,405,7.2,MOSSORO,Ingestão de álcool,Colisão Transversal,Com Vítimas Feridas,Pleno dia,Crescente,Ceu Claro,Simples,Reta,Rural,2013,5,0,2,0,3,0,2,2
1255264,2013-02-20,Quarta,08:40:00,RN,304,47.7,MOSSORO,Falta de atenção,Colisão traseira,Sem Vítimas,Pleno dia,Crescente,Sol,Dupla,Cruzamento,Urbano,2013,2,0,0,0,2,0,0,2
1255288,2013-02-20,Quarta,07:00:00,RN,101,96.8,NATAL,Falta de atenção,Colisão traseira,Sem Vítimas,Pleno dia,Decrescente,Sol,Dupla,Reta,Urbano,2013,2,0,0,0,2,0,0,2
1255356,2013-02-18,Segunda,12:00:00,RN,101,95.3,NATAL,Outras,Colisão lateral,Sem Vítimas,Pleno dia,Crescente,Ceu Claro,Simples,Reta,Urbano,2013,2,0,0,0,1,1,0,2
1255382,2013-02-20,Quarta,13:50:00,RN,101,100.0,NATAL,Outras,Colisão traseira,Sem Vítimas,Pleno dia,Decrescente,Sol,Dupla,Cruzamento,Urbano,2013,2,0,0,0,2,0,0,2
1255401,2013-02-20,Quarta,10:50:00,RN,405,1.1,MOSSORO,Ingestão de álcool,Colisão Transversal,Com Vítimas Feridas,Pleno dia,Crescente,Ceu Claro,Dupla,Reta,Urbano,2013,2,0,0,2,0,0,2,2
1255450,2013-02-20,Quarta,12:00:00,RN,304,45.0,MOSSORO,Falta de atenção,Colisão traseira,Com Vítimas Feridas,Pleno dia,Decrescente,Sol,Dupla,Curva,Urbano,2013,2,0,1,0,1,0,1,2
1255464,2013-02-20,Quarta,18:20:00,RN,304,305.0,PARNAMIRIM,Falta de atenção,Colisão lateral,Sem Vítimas,Plena noite,Crescente,Nublado,Dupla,Cruzamento,Urbano,2013,2,0,0,0,2,0,0,2
1255480,2013-02-20,Quarta,18:00:00,RN,101,96.0,NATAL,Não guardar distância de segurança,Colisão traseira,Sem Vítimas,Plena noite,Crescente,Nublado,Múltipla,Reta,Urbano,2013,4,0,0,0,4,0,0,4
1255517,2013-02-20,Quarta,19:30:00,RN,101,84.0,NATAL,Falta de atenção,Colisão traseira,Sem Vítimas,Plena noite,Decrescente,Chuva,Dupla,Reta,Urbano,2013,2,0,0,0,2,0,0,2
1255544,2013-02-20,Quarta,18:20:00,RN,101,85.0,NATAL,Falta de atenção,Colisão traseira,Sem Vítimas,Plena noite,Decrescente,Chuva,Dupla,Reta,Urbano,2013,4,0,0,0,4,0,0,4
1255575,2013-02-20,Quarta,23:00:00,RN,101,119.9,SAO JOSE DE MIPIBU,Animais na Pista,Atropelamento de animal,Sem Vítimas,Plena noite,Decrescente,Nublado,Dupla,Reta,Rural,2013,1,0,0,0,1,0,0,1
1255593,2013-02-20,Quarta,22:30:00,RN,101,82.0,SAO GONCALO DO AMARANTE,Não guardar distância de segurança,Colisão traseira,Sem Vítimas,Plena noite,Crescente,Chuva,Dupla,Cruzamento,Urbano,2013,2,0,0,0,2,0,0,2
1255677,2013-02-18,Segunda,06:15:00,RN,101,107.7,PARNAMIRIM,Não guardar distância de segurança,Colisão traseira,Sem Vítimas,Pleno dia,Decrescente,Nublado,Dupla,Reta,Urbano,2013,2,0,0,0,2,0,0,2
1255717,2013-02-21,Quinta,08:45:00,RN,304,38.5,MOSSORO,Falta de atenção,Colisão Transversal,Sem Vítimas,Pleno dia,Decrescente,Ceu Claro,Dupla,Reta,Urbano,2013,2,0,0,0,2,0,0,2
1255720,2013-02-21,Quinta,07:20:00,RN,101,99.5,NATAL,Falta de atenção,Colisão lateral,Com Vítimas Feridas,Pleno dia,Decrescente,Ceu Claro,Dupla,Reta,Urbano,2013,2,0,1,0,1,0,1,2
1255735,2013-02-13,Quarta,11:40:00,RN,101,103.5,PARNAMIRIM,Falta de atenção,Colisão traseira,Sem Vítimas,Pleno dia,Crescente,Ceu Claro,Dupla,Reta,Urbano,2013,2,0,0,0,2,0,0,2
1255789,2013-02-17,Domingo,15:55:00,RN,304,35.0,MOSSORO,Falta de atenção,Colisão lateral,Com Vítimas Feridas,Pleno dia,Crescente,Nublado,Dupla,Curva,Urbano,2013,3,0,3,0,0,0,3,2
1255909,2013-02-17,Domingo,19:00:00,RN,304,297.0,MACAIBA,Falta de atenção,Colisão com bicicleta,Com Vítimas Feridas,Anoitecer,Decrescente,Ceu Claro,Simples,Cruzamento,Urbano,2013,2,0,0,1,0,1,1,2
1255917,2013-02-21,Quinta,16:00:00,RN,101,8.2,SAO GONCALO DO AMARANTE,Falta de atenção,Colisão traseira,Com Vítimas Feridas,Pleno dia,Crescente,Sol,Dupla,Reta,Urbano,2013,2,0,1,0,1,0,1,2
1255938,2013-02-21,Quinta,13:30:00,RN,101,104.0,PARNAMIRIM,Falta de atenção,Colisão Transversal,Sem Vítimas,Pleno dia,Decrescente,Ceu Claro,Dupla,Cruzamento,Urbano,2013,2,0,0,0,2,0,0,2
1255953,2013-02-21,Quinta,07:05:00,RN,101,108.5,PARNAMIRIM,Desobediência à sinalização,Colisão Transversal,Com Vítimas Feridas,Pleno dia,Crescente,Ceu Claro,Dupla,Cruzamento,Urbano,2013,2,0,1,0,1,0,1,2
1255966,2013-02-21,Quinta,14:30:00,RN,101,83.0,NATAL,Falta de atenção,Colisão traseira,Sem Vítimas,Pleno dia,Crescente,Sol,Dupla,Reta,Urbano,2013,3,0,0,0,3,0,0,3
1255998,2013-02-21,Quinta,13:10:00,RN,101,96.8,NATAL,Ultrapassagem indevida,Colisão lateral,Sem Vítimas,Pleno dia,Crescente,Ceu Claro,Dupla,Reta,Urbano,2013,2,0,0,0,2,0,0,2
1256093,2013-02-21,Quinta,18:15:00,RN,406,151.2,CEARA-MIRIM,Outras,Colisão Transversal,Com Vítimas Feridas,Plena noite,Decrescente,Vento,Simples,Reta,Urbano,2013,2,0,1,0,1,0,1,2
1256217,2013-02-22,Sexta,05:45:00,RN,304,232.2,RIACHUELO,Dormindo,Colisão Transversal,Com Vítimas Fatais,Amanhecer,Crescente,Ceu Claro,Simples,Reta,Rural,2013,3,2,0,0,1,0,0,2
1256226,2013-02-22,Sexta,04:00:00,RN,405,125.4,TABOLEIRO GRANDE,Dormindo,Saída de Pista,Com Vítimas Feridas,Amanhecer,Crescente,Ceu Claro,Simples,Curva,Rural,2013,1,0,1,0,0,0,1,1
1256229,2013-02-22,Sexta,09:10:00,RN,101,106.0,PARNAMIRIM,Não guardar distância de segurança,Colisão traseira,Sem Vítimas,Pleno dia,Decrescente,Sol,Dupla,Cruzamento,Urbano,2013,2,0,0,0,2,0,0,2
1256230,2013-02-22,Sexta,10:00:00,RN,101,94.4,NATAL,Desobediência à sinalização,Colisão lateral,Sem Vítimas,Pleno dia,Decrescente,Ceu Claro,Múltipla,Cruzamento,Urbano,2013,2,0,0,0,2,0,0,2
1256319,2013-02-22,Sexta,13:00:00,RN,110,47.3,MOSSORO,Não guardar distância de segurança,Colisão traseira,Sem Vítimas,Pleno dia,Crescente,Ceu Claro,Simples,Reta,Urbano,2013,2,0,0,0,2,0,0,2
1256362,2013-02-22,Sexta,14:35:00,RN,101,84.3,NATAL,Não guardar distância de segurança,Colisão traseira,Sem Vítimas,Pleno dia,Crescente,Ceu Claro,Dupla,Curva,Urbano,2013,2,0,0,0,2,0,0,2
1256448,2013-02-22,Sexta,17:05:00,RN,101,106.8,PARNAMIRIM,Falta de atenção,Colisão traseira,Sem Vítimas,Pleno dia,Crescente,Ceu Claro,Dupla,Reta,Urbano,2013,2,0,0,0,2,0,0,2
1256524,2013-02-22,Sexta,21:22:00,RN,110,47.0,MOSSORO,Desobediência à sinalização,Colisão Transversal,Com Vítimas Feridas,Plena noite,Decrescente,Ceu Claro,Dupla,Cruzamento,Urbano,2013,2,0,1,0,0,1,1,2
1256584,2013-02-22,Sexta,19:15:00,RN,101,159.9,CANGUARETAMA,Não guardar distância de segurança,Colisão traseira,Sem Vítimas,Pleno dia,Crescente,Ceu Claro,Dupla,Reta,Urbano,2013,2,0,0,0,2,0,0,2
1256608,2013-02-23,Sábado,03:40:00,RN,101,109.3,PARNAMIRIM,Falta de atenção,Colisão lateral,Com Vítimas Feridas,Plena noite,Decrescente,Ceu Claro,Dupla,Cruzamento,Urbano,2013,2,0,1,0,1,0,1,2
1256611,2013-02-23,Sábado,02:30:00,RN,101,107.0,PARNAMIRIM,Falta de atenção,Colisão traseira,Com Vítimas Feridas,Plena noite,Decrescente,Ignorada,Dupla,Cruzamento,Urbano,2013,2,0,1,0,1,0,1,2
1256639,2013-02-20,Quarta,20:30:00,RN,101,97.4,NATAL,Não guardar distância de segurança,Colisão traseira,Sem Vítimas,Plena noite,Crescente,Vento,Dupla,Reta,Urbano,2013,2,0,0,0,2,0,0,2
1256650,2013-02-22,Sexta,00:00:00,RN,101,163.8,CANGUARETAMA,Falta de atenção,Colisão traseira,Sem Vítimas,Plena noite,Decrescente,Vento,Dupla,Reta,Rural,2013,2,0,0,0,2,0,0,2
1256656,2013-02-21,Quinta,21:15:00,RN,101,127.0,SAO JOSE DE MIPIBU,Outras,Capotamento,Sem Vítimas,Plena noite,Crescente,Chuva,Dupla,Reta,Rural,2013,2,0,0,0,1,1,0,2
1256713,2013-02-21,Quinta,18:10:00,RN,101,96.5,NATAL,Outras,Colisão lateral,Sem Vítimas,Anoitecer,Crescente,Ceu Claro,Múltipla,Curva,Urbano,2013,2,0,0,0,2,0,0,2
1256756,2013-02-18,Segunda,00:05:00,RN,304,61.7,MOSSORO,Outras,Saída de Pista,Com Vítimas Fatais,Plena noite,Decrescente,Ceu Claro,Simples,Reta,Rural,2013,2,1,0,1,0,0,1,1
1256797,2013-02-23,Sábado,14:05:00,RN,101,103.4,PARNAMIRIM,Falta de atenção,Colisão traseira,Sem Vítimas,Pleno dia,Decrescente,Ceu Claro,Dupla,Cruzamento,Urbano,2013,2,0,0,0,2,0,0,2
1256809,2013-02-23,Sábado,11:15:00,RN,427,122.4,TIMBAUBA DOS BATISTAS,Animais na Pista,Saída de Pista,Sem Vítimas,Pleno dia,Crescente,Ceu Claro,Simples,Reta,Rural,2013,1,0,0,0,1,0,0,1
1256819,2013-02-19,Terça,13:25:00,RN,304,37.9,MOSSORO,Falta de atenção,Colisão Transversal,Com Vítimas Feridas,Pleno dia,Decrescente,Ceu Claro,Simples,Reta,Urbano,2013,2,0,1,0,1,0,1,2
1256872,2013-02-23,Sábado,15:10:00,RN,101,97.8,NATAL,Desobediência à sinalização,Colisão traseira,Com Vítimas Feridas,Pleno dia,Crescente,Ceu Claro,Múltipla,Reta,Urbano,2013,2,0,1,0,1,0,1,2
1256886,2013-02-23,Sábado,08:30:00,RN,101,99.9,NATAL,Falta de atenção,Colisão lateral,Sem Vítimas,Pleno dia,Crescente,Ceu Claro,Dupla,Reta,Urbano,2013,2,0,0,0,2,0,0,2
1256889,2013-02-23,Sábado,15:30:00,RN,226,2.8,NATAL,Falta de atenção,Colisão traseira,Sem Vítimas,Pleno dia,Decrescente,Sol,Simples,Reta,Urbano,2013,2,0,0,0,2,0,0,2
1256903,2013-02-23,Sábado,16:40:00,RN,101,99.5,NATAL,Não guardar distância de segurança,Colisão traseira,Sem Vítimas,Pleno dia,Decrescente,Ceu Claro,Dupla,Reta,Urbano,2013,2,0,0,0,2,0,0,2
1256904,2013-02-23,Sábado,19:00:00,RN,226,169.0,CURRAIS NOVOS,Outras,Queda de motocicleta / bicicleta / veículo,Com Vítimas Feridas,Plena noite,Crescente,Ceu Claro,Simples,Curva,Rural,2013,1,0,1,0,0,0,1,1
1256935,2013-02-23,Sábado,16:00:00,RN,101,83.0,SAO GONCALO DO AMARANTE,Falta de atenção,Colisão traseira,Sem Vítimas,Pleno dia,Crescente,Ceu Claro,Dupla,Reta,Urbano,2013,2,0,0,0,2,0,0,2
1256995,2013-02-23,Sábado,20:45:00,RN,101,124.2,SAO JOSE DE MIPIBU,Outras,Colisão com objeto fixo,Com Vítimas Fatais,Plena noite,Decrescente,Ceu Claro,Múltipla,Reta,Urbano,2013,2,1,0,0,1,0,0,2
1257016,2013-02-23,Sábado,13:15:00,RN,405,61.0,FELIPE GUERRA,Outras,Colisão frontal,Com Vítimas Fatais,Pleno dia,Crescente,Ceu Claro,Simples,Reta,Rural,2013,2,1,0,0,1,0,0,2
1257063,2013-02-21,Quinta,09:00:00,RN,101,99.8,NATAL,Não guardar distância de segurança,Colisão traseira,Sem Vítimas,Pleno dia,Decrescente,Ceu Claro,Dupla,Reta,Urbano,2013,2,0,0,0,2,0,0,2
1257100,2013-02-21,Quinta,06:30:00,RN,110,46.3,MOSSORO,Falta de atenção,Colisão traseira,Com Vítimas Feridas,Pleno dia,Decrescente,Ceu Claro,Simples,Reta,Urbano,2013,2,0,0,1,1,0,1,2
1257134,2013-02-23,Sábado,16:05:00,RN,101,96.4,NATAL,Outras,Atropelamento de pessoa,Com Vítimas Feridas,Pleno dia,Decrescente,Ceu Claro,Dupla,Reta,Urbano,2013,2,0,0,1,1,0,1,1
1257339,2013-02-24,Domingo,17:00:00,RN,101,99.0,NATAL,Falta de atenção,Colisão lateral,Com Vítimas Feridas,Pleno dia,Decrescente,Ceu Claro,Simples,Reta,Urbano,2013,2,0,1,0,1,0,1,2
1257390,2013-02-24,Domingo,21:15:00,RN,427,143.2,SERRA NEGRA DO NORTE,Outras,Atropelamento de pessoa,Com Vítimas Feridas,Plena noite,Crescente,Ceu Claro,Simples,Reta,Rural,2013,2,0,0,1,1,0,1,1
1257463,2013-02-22,Sexta,12:45:00,RN,226,111.5,SANTA CRUZ,Outras,Colisão Transversal,Sem Vítimas,Pleno dia,Crescente,Ceu Claro,Simples,Curva,Urbano,2013,2,0,0,0,1,1,0,2
1257493,2013-02-25,Segunda,07:15:00,RN,101,100.8,PARNAMIRIM,Não guardar distância de segurança,Colisão traseira,Sem Vítimas,Pleno dia,Decrescente,Sol,Múltipla,Reta,Urbano,2013,2,0,0,0,2,0,0,2
1257499,2013-02-25,Segunda,06:55:00,RN,304,295.7,MACAIBA,Falta de atenção,Colisão traseira,Com Vítimas Feridas,Pleno dia,Crescente,Sol,Simples,Reta,Urbano,2013,4,0,1,0,3,0,1,4
1257504,2013-02-23,Sábado,11:30:00,RN,110,46.0,MOSSORO,Não guardar distância de segurança,Colisão traseira,Sem Vítimas,Pleno dia,Crescente,Ceu Claro,Simples,Reta,Urbano,2013,2,0,0,0,1,1,0,2
1257512,2013-02-09,Sábado,08:30:00,RN,101,13.5,RIO DO FOGO,Defeito mecânico em veículo,Saída de Pista,Com Vítimas Feridas,Pleno dia,Decrescente,Sol,Simples,Reta,Rural,2013,1,0,1,0,0,0,1,1
1257557,2013-01-08,Terça,12:30:00,RN,101,106.3,PARNAMIRIM,Outras,Colisão lateral,Sem Vítimas,Pleno dia,Crescente,Sol,Dupla,Reta,Urbano,2013,2,0,0,0,2,0,0,2
1257575,2013-02-25,Segunda,09:45:00,RN,304,117.7,ASSU,Ultrapassagem indevida,Colisão lateral,Sem Vítimas,Pleno dia,Decrescente,Sol,Simples,Reta,Rural,2013,3,0,0,0,2,1,0,3
1257638,2013-02-25,Segunda,06:50:00,RN,406,168.0,SAO GONCALO DO AMARANTE,Falta de atenção,Colisão Transversal,Com Vítimas Feridas,Pleno dia,Crescente,Ceu Claro,Simples,Reta,Rural,2013,2,0,1,0,1,0,1,2
1257698,2013-02-21,Quinta,22:00:00,RN,101,138.5,ARES,Outras,Capotamento,Com Vítimas Feridas,Plena noite,Decrescente,Chuva,Dupla,Reta,Rural,2013,3,0,1,1,1,0,2,1
1257772,2013-02-25,Segunda,15:00:00,RN,101,99.0,NATAL,Desobediência à sinalização,Colisão traseira,Sem Vítimas,Pleno dia,Decrescente,Ceu Claro,Dupla,Cruzamento,Urbano,2013,2,0,0,0,2,0,0,2
1257784,2013-02-25,Segunda,18:00:00,RN,304,188.2,LAJES,Não guardar distância de segurança,Colisão traseira,Sem Vítimas,Anoitecer,Crescente,Ceu Claro,Simples,Reta,Rural,2013,2,0,0,0,2,0,0,2
1257788,2013-02-23,Sábado,12:30:00,RN,304,85.0,ASSU,Não guardar distância de segurança,Colisão traseira,Com Vítimas Feridas,Pleno dia,Crescente,Ceu Claro,Simples,Reta,Rural,2013,2,0,1,0,1,0,1,2
1257972,2013-02-24,Domingo,16:10:00,RN,101,108.0,PARNAMIRIM,Falta de atenção,Colisão com objeto fixo,Sem Vítimas,Pleno dia,Decrescente,Ceu Claro,Dupla,Reta,Urbano,2013,2,0,0,0,2,0,0,2
1258043,2013-02-23,Sábado,04:40:00,RN,101,109.1,PARNAMIRIM,Ingestão de álcool,Atropelamento de pessoa,Com Vítimas Feridas,Amanhecer,Decrescente,Ceu Claro,Dupla,Reta,Rural,2013,5,0,1,2,1,1,3,1
1258046,2013-02-26,Terça,08:40:00,RN,101,100.6,PARNAMIRIM,Defeito mecânico em veículo,Colisão traseira,Sem Vítimas,Pleno dia,Crescente,Ceu Claro,Múltipla,Reta,Urbano,2013,2,0,0,0,2,0,0,2
1258047,2013-02-26,Terça,07:50:00,RN,101,99.0,NATAL,Não guardar distância de segurança,Colisão traseira,Sem Vítimas,Pleno dia,Decrescente,Sol,Dupla,Reta,Urbano,2013,2,0,0,0,2,0,0,2
1258069,2013-02-23,Sábado,03:10:00,RN,304,44.1,MOSSORO,Falta de atenção,Colisão com objeto fixo,Com Vítimas Feridas,Plena noite,Decrescente,Ceu Claro,Dupla,Curva,Urbano,2013,1,0,0,1,0,0,1,1
1258092,2013-02-23,Sábado,05:00:00,RN,101,104.0,PARNAMIRIM,Outras,Colisão frontal,Com Vítimas Feridas,Amanhecer,Crescente,Ceu Claro,Dupla,Curva,Urbano,2013,2,0,1,0,1,0,1,2
1258235,2013-02-26,Terça,12:15:00,RN,226,3.4,NATAL,Falta de atenção,Colisão lateral,Sem Vítimas,Pleno dia,Decrescente,Ceu Claro,Simples,Reta,Urbano,2013,2,0,0,0,2,0,0,2
1258262,2013-02-26,Terça,07:10:00,RN,101,85.5,SAO GONCALO DO AMARANTE,Falta de atenção,Colisão traseira,Sem Vítimas,Pleno dia,Crescente,Ceu Claro,Dupla,Reta,Urbano,2013,5,0,0,0,5,0,0,5
1258301,2013-02-26,Terça,08:00:00,RN,427,119.9,CAICO,Animais na Pista,Capotamento,Sem Vítimas,Pleno dia,Crescente,Ceu Claro,Simples,Reta,Rural,2013,1,0,0,0,1,0,0,1
1258399,2013-02-23,Sábado,03:00:00,RN,304,43.9,MOSSORO,Ingestão de álcool,Colisão frontal,Com Vítimas Feridas,Plena noite,Crescente,Ceu Claro,Simples,Curva,Urbano,2013,3,0,2,0,0,1,2,2
1258516,2013-02-26,Terça,08:55:00,RN,304,117.8,ITAJA,Falta de atenção,Colisão Transversal,Com Vítimas Feridas,Pleno dia,Decrescente,Ceu Claro,Simples,Reta,Rural,2013,2,0,0,1,1,0,1,2
1258731,2013-02-27,Quarta,16:25:00,RN,101,94.4,NATAL,Falta de atenção,Colisão traseira,Sem Vítimas,Pleno dia,Decrescente,Sol,Múltipla,Reta,Urbano,2013,2,0,0,0,2,0,0,2
1258750,2013-02-27,Quarta,12:55:00,RN,101,96.0,NATAL,Falta de atenção,Colisão lateral,Sem Vítimas,Pleno dia,Decrescente,Ceu Claro,Múltipla,Reta,Urbano,2013,2,0,0,0,2,0,0,2
1258785,2013-02-27,Quarta,17:30:00,RN,101,97.0,NATAL,Desobediência à sinalização,Colisão Transversal,Com Vítimas Feridas,Pleno dia,Crescente,Ceu Claro,Múltipla,Cruzamento,Urbano,2013,3,0,1,0,2,0,1,2