id,data_inversa,dia_semana,horario,uf,br,km,municipio,causa_acidente,tipo_acidente,classificacao_acidente,fase_dia,sentido_via,condicao_metereologica,tipo_pista,tracado_via,uso_solo,ano,pessoas,mortos,feridos_leves,feridos_graves,ilesos,ignorados,feridos,veiculos
1258830,2013-02-24,Domingo,22:35:00,RN,406,169.5,SAO GONCALO DO AMARANTE,Ingestão de álcool,Colisão frontal,Com Vítimas Feridas,Plena noite,Decrescente,Ceu Claro,Simples,Reta,Rural,2013,5,0,1,2,1,1,3,3
1258857,2013-02-27,Quarta,18:30:00,RN,101,95.8,NATAL,Falta de atenção,Colisão lateral,Sem Vítimas,Plena noite,Crescente,Ceu Claro,Dupla,Reta,Urbano,2013,2,0,0,0,2,0,0,2
1258862,2013-02-23,Sábado,20:00:00,RN,101,107.0,PARNAMIRIM,Falta de atenção,Colisão traseira,Sem Vítimas,Plena noite,Crescente,Ceu Claro,Múltipla,Reta,Urbano,2013,2,0,0,0,2,0,0,2
1258971,2013-02-27,Quarta,19:00:00,RN,226,50.0,BOM JESUS,Animais na Pista,Atropelamento de animal,Com Vítimas Feridas,Plena noite,Crescente,Ceu Claro,Simples,Reta,Rural,2013,1,0,1,0,0,0,1,1
1258979,2013-02-27,Quarta,21:00:00,RN,405,68.5,FELIPE GUERRA,Outras,Saída de Pista,Sem Vítimas,Plena noite,Crescente,Ceu Claro,Simples,Reta,Rural,2013,1,0,0,0,1,0,0,1
1259045,2013-02-24,Domingo,17:15:00,RN,405,160.2,RAFAEL FERNANDES,Falta de atenção,Colisão traseira,Com Vítimas Feridas,Anoitecer,Decrescente,Ceu Claro,Simples,Reta,Urbano,2013,2,0,0,1,1,0,1,2
1259048,2013-02-24,Domingo,12:00:00,RN,101,97.0,NATAL,Outras,Colisão traseira,Com Vítimas Feridas,Pleno dia,Decrescente,Ceu Claro,Dupla,Reta,Urbano,2013,3,0,2,0,1,0,2,2
1259049,2013-02-27,Quarta,22:00:00,RN,304,185.6,LAJES,Animais na Pista,Atropelamento de animal,Com Vítimas Feridas,Plena noite,Crescente,Ceu Claro,Simples,Reta,Rural,2013,1,0,1,0,0,0,1,1
1259132,2013-02-24,Domingo,20:00:00,RN,304,31.0,MOSSORO,Falta de atenção,Colisão Transversal,Com Vítimas Feridas,Plena noite,Decrescente,Ceu Claro,Dupla,Reta,Urbano,2013,2,0,0,1,1,0,1,2
1259183,2013-02-28,Quinta,09:45:00,RN,226,0.1,NATAL,Falta de atenção,Colisão Transversal,Com Vítimas Feridas,Pleno dia,Decrescente,Ceu Claro,Dupla,Reta,Urbano,2013,2,0,1,0,1,0,1,2
1259190,2013-02-28,Quinta,13:00:00,RN,101,119.0,SAO JOSE DE MIPIBU,Falta de atenção,Colisão lateral,Sem Vítimas,Pleno dia,Decrescente,Ceu Claro,Dupla,Reta,Urbano,2013,2,0,0,0,2,0,0,2
1259199,2013-02-25,Segunda,00:00:00,RN,304,49.0,MOSSORO,Ingestão de álcool,Colisão frontal,Com Vítimas Feridas,Plena noite,Decrescente,Ceu Claro,Simples,Reta,Urbano,2013,2,0,1,0,1,0,1,2
1259310,2013-02-28,Quinta,10:30:00,RN,406,103.1,JOAO CAMARA,Outras,Colisão Transversal,Sem Vítimas,Pleno dia,Decrescente,Ceu Claro,Simples,Reta,Urbano,2013,2,0,0,0,2,0,0,2
1259322,2013-02-28,Quinta,19:30:00,RN,101,83.0,NATAL,Outras,Colisão lateral,Sem Vítimas,Plena noite,Decrescente,Ceu Claro,Dupla,Reta,Urbano,2013,2,0,0,0,2,0,0,2
1259358,2013-02-24,Domingo,18:20:00,RN,226,298.0,JANDUIS,Animais na Pista,Atropelamento de animal,Sem Vítimas,Plena noite,Crescente,Ceu Claro,Simples,Reta,Rural,2013,1,0,0,0,1,0,0,1
1259491,2013-03-01,Sexta,05:05:00,RN,101,83.1,SAO GONCALO DO AMARANTE,Falta de atenção,Colisão frontal,Com Vítimas Feridas,Amanhecer,Crescente,Nublado,Dupla,Reta,Urbano,2013,2,0,0,2,0,0,2,2
1259497,2013-02-27,Quarta,07:30:00,RN,101,106.0,PARNAMIRIM,Falta de atenção,Colisão lateral,Sem Vítimas,Pleno dia,Crescente,Ceu Claro,Dupla,Reta,Urbano,2013,2,0,0,0,2,0,0,2
1259518,2013-02-27,Quarta,18:15:00,RN,101,109.8,PARNAMIRIM,Não guardar distância de segurança,Colisão lateral,Sem Vítimas,Plena noite,Crescente,Ceu Claro,Dupla,Reta,Urbano,2013,2,0,0,0,2,0,0,2
1259692,2013-03-01,Sexta,07:55:00,RN,101,111.6,PARNAMIRIM,Outras,Colisão Transversal,Com Vítimas Feridas,Pleno dia,Crescente,Sol,Dupla,Reta,Rural,2013,2,0,1,0,1,0,1,2
1259710,2013-03-01,Sexta,13:50:00,RN,110,49.8,MOSSORO,Falta de atenção,Colisão lateral,Sem Vítimas,Pleno dia,Crescente,Ceu Claro,Simples,Reta,Urbano,2013,2,0,0,0,2,0,0,2
1259786,2013-03-01,Sexta,12:30:00,RN,101,94.1,NATAL,Falta de atenção,Colisão lateral,Sem Vítimas,Pleno dia,Decrescente,Sol,Simples,Curva,Urbano,2013,2,0,0,0,2,0,0,2
1259827,2013-03-01,Sexta,17:00:00,RN,406,150.0,CEARA-MIRIM,Falta de atenção,Colisão traseira,Sem Vítimas,Anoitecer,Decrescente,Ceu Claro,Simples,Reta,Urbano,2013,2,0,0,0,2,0,0,2
1259847,2013-03-01,Sexta,03:30:00,RN,405,153.0,PAU DOS FERROS,Ultrapassagem indevida,Colisão lateral,Com Vítimas Feridas,Plena noite,Decrescente,Ceu Claro,Simples,Reta,Urbano,2013,2,0,1,1,0,0,2,2
1259878,2013-03-01,Sexta,17:00:00,RN,304,33.8,MOSSORO,Defeito mecânico em veículo,Saída de Pista,Sem Vítimas,Anoitecer,Crescente,Ceu Claro,Dupla,Reta,Urbano,2013,1,0,0,0,1,0,0,1
1259897,2013-03-01,Sexta,16:50:00,RN,101,100.0,PARNAMIRIM,Falta de atenção,Colisão lateral,Sem Vítimas,Pleno dia,Decrescente,Ceu Claro,Dupla,Reta,Urbano,2013,2,0,0,0,2,0,0,2
1259905,2013-03-01,Sexta,12:30:00,RN,101,99.9,NATAL,Falta de atenção,Colisão lateral,Sem Vítimas,Pleno dia,Crescente,Ceu Claro,Múltipla,Curva,Urbano,2013,2,0,0,0,2,0,0,2
1259917,2013-03-01,Sexta,11:10:00,RN,101,11.4,SAO JOSE DE MIPIBU,Velocidade incompatível,Atropelamento de pessoa,Com Vítimas Feridas,Pleno dia,Decrescente,Ceu Claro,Dupla,Reta,Rural,2013,3,0,1,1,0,1,2,1
1260007,2013-03-01,Sexta,21:00:00,RN,226,125.5,LAJES PINTADAS,Defeito mecânico em veículo,Saída de Pista,Com Vítimas Feridas,Plena noite,Decrescente,Ceu Claro,Simples,Reta,Rural,2013,3,0,2,1,0,0,3,1
1260023,2013-03-01,Sexta,17:40:00,RN,427,15.8,ACARI,Outras,Colisão com objeto fixo,Sem Vítimas,Anoitecer,Crescente,Ceu Claro,Simples,Reta,Rural,2013,1,0,0,0,1,0,0,1
1260038,2013-03-01,Sexta,23:00:00,RN,304,305.5,PARNAMIRIM,Outras,Colisão Transversal,Com Vítimas Feridas,Plena noite,Crescente,Nublado,Dupla,Cruzamento,Rural,2013,2,0,1,1,0,0,2,2
1260072,2013-03-01,Sexta,08:40:00,RN,101,105.9,PARNAMIRIM,Outras,Colisão Transversal,Com Vítimas Feridas,Pleno dia,Crescente,Nublado,Dupla,Reta,Urbano,2013,2,0,1,0,1,0,1,2
1260080,2013-03-01,Sexta,18:20:00,RN,101,97.3,NATAL,Outras,Colisão Transversal,Sem Vítimas,Plena noite,Crescente,Chuva,Múltipla,Cruzamento,Urbano,2013,2,0,0,0,2,0,0,2
1260093,2013-03-01,Sexta,19:10:00,RN,101,105.7,PARNAMIRIM,Não guardar distância de segurança,Colisão traseira,Com Vítimas Feridas,Plena noite,Crescente,Nublado,Dupla,Reta,Urbano,2013,3,0,1,0,2,0,1,2
1260095,2013-03-02,Sábado,04:40:00,RN,304,46.0,MOSSORO,Falta de atenção,Queda de motocicleta / bicicleta / veículo,Com Vítimas Feridas,Plena noite,Crescente,Ceu Claro,Simples,Reta,Urbano,2013,1,0,1,0,0,0,1,1
1260108,2013-02-28,Quinta,20:40:00,RN,101,99.0,NATAL,Outras,Atropelamento de pessoa,Com Vítimas Feridas,Anoitecer,Crescente,Ceu Claro,Dupla,Reta,Urbano,2013,2,0,1,0,1,0,1,1
1260113,2013-02-28,Quinta,19:30:00,RN,101,97.0,NATAL,Não guardar distância de segurança,Colisão traseira,Com Vítimas Feridas,Plena noite,Decrescente,Ceu Claro,Simples,Reta,Urbano,2013,2,0,1,0,1,0,1,2
1260213,2013-03-02,Sábado,10:05:00,RN,101,109.6,PARNAMIRIM,Falta de atenção,Colisão lateral,Sem Vítimas,Pleno dia,Crescente,Nublado,Dupla,Reta,Urbano,2013,2,0,0,0,2,0,0,2
1260291,2013-03-02,Sábado,13:20:00,RN,101,112.8,SAO JOSE DE MIPIBU,Outras,Colisão com objeto fixo,Sem Vítimas,Pleno dia,Decrescente,Sol,Dupla,Cruzamento,Rural,2013,2,0,0,0,1,1,0,2
1260304,2013-03-02,Sábado,09:40:00,RN,101,174.9,CANGUARETAMA,Outras,Saída de Pista,Sem Vítimas,Pleno dia,Crescente,Chuva,Dupla,Reta,Rural,2013,1,0,0,0,1,0,0,1
1260346,2013-03-02,Sábado,15:30:00,RN,101,102.0,PARNAMIRIM,Não guardar distância de segurança,Colisão traseira,Sem Vítimas,Pleno dia,Decrescente,Ceu Claro,Dupla,Reta,Urbano,2013,2,0,0,0,2,0,0,2
1260508,2013-02-25,Segunda,18:10:00,RN,304,144.0,ANGICOS,Animais na Pista,Atropelamento de animal,Ignorado,Plena noite,Decrescente,Ceu Claro,Simples,Reta,Rural,2013,1,0,0,0,0,1,0,1
1260550,2013-03-02,Sábado,16:30:00,RN,406,98.0,JOAO CAMARA,Desobediência à sinalização,Colisão Transversal,Com Vítimas Feridas,Pleno dia,Crescente,Ceu Claro,Simples,Curva,Urbano,2013,2,0,1,0,1,0,1,2
1260572,2013-03-02,Sábado,21:00:00,RN,101,98.0,NATAL,Falta de atenção,Colisão lateral,Sem Vítimas,Plena noite,Decrescente,Ignorada,Múltipla,Reta,Urbano,2013,2,0,0,0,2,0,0,2
1260864,2013-02-27,Quarta,08:40:00,RN,304,32.9,MOSSORO,Falta de atenção,Colisão Transversal,Com Vítimas Feridas,Pleno dia,Decrescente,Ceu Claro,Dupla,Reta,Urbano,2013,3,0,2,0,1,0,2,2
1260870,2013-02-19,Terça,08:40:00,RN,101,84.2,SAO GONCALO DO AMARANTE,Falta de atenção,Colisão lateral,Sem Vítimas,Pleno dia,Crescente,Sol,Dupla,Reta,Urbano,2013,2,0,0,0,2,0,0,2
1260997,2013-03-03,Domingo,22:53:00,RN,427,114.7,CAICO,Outras,Capotamento,Com Vítimas Feridas,Plena noite,Crescente,Ceu Claro,Simples,Reta,Rural,2013,3,0,1,2,0,0,3,1
1261013,2013-02-28,Quinta,21:45:00,RN,101,99.9,NATAL,Ingestão de álcool,Colisão traseira,Sem Vítimas,Plena noite,Crescente,Ceu Claro,Dupla,Reta,Urbano,2013,3,0,0,0,3,0,0,3
1261030,2013-03-04,Segunda,06:00:00,RN,304,270.4,SANTA MARIA,Outras,Tombamento,Com Vítimas Feridas,Pleno dia,Crescente,Ceu Claro,Simples,Reta,Urbano,2013,2,0,2,0,0,0,2,1
1261051,2013-02-28,Quinta,13:10:00,RN,101,101.0,PARNAMIRIM,Falta de atenção,Colisão traseira,Com Vítimas Feridas,Pleno dia,Crescente,Ceu Claro,Dupla,Reta,Urbano,2013,2,0,1,1,0,0,2,2
1261059,2013-02-28,Quinta,12:00:00,RN,406,103.0,JOAO CAMARA,Falta de atenção,Colisão traseira,Sem Vítimas,Pleno dia,Decrescente,Ceu Claro,Simples,Reta,Urbano,2013,2,0,0,0,2,0,0,2
1261089,2013-02-20,Quarta,15:00:00,RN,101,115.0,SAO JOSE DE MIPIBU,Outras,Colisão traseira,Sem Vítimas,Pleno dia,Decrescente,Ceu Claro,Dupla,Curva,Rural,2013,2,0,0,0,2,0,0,2
1261166,2013-02-22,Sexta,23:00:00,RN,101,174.0,CANGUARETAMA,Animais na Pista,Atropelamento de animal,Com Vítimas Feridas,Plena noite,Decrescente,Ceu Claro,Dupla,Reta,Rural,2013,2,0,1,0,1,0,1,1
1261171,2013-02-25,Segunda,01:30:00,RN,101,99.0,NATAL,Outras,Colisão traseira,Sem Vítimas,Plena noite,Crescente,Ceu Claro,Dupla,Reta,Urbano,2013,2,0,0,0,1,1,0,2
1261199,2013-03-04,Segunda,06:50:00,RN,101,99.0,NATAL,Outras,Colisão traseira,Sem Vítimas,Pleno dia,Decrescente,Sol,Dupla,Reta,Urbano,2013,2,0,0,0,2,0,0,2
1261211,2013-02-26,Terça,08:55:00,RN,304,35.0,MOSSORO,Não guardar distância de segurança,Colisão lateral,Com Vítimas Feridas,Pleno dia,Decrescente,Sol,Simples,Reta,Urbano,2013,2,0,1,0,1,0,1,2
1261513,2013-03-04,Segunda,20:00:00,RN,405,108.3,ITAU,Outras,Saída de Pista,Com Vítimas Feridas,Plena noite,Decrescente,Ignorada,Simples,Reta,Rural,2013,4,0,3,0,1,0,3,1
1261635,2013-03-03,Domingo,12:20:00,RN,110,46.7,MOSSORO,Não guardar distância de segurança,Colisão traseira,Com Vítimas Feridas,Pleno dia,Decrescente,Ceu Claro,Simples,Reta,Urbano,2013,3,0,2,0,0,1,2,2
1261768,2013-03-05,Terça,05:50:00,RN,304,307.1,PARNAMIRIM,Outras,Colisão traseira,Com Vítimas Feridas,Pleno dia,Crescente,Nublado,Dupla,Reta,Urbano,2013,6,0,2,1,3,0,3,2
1261875,2013-03-01,Sexta,14:05:00,RN,101,99.2,NATAL,Não guardar distância de segurança,Colisão traseira,Sem Vítimas,Pleno dia,Decrescente,Sol,Múltipla,Reta,Urbano,2013,2,0,0,0,2,0,0,2
1261903,2013-03-05,Terça,10:00:00,RN,304,159.0,FERNANDO PEDROZA,Falta de atenção,Colisão traseira,Sem Vítimas,Pleno dia,Crescente,Sol,Simples,Reta,Urbano,2013,2,0,0,0,2,0,0,2
1261919,2013-03-01,Sexta,12:50:00,RN,101,97.2,NATAL,Falta de atenção,Colisão lateral,Com Vítimas Feridas,Pleno dia,Decrescente,Sol,Múltipla,Reta,Urbano,2013,2,0,1,0,1,0,1,2
1261987,2013-03-05,Terça,04:30:00,RN,101,129.8,SAO JOSE DE MIPIBU,Outras,Saída de Pista,Com Vítimas Feridas,Plena noite,Decrescente,Chuva,Dupla,Curva,Rural,2013,1,0,1,0,0,0,1,1
1261995,2013-03-05,Terça,19:00:00,RN,304,288.0,MACAIBA,Outras,Tombamento,Sem Vítimas,Plena noite,Crescente,Ceu Claro,Simples,Reta,Rural,2013,1,0,0,0,1,0,0,1
1262031,2013-03-05,Terça,20:20:00,RN,101,107.1,PARNAMIRIM,Falta de atenção,Colisão traseira,Sem Vítimas,Plena noite,Decrescente,Ceu Claro,Simples,Reta,Urbano,2013,2,0,0,0,2,0,0,2
1262043,2013-03-05,Terça,17:45:00,RN,304,38.8,MOSSORO,Falta de atenção,Colisão com bicicleta,Com Vítimas Feridas,Anoitecer,Crescente,Nublado,Simples,Reta,Urbano,2013,2,0,1,0,1,0,1,2
1262049,2013-03-05,Terça,19:00:00,RN,304,11.0,MOSSORO,Animais na Pista,Capotamento,Com Vítimas Feridas,Plena noite,Crescente,Nublado,Simples,Reta,Rural,2013,1,0,1,0,0,0,1,1
1262185,2013-03-06,Quarta,06:45:00,RN,101,107.8,PARNAMIRIM,Não guardar distância de segurança,Colisão traseira,Sem Vítimas,Pleno dia,Decrescente,Sol,Dupla,Reta,Urbano,2013,4,0,0,0,3,1,0,4
1262263,2013-03-04,Segunda,07:40:00,RN,406,170.6,SAO GONCALO DO AMARANTE,Outras,Colisão traseira,Com Vítimas Feridas,Pleno dia,Decrescente,Sol,Simples,Reta,Urbano,2013,2,0,0,1,1,0,1,2
1262292,2013-03-06,Quarta,09:00:00,RN,101,94.2,NATAL,Outras,Colisão traseira,Com Vítimas Feridas,Pleno dia,Decrescente,Sol,Múltipla,Reta,Urbano,2013,3,0,2,0,0,1,2,2
1262334,2013-02-13,Quarta,11:20:00,RN,406,91.0,JOAO CAMARA,Outras,Capotamento,Com Vítimas Feridas,Pleno dia,Crescente,Ceu Claro,Simples,Reta,Rural,2013,2,0,0,1,1,0,1,1
1262355,2013-03-06,Quarta,12:00:00,RN,304,288.0,MACAIBA,Não guardar distância de segurança,Colisão traseira,Sem Vítimas,Pleno dia,Crescente,Sol,Simples,Reta,Rural,2013,2,0,0,0,2,0,0,2
1262368,2013-03-01,Sexta,14:30:00,RN,101,97.1,NATAL,Falta de atenção,Colisão lateral,Sem Vítimas,Pleno dia,Crescente,Nublado,Múltipla,Reta,Urbano,2013,2,0,0,0,2,0,0,2
1262386,2013-02-26,Terça,07:30:00,RN,304,122.1,ITAJA,Defeito mecânico em veículo,Saída de Pista,Sem Vítimas,Pleno dia,Decrescente,Sol,Simples,Reta,Rural,2013,1,0,0,0,1,0,0,1
1262439,2013-03-02,Sábado,07:10:00,RN,101,84.8,SAO GONCALO DO AMARANTE,Outras,Colisão traseira,Sem Vítimas,Pleno dia,Crescente,Ceu Claro,Dupla,Reta,Urbano,2013,2,0,0,0,2,0,0,2
1262462,2013-03-02,Sábado,19:00:00,RN,406,148.0,CEARA-MIRIM,Não guardar distância de segurança,Colisão traseira,Sem Vítimas,Plena noite,Decrescente,Ceu Claro,Simples,Reta,Urbano,2013,3,0,0,0,2,1,0,3
1262488,2013-03-06,Quarta,17:30:00,RN,101,95.5,NATAL,Falta de atenção,Colisão lateral,Com Vítimas Feridas,Anoitecer,Decrescente,Ceu Claro,Múltipla,Reta,Urbano,2013,2,0,1,0,1,0,1,2
1262546,2013-03-06,Quarta,06:00:00,RN,226,13.0,MACAIBA,Outras,Capotamento,Com Vítimas Feridas,Pleno dia,Crescente,Sol,Simples,Curva,Rural,2013,1,0,1,0,0,0,1,1
1262682,2013-03-07,Quinta,07:45:00,RN,101,81.0,NATAL,Outras,Danos Eventuais,Sem Vítimas,Pleno dia,Decrescente,Ceu Claro,Dupla,Reta,Urbano,2013,1,0,0,0,1,0,0,1
1262710,2013-03-04,Segunda,11:10:00,RN,101,85.6,SAO GONCALO DO AMARANTE,Outras,Colisão lateral,Com Vítimas Fatais,Pleno dia,Crescente,Ceu Claro,Dupla,Reta,Urbano,2013,3,1,0,0,2,0,0,3
1262737,2013-03-07,Quinta,07:45:00,RN,101,98.0,NATAL,Falta de atenção,Colisão traseira,Com Vítimas Feridas,Pleno dia,Decrescente,Nublado,Dupla,Reta,Urbano,2013,2,0,1,0,1,0,1,2
1262802,2013-03-07,Quinta,11:40:00,RN,304,47.9,MOSSORO,Falta de atenção,Colisão traseira,Sem Vítimas,Pleno dia,Crescente,Ceu Claro,Simples,Curva,Urbano,2013,2,0,0,0,2,0,0,2
1262804,2013-03-02,Sábado,19:42:00,RN,101,99.9,NATAL,Falta de atenção,Colisão traseira,Sem Vítimas,Plena noite,Decrescente,Ceu Claro,Dupla,Reta,Urbano,2013,2,0,0,0,2,0,0,2
1262829,2013-03-03,Domingo,22:00:00,RN,226,1.0,NATAL,Outras,Colisão com objeto fixo,Sem Vítimas,Plena noite,Decrescente,Ceu Claro,Simples,Reta,Urbano,2013,1,0,0,0,1,0,0,1
1262871,2013-03-02,Sábado,10:00:00,RN,101,102.0,PARNAMIRIM,Falta de atenção,Colisão traseira,Sem Vítimas,Pleno dia,Decrescente,Ceu Claro,Dupla,Reta,Urbano,2013,3,0,0,0,3,0,0,3
1262878,2013-03-07,Quinta,13:00:00,RN,101,96.0,NATAL,Falta de atenção,Colisão lateral,Sem Vítimas,Pleno dia,Decrescente,Nublado,Dupla,Reta,Urbano,2013,2,0,0,0,2,0,0,2
1262916,2013-03-07,Quinta,18:20:00,RN,110,49.5,MOSSORO,Outras,Atropelamento de pessoa,Com Vítimas Feridas,Plena noite,Crescente,Ignorada,Dupla,Reta,Urbano,2013,3,0,2,0,1,0,2,1
1262931,2013-02-27,Quarta,20:00:00,RN,101,83.5,SAO GONCALO DO AMARANTE,Outras,Colisão com bicicleta,Com Vítimas Feridas,Plena noite,Crescente,Ceu Claro,Dupla,Reta,Urbano,2013,2,0,0,1,1,0,1,2
1262946,2013-03-07,Quinta,09:00:00,RN,304,37.0,MOSSORO,Desobediência à sinalização,Colisão Transversal,Com Vítimas Feridas,Pleno dia,Decrescente,Sol,Dupla,Reta,Urbano,2013,4,0,2,0,2,0,2,2
1262950,2013-03-07,Quinta,16:20:00,RN,101,103.4,PARNAMIRIM,Outras,Atropelamento de pessoa,Com Vítimas Feridas,Pleno dia,Decrescente,Ceu Claro,Dupla,Reta,Urbano,2013,2,0,0,1,1,0,1,1
1263086,2013-03-04,Segunda,14:50:00,RN,101,99.0,NATAL,Falta de atenção,Atropelamento de pessoa,Com Vítimas Feridas,Pleno dia,Decrescente,Sol,Dupla,Reta,Urbano,2013,2,0,1,0,1,0,1,1
1263087,2013-03-04,Segunda,10:35:00,RN,101,94.0,NATAL,Não guardar distância de segurança,Colisão traseira,Sem Vítimas,Pleno dia,Crescente,Ceu Claro,Dupla,Reta,Urbano,2013,2,0,0,0,2,0,0,2
1263265,2013-03-08,Sexta,13:30:00,RN,304,36.5,MOSSORO,Outras,Colisão lateral,Sem Vítimas,Pleno dia,Crescente,Sol,Dupla,Cruzamento,Urbano,2013,3,0,0,0,3,0,0,3
1263272,2013-01-07,Segunda,15:30:00,RN,226,13.3,MACAIBA,Outras,Saída de Pista,Com Vítimas Fatais,Pleno dia,Crescente,Ceu Claro,Simples,Reta,Rural,2013,3,1,0,2,0,0,2,1
1263293,2013-03-04,Segunda,17:40:00,RN,110,48.1,MOSSORO,Outras,Colisão Transversal,Com Vítimas Feridas,Anoitecer,Crescente,Ceu Claro,Simples,Reta,Urbano,2013,2,0,1,0,1,0,1,2
1263321,2013-03-08,Sexta,11:40:00,RN,101,97.9,NATAL,Falta de atenção,Colisão traseira,Sem Vítimas,Pleno dia,Decrescente,Ceu Claro,Dupla,Reta,Urbano,2013,2,0,0,0,2,0,0,2
1263354,2013-03-04,Segunda,13:00:00,RN,110,47.7,MOSSORO,Outras,Colisão Transversal,Com Vítimas Feridas,Pleno dia,Crescente,Ceu Claro,Simples,Reta,Urbano,2013,2,0,0,1,1,0,1,2
1263442,2013-03-05,Terça,08:18:00,RN,101,99.1,NATAL,Não guardar distância de segurança,Colisão traseira,Sem Vítimas,Pleno dia,Decrescente,Ceu Claro,Múltipla,Reta,Urbano,2013,2,0,0,0,2,0,0,2
1263480,2013-03-08,Sexta,19:05:00,RN,101,108.0,PARNAMIRIM,Outras,Colisão Transversal,Com Vítimas Feridas,Plena noite,Decrescente,Ceu Claro,Dupla,Cruzamento,Urbano,2013,2,0,0,1,1,0,1,2
1263497,2013-03-06,Quarta,02:00:00,RN,101,136.8,ARES,Outras,Capotamento,Com Vítimas Feridas,Plena noite,Decrescente,Nublado,Dupla,Reta,Rural,2013,2,0,2,0,0,0,2,1
1263586,2013-03-08,Sexta,23:50:00,RN,304,62.5,MOSSORO,Falta de atenção,Colisão traseira,Com Vítimas Feridas,Plena noite,Decrescente,Ceu Claro,Simples,Reta,Rural,2013,2,0,0,1,1,0,1,2
1263595,2013-02-28,Quinta,12:50:00,RN,406,100.0,JOAO CAMARA,Ultrapassagem indevida,Colisão lateral,Com Vítimas Feridas,Pleno dia,Decrescente,Ceu Claro,Simples,Reta,Rural,2013,2,0,1,0,1,0,1,2
1263611,2013-03-08,Sexta,09:30:00,RN,304,34.0,MOSSORO,Outras,Colisão Transversal,Com Vítimas Feridas,Pleno dia,Decrescente,Ceu Claro,Dupla,Cruzamento,Urbano,2013,2,0,0,1,1,0,1,2
1263641,2013-03-05,Terça,10:00:00,RN,101,83.0,SAO GONCALO DO AMARANTE,Falta de atenção,Colisão Transversal,Sem Vítimas,Pleno dia,Crescente,Sol,Dupla,Reta,Urbano,2013,2,0,0,0,2,0,0,2
1263660,2013-03-05,Terça,10:45:00,RN,101,84.0,SAO GONCALO DO AMARANTE,Falta de atenção,Colisão traseira,Sem Vítimas,Pleno dia,Crescente,Sol,Dupla,Reta,Urbano,2013,2,0,0,0,2,0,0,2
1263666,2013-03-09,Sábado,08:45:00,RN,101,126.0,SAO JOSE DE MIPIBU,Não guardar distância de segurança,Colisão traseira,Sem Vítimas,Pleno dia,Crescente,Chuva,Dupla,Reta,Urbano,2013,2,0,0,0,2,0,0,2
1263676,2013-03-05,Terça,07:20:00,RN,101,82.8,NATAL,Falta de atenção,Colisão traseira,Sem Vítimas,Pleno dia,Decrescente,Sol,Dupla,Reta,Urbano,2013,3,0,0,0,3,0,0,3
1263698,2013-03-05,Terça,17:30:00,RN,406,86.0,JOAO CAMARA,Falta de atenção,Colisão Transversal,Sem Vítimas,Anoitecer,Decrescente,Ceu Claro,Simples,Reta,Rural,2013,2,0,0,0,2,0,0,2
1263711,2013-03-09,Sábado,07:50:00,RN,226,4.5,NATAL,Não guardar distância de segurança,Colisão traseira,Com Vítimas Feridas,Pleno dia,Decrescente,Nublado,Simples,Reta,Urbano,2013,3,0,2,0,1,0,2,3
1263714,2013-03-09,Sábado,08:40:00,RN,226,3.2,NATAL,Falta de atenção,Colisão Transversal,Com Vítimas Feridas,Pleno dia,Decrescente,Nublado,Simples,Cruzamento,Urbano,2013,3,0,1,1,1,0,2,2
1263721,2013-03-08,Sexta,06:42:00,RN,304,46.7,MOSSORO,Outras,Atropelamento de pessoa,Com Vítimas Feridas,Amanhecer,Crescente,Ceu Claro,Dupla,Reta,Urbano,2013,3,0,1,0,1,1,1,1
1263739,2013-03-09,Sábado,11:45:00,RN,101,106.9,PARNAMIRIM,Falta de atenção,Colisão traseira,Sem Vítimas,Pleno dia,Decrescente,Nublado,Dupla,Reta,Urbano,2013,2,0,0,0,2,0,0,2
1263743,2013-03-09,Sábado,09:50:00,RN,226,0.5,NATAL,Falta de atenção,Colisão Transversal,Sem Vítimas,Pleno dia,Crescente,Sol,Dupla,Reta,Urbano,2013,2,0,0,0,2,0,0,2
1263763,2013-03-09,Sábado,12:50:00,RN,304,35.3,MOSSORO,Falta de atenção,Colisão traseira,Sem Vítimas,Pleno dia,Decrescente,Sol,Dupla,Curva,Urbano,2013,2,0,0,0,1,1,0,2
1263886,2013-03-09,Sábado,16:30:00,RN,101,116.0,SANTA CRUZ,Outras,Colisão com objeto fixo,Com Vítimas Feridas,Pleno dia,Crescente,Ceu Claro,Dupla,Reta,Rural,2013,1,0,0,1,0,0,1,1
1263913,2013-03-09,Sábado,15:55:00,RN,101,80.0,NATAL,Falta de atenção,Colisão Transversal,Sem Vítimas,Pleno dia,Decrescente,Sol,Dupla,Curva,Urbano,2013,2,0,0,0,2,0,0,2
1263945,2013-03-09,Sábado,18:00:00,RN,304,300.5,MACAIBA,Outras,Tombamento,Com Vítimas Feridas,Anoitecer,Crescente,Ceu Claro,Dupla,Reta,Urbano,2013,1,0,1,0,0,0,1,1
1263951,2013-03-09,Sábado,17:40:00,RN,101,107.0,PARNAMIRIM,Ingestão de álcool,Colisão Transversal,Com Vítimas Feridas,Plena noite,Crescente,Ceu Claro,Simples,Reta,Urbano,2013,2,0,0,1,1,0,1,2
1264056,2013-02-17,Domingo,21:00:00,RN,406,35.0,GUAMARE,Não guardar distância de segurança,Colisão traseira,Com Vítimas Feridas,Plena noite,Decrescente,Ceu Claro,Simples,Reta,Urbano,2013,3,0,0,2,1,0,2,2