id,data_inversa,dia_semana,horario,uf,br,km,municipio,causa_acidente,tipo_acidente,classificacao_acidente,fase_dia,sentido_via,condicao_metereologica,tipo_pista,tracado_via,uso_solo,ano,pessoas,mortos,feridos_leves,feridos_graves,ilesos,ignorados,feridos,veiculos
1264065,2013-03-10,Domingo,03:45:00,RN,101,104.2,PARNAMIRIM,Falta de atenção,Colisão traseira,Sem Vítimas,Plena noite,Crescente,Chuva,Dupla,Reta,Urbano,2013,2,0,0,0,2,0,0,2
1264130,2013-03-07,Quinta,08:40:00,RN,226,9.0,MACAIBA,Outras,Colisão lateral,Com Vítimas Feridas,Pleno dia,Decrescente,Ceu Claro,Simples,Curva,Rural,2013,3,0,1,1,1,0,2,2
1264143,2013-03-01,Sexta,17:30:00,RN,101,83.0,NATAL,Falta de atenção,Colisão Transversal,Sem Vítimas,Pleno dia,Decrescente,Vento,Dupla,Reta,Urbano,2013,3,0,0,0,1,2,0,3
1264164,2013-03-02,Sábado,17:40:00,RN,101,99.4,NATAL,Outras,Colisão lateral,Com Vítimas Feridas,Anoitecer,Crescente,Ceu Claro,Dupla,Reta,Urbano,2013,3,0,1,0,2,0,1,3
1264258,2013-03-10,Domingo,08:20:00,RN,427,7.7,CURRAIS NOVOS,Velocidade incompatível,Colisão frontal,Com Vítimas Fatais,Pleno dia,Crescente,Sol,Simples,Curva,Rural,2013,3,1,0,0,2,0,0,2
1264286,2013-03-07,Quinta,22:30:00,RN,110,19.5,AREIA BRANCA,Falta de atenção,Colisão com bicicleta,Com Vítimas Fatais,Plena noite,Decrescente,Ceu Claro,Simples,Reta,Rural,2013,2,1,0,0,1,0,0,2
1264351,2013-03-10,Domingo,06:30:00,RN,304,296.0,MACAIBA,Outras,Colisão Transversal,Com Vítimas Feridas,Pleno dia,Crescente,Sol,Simples,Reta,Urbano,2013,2,0,1,0,1,0,1,2
1264477,2013-03-04,Segunda,12:30:00,RN,101,94.5,NATAL,Outras,Colisão traseira,Com Vítimas Feridas,Pleno dia,Crescente,Ceu Claro,Simples,Reta,Urbano,2013,3,0,1,0,2,0,1,3
1264534,2013-03-07,Quinta,06:30:00,RN,101,81.2,SAO GONCALO DO AMARANTE,Falta de atenção,Colisão traseira,Sem Vítimas,Pleno dia,Crescente,Ceu Claro,Dupla,Reta,Urbano,2013,2,0,0,0,2,0,0,2
1264537,2013-03-10,Domingo,09:40:00,RN,405,2.0,MOSSORO,Outras,Colisão traseira,Com Vítimas Feridas,Pleno dia,Crescente,Ceu Claro,Dupla,Reta,Urbano,2013,5,0,1,0,3,1,1,2
1264542,2013-03-10,Domingo,14:30:00,RN,101,82.7,NATAL,Desobediência à sinalização,Colisão Transversal,Com Vítimas Feridas,Pleno dia,Decrescente,Ceu Claro,Dupla,Reta,Urbano,2013,2,0,0,1,0,1,1,2
1264699,2013-03-07,Quinta,22:50:00,RN,304,100.5,ASSU,Outras,Capotamento,Sem Vítimas,Plena noite,Crescente,Ceu Claro,Simples,Reta,Rural,2013,1,0,0,0,1,0,0,1
1264729,2013-03-11,Segunda,06:10:00,RN,101,82.3,SAO GONCALO DO AMARANTE,Não guardar distância de segurança,Colisão traseira,Sem Vítimas,Pleno dia,Crescente,Ceu Claro,Dupla,Reta,Urbano,2013,3,0,0,0,3,0,0,3
1264759,2013-03-11,Segunda,07:30:00,RN,101,85.0,SAO GONCALO DO AMARANTE,Outras,Colisão traseira,Sem Vítimas,Pleno dia,Crescente,Ceu Claro,Dupla,Reta,Urbano,2013,2,0,0,0,2,0,0,2
1264824,2013-03-11,Segunda,13:05:00,RN,101,107.2,PARNAMIRIM,Não guardar distância de segurança,Colisão traseira,Sem Vítimas,Pleno dia,Decrescente,Sol,Dupla,Reta,Urbano,2013,2,0,0,0,2,0,0,2
1264833,2013-03-11,Segunda,06:30:00,RN,101,102.3,PARNAMIRIM,Falta de atenção,Atropelamento de pessoa,Com Vítimas Feridas,Pleno dia,Crescente,Ceu Claro,Dupla,Reta,Urbano,2013,2,0,0,1,1,0,1,1
1264843,2013-02-27,Quarta,15:00:00,RN,101,94.5,NATAL,Não guardar distância de segurança,Colisão traseira,Sem Vítimas,Pleno dia,Decrescente,Ceu Claro,Múltipla,Reta,Urbano,2013,2,0,0,0,2,0,0,2
1264896,2013-03-11,Segunda,07:35:00,RN,101,107.0,NATAL,Defeito mecânico em veículo,Colisão traseira,Sem Vítimas,Pleno dia,Crescente,Ceu Claro,Dupla,Reta,Urbano,2013,2,0,0,0,2,0,0,2
1264904,2013-03-06,Quarta,17:00:00,RN,304,289.0,MACAIBA,Não guardar distância de segurança,Colisão traseira,Sem Vítimas,Pleno dia,Decrescente,Ceu Claro,Simples,Reta,Rural,2013,3,0,0,0,2,1,0,3
1264945,2013-03-11,Segunda,12:00:00,RN,101,99.7,NATAL,Falta de atenção,Colisão traseira,Com Vítimas Feridas,Pleno dia,Crescente,Ceu Claro,Múltipla,Reta,Urbano,2013,2,0,1,0,1,0,1,2
1264986,2013-03-09,Sábado,09:55:00,RN,304,37.6,MOSSORO,Falta de atenção,Colisão Transversal,Sem Vítimas,Pleno dia,Decrescente,Sol,Simples,Reta,Urbano,2013,2,0,0,0,2,0,0,2
1264989,2013-03-07,Quinta,12:30:00,RN,101,97.1,NATAL,Não guardar distância de segurança,Colisão traseira,Sem Vítimas,Pleno dia,Crescente,Ceu Claro,Múltipla,Reta,Urbano,2013,2,0,0,0,2,0,0,2
1265003,2013-03-11,Segunda,17:40:00,RN,101,85.4,NATAL,Não guardar distância de segurança,Colisão traseira,Com Vítimas Fatais,Anoitecer,Decrescente,Ceu Claro,Dupla,Reta,Urbano,2013,2,1,0,0,0,1,0,2
1265018,2013-03-11,Segunda,18:00:00,RN,101,96.1,NATAL,Falta de atenção,Colisão traseira,Sem Vítimas,Plena noite,Crescente,Ceu Claro,Múltipla,Reta,Urbano,2013,2,0,0,0,2,0,0,2
1265071,2013-03-11,Segunda,17:45:00,RN,427,105.9,CAICO,Defeito mecânico em veículo,Capotamento,Com Vítimas Feridas,Anoitecer,Crescente,Ceu Claro,Simples,Reta,Rural,2013,1,0,1,0,0,0,1,1
1265131,2013-03-11,Segunda,17:25:00,RN,110,47.3,MOSSORO,Falta de atenção,Colisão traseira,Sem Vítimas,Anoitecer,Crescente,Ceu Claro,Simples,Reta,Urbano,2013,3,0,0,0,3,0,0,3
1265135,2013-03-07,Quinta,21:45:00,RN,304,37.0,MOSSORO,Falta de atenção,Colisão lateral,Com Vítimas Feridas,Plena noite,Decrescente,Ceu Claro,Simples,Reta,Urbano,2013,2,0,1,0,0,1,1,2
1265155,2013-03-08,Sexta,20:50:00,RN,101,101.0,PARNAMIRIM,Ingestão de álcool,Colisão traseira,Sem Vítimas,Plena noite,Decrescente,Ceu Claro,Dupla,Reta,Urbano,2013,2,0,0,0,2,0,0,2
1265212,2013-03-08,Sexta,15:50:00,RN,101,85.0,NATAL,Outras,Colisão traseira,Sem Vítimas,Pleno dia,Decrescente,Ceu Claro,Simples,Reta,Urbano,2013,2,0,0,0,2,0,0,2
1265215,2013-02-12,Terça,15:45:00,RN,101,66.9,EXTREMOZ,Ultrapassagem indevida,Colisão traseira,Com Vítimas Feridas,Pleno dia,Decrescente,Sol,Dupla,Reta,Rural,2013,2,0,1,1,0,0,2,2
1265313,2013-03-12,Terça,12:00:00,RN,101,97.0,NATAL,Outras,Colisão traseira,Sem Vítimas,Pleno dia,Crescente,Ceu Claro,Dupla,Reta,Urbano,2013,2,0,0,0,2,0,0,2
1265361,2013-03-12,Terça,09:50:00,RN,405,113.0,ITAU,Falta de atenção,Colisão Transversal,Sem Vítimas,Pleno dia,Decrescente,Sol,Simples,Reta,Rural,2013,2,0,0,0,2,0,0,2
1265499,2013-03-13,Quarta,09:00:00,RN,304,39.4,MOSSORO,Falta de atenção,Colisão Transversal,Sem Vítimas,Pleno dia,Crescente,Ceu Claro,Simples,Reta,Urbano,2013,2,0,0,0,2,0,0,2
1265504,2013-03-12,Terça,15:45:00,RN,226,79.1,TANGARA,Outras,Capotamento,Sem Vítimas,Pleno dia,Decrescente,Ceu Claro,Simples,Reta,Rural,2013,1,0,0,0,1,0,0,1
1265543,2013-03-13,Quarta,08:50:00,RN,101,99.9,NATAL,Falta de atenção,Colisão traseira,Sem Vítimas,Pleno dia,Crescente,Ceu Claro,Dupla,Reta,Urbano,2013,2,0,0,0,2,0,0,2
1265579,2013-03-13,Quarta,06:45:00,RN,101,104.0,PARNAMIRIM,Outras,Colisão lateral,Sem Vítimas,Pleno dia,Decrescente,Sol,Dupla,Reta,Urbano,2013,2,0,0,0,2,0,0,2
1265720,2013-03-08,Sexta,16:50:00,RN,304,106.4,ASSU,Não guardar distância de segurança,Colisão traseira,Com Vítimas Feridas,Pleno dia,Decrescente,Ceu Claro,Simples,Reta,Rural,2013,5,0,1,0,4,0,1,2
1265850,2013-03-13,Quarta,18:40:00,RN,101,94.8,NATAL,Não guardar distância de segurança,Colisão traseira,Sem Vítimas,Plena noite,Crescente,Ceu Claro,Múltipla,Reta,Urbano,2013,2,0,0,0,2,0,0,2
1266007,2013-03-07,Quinta,07:50:00,RN,226,8.5,MACAIBA,Ultrapassagem indevida,Colisão lateral,Sem Vítimas,Pleno dia,Decrescente,Ceu Claro,Simples,Curva,Rural,2013,2,0,0,0,1,1,0,2
1266025,2013-03-12,Terça,06:20:00,RN,101,85.6,SAO GONCALO DO AMARANTE,Outras,Colisão lateral,Com Vítimas Fatais,Pleno dia,Crescente,Ceu Claro,Dupla,Reta,Urbano,2013,3,1,0,0,1,1,0,3
1266099,2013-03-14,Quinta,07:00:00,RN,101,97.9,NATAL,Outras,Colisão traseira,Sem Vítimas,Pleno dia,Decrescente,Ceu Claro,Dupla,Reta,Urbano,2013,4,0,0,0,4,0,0,4
1266140,2013-03-14,Quinta,08:00:00,RN,304,2.0,MOSSORO,Desobediência à sinalização,Colisão Transversal,Com Vítimas Fatais,Pleno dia,Crescente,Ceu Claro,Simples,Reta,Rural,2013,7,1,2,3,0,1,5,2
1266155,2013-03-14,Quinta,08:10:00,RN,226,113.8,SANTA CRUZ,Outras,Colisão frontal,Com Vítimas Fatais,Pleno dia,Decrescente,Ceu Claro,Simples,Curva,Urbano,2013,2,1,1,0,0,0,1,2
1266159,2013-03-10,Domingo,23:40:00,RN,304,89.0,ASSU,Outras,Capotamento,Ignorado,Plena noite,Crescente,Ceu Claro,Simples,Reta,Rural,2013,1,0,0,0,0,1,0,1
1266176,2013-03-14,Quinta,07:30:00,RN,101,99.5,NATAL,Falta de atenção,Colisão lateral,Sem Vítimas,Pleno dia,Decrescente,Sol,Dupla,Reta,Urbano,2013,2,0,0,0,2,0,0,2
1266182,2013-03-14,Quinta,07:40:00,RN,226,0.5,NATAL,Não guardar distância de segurança,Colisão traseira,Sem Vítimas,Pleno dia,Crescente,Ceu Claro,Dupla,Reta,Urbano,2013,3,0,0,0,3,0,0,3
1266235,2013-03-14,Quinta,09:00:00,RN,101,99.9,NATAL,Não guardar distância de segurança,Colisão traseira,Sem Vítimas,Pleno dia,Crescente,Sol,Múltipla,Cruzamento,Urbano,2013,2,0,0,0,2,0,0,2
1266317,2013-03-14,Quinta,13:00:00,RN,101,97.9,NATAL,Outras,Colisão lateral,Com Vítimas Feridas,Pleno dia,Decrescente,Sol,Dupla,Reta,Urbano,2013,2,0,0,1,1,0,1,2
1266356,2013-03-13,Quarta,18:25:00,RN,101,108.7,PARNAMIRIM,Falta de atenção,Colisão lateral,Com Vítimas Feridas,Plena noite,Crescente,Ceu Claro,Múltipla,Reta,Urbano,2013,2,0,1,0,1,0,1,2
1266480,2013-03-14,Quinta,15:40:00,RN,101,83.2,SAO GONCALO DO AMARANTE,Não guardar distância de segurança,Colisão traseira,Sem Vítimas,Pleno dia,Crescente,Ceu Claro,Dupla,Reta,Urbano,2013,2,0,0,0,1,1,0,2
1266516,2013-03-14,Quinta,22:40:00,RN,110,45.5,MOSSORO,Animais na Pista,Atropelamento de animal,Com Vítimas Feridas,Plena noite,Crescente,Ceu Claro,Simples,Reta,Urbano,2013,1,0,1,0,0,0,1,1
1266744,2013-03-04,Segunda,15:45:00,RN,101,99.0,NATAL,Outras,Colisão traseira,Com Vítimas Feridas,Pleno dia,Decrescente,Ceu Claro,Dupla,Reta,Urbano,2013,2,0,0,1,1,0,1,2
1266766,2013-03-11,Segunda,20:20:00,RN,226,2.3,NATAL,Falta de atenção,Colisão Transversal,Com Vítimas Feridas,Plena noite,Crescente,Ceu Claro,Simples,Reta,Urbano,2013,2,0,0,1,1,0,1,2
1266817,2013-03-15,Sexta,14:20:00,RN,101,82.5,SAO GONCALO DO AMARANTE,Falta de atenção,Colisão Transversal,Com Vítimas Feridas,Pleno dia,Crescente,Ceu Claro,Dupla,Reta,Urbano,2013,3,0,2,1,0,0,3,2
1266821,2013-03-15,Sexta,12:45:00,RN,101,106.0,PARNAMIRIM,Não guardar distância de segurança,Colisão lateral,Sem Vítimas,Pleno dia,Crescente,Ceu Claro,Dupla,Curva,Urbano,2013,2,0,0,0,2,0,0,2
1266843,2013-03-11,Segunda,18:00:00,RN,101,98.9,NATAL,Não guardar distância de segurança,Colisão traseira,Sem Vítimas,Plena noite,Crescente,Ceu Claro,Múltipla,Reta,Urbano,2013,2,0,0,0,2,0,0,2
1266890,2013-03-15,Sexta,17:30:00,RN,304,36.0,MOSSORO,Não guardar distância de segurança,Colisão traseira,Sem Vítimas,Pleno dia,Decrescente,Ceu Claro,Simples,Reta,Urbano,2013,2,0,0,0,2,0,0,2
1266956,2013-03-15,Sexta,15:50:00,RN,101,81.6,NATAL,Outras,Colisão Transversal,Com Vítimas Feridas,Pleno dia,Decrescente,Ceu Claro,Dupla,Reta,Urbano,2013,2,0,0,1,1,0,1,2
1267014,2013-03-15,Sexta,09:50:00,RN,101,97.3,NATAL,Outras,Colisão com bicicleta,Com Vítimas Feridas,Pleno dia,Crescente,Sol,Múltipla,Reta,Urbano,2013,2,0,1,0,1,0,1,2
1267027,2013-03-15,Sexta,22:40:00,RN,406,160.0,CEARA-MIRIM,Não guardar distância de segurança,Colisão traseira,Sem Vítimas,Plena noite,Decrescente,Ceu Claro,Simples,Reta,Urbano,2013,2,0,0,0,2,0,0,2
1267069,2013-03-15,Sexta,14:00:00,RN,304,231.4,RIACHUELO,Outras,Colisão Transversal,Com Vítimas Feridas,Pleno dia,Decrescente,Ceu Claro,Simples,Reta,Rural,2013,3,0,1,1,1,0,2,2
1267093,2013-03-16,Sábado,00:40:00,RN,406,163.2,CEARA-MIRIM,Não guardar distância de segurança,Saída de Pista,Sem Vítimas,Plena noite,Decrescente,Ceu Claro,Simples,Reta,Rural,2013,1,0,0,0,1,0,0,1
1267103,2013-03-16,Sábado,03:00:00,RN,406,165.0,SAO GONCALO DO AMARANTE,Ingestão de álcool,Colisão traseira,Sem Vítimas,Plena noite,Decrescente,Ceu Claro,Simples,Curva,Rural,2013,2,0,0,0,2,0,0,2
1267109,2013-03-15,Sexta,21:00:00,RN,110,0.8,AREIA BRANCA,Desobediência à sinalização,Colisão frontal,Com Vítimas Feridas,Plena noite,Decrescente,Ceu Claro,Simples,Reta,Urbano,2013,2,0,1,0,1,0,1,2
1267130,2013-03-15,Sexta,18:30:00,RN,101,95.5,NATAL,Falta de atenção,Colisão traseira,Sem Vítimas,Plena noite,Decrescente,Ceu Claro,Múltipla,Reta,Urbano,2013,2,0,0,0,2,0,0,2
1267277,2013-03-16,Sábado,09:35:00,RN,226,131.6,CAMPO REDONDO,Falta de atenção,Saída de Pista,Sem Vítimas,Pleno dia,Decrescente,Nublado,Simples,Reta,Rural,2013,1,0,0,0,1,0,0,1
1267301,2013-03-16,Sábado,08:25:00,RN,101,99.0,NATAL,Animais na Pista,Atropelamento de animal,Sem Vítimas,Pleno dia,Crescente,Ceu Claro,Dupla,Reta,Urbano,2013,1,0,0,0,1,0,0,1
1267307,2013-03-04,Segunda,07:00:00,RN,101,100.0,NATAL,Outras,Colisão lateral,Sem Vítimas,Pleno dia,Crescente,Ceu Claro,Dupla,Reta,Urbano,2013,2,0,0,0,2,0,0,2
1267316,2013-03-12,Terça,13:50:00,RN,406,79.5,JOAO CAMARA,Não guardar distância de segurança,Colisão traseira,Sem Vítimas,Pleno dia,Crescente,Ceu Claro,Simples,Reta,Rural,2013,2,0,0,0,2,0,0,2
1267342,2013-03-16,Sábado,11:50:00,RN,304,34.2,MOSSORO,Não guardar distância de segurança,Colisão traseira,Sem Vítimas,Pleno dia,Crescente,Sol,Dupla,Reta,Urbano,2013,2,0,0,0,2,0,0,2
1267359,2013-03-16,Sábado,12:25:00,RN,101,107.6,PARNAMIRIM,Não guardar distância de segurança,Colisão traseira,Sem Vítimas,Pleno dia,Decrescente,Ceu Claro,Dupla,Reta,Urbano,2013,2,0,0,0,2,0,0,2
1267408,2013-03-16,Sábado,08:00:00,RN,101,99.8,NATAL,Falta de atenção,Colisão lateral,Sem Vítimas,Pleno dia,Crescente,Ceu Claro,Dupla,Reta,Urbano,2013,2,0,0,0,2,0,0,2
1267473,2013-03-16,Sábado,09:08:00,RN,101,98.0,NATAL,Falta de atenção,Colisão traseira,Sem Vítimas,Pleno dia,Crescente,Ceu Claro,Dupla,Reta,Urbano,2013,2,0,0,0,1,1,0,2
1267553,2013-03-16,Sábado,05:00:00,RN,405,156.9,MOSSORO,Outras,Atropelamento de pessoa,Com Vítimas Fatais,Amanhecer,Crescente,Sol,Simples,Reta,Rural,2013,2,1,0,0,0,1,0,1
1267746,2013-03-16,Sábado,06:20:00,RN,304,103.0,ASSU,Não guardar distância de segurança,Colisão traseira,Sem Vítimas,Pleno dia,Crescente,Ceu Claro,Simples,Reta,Rural,2013,4,0,0,0,4,0,0,2
1267762,2013-03-15,Sexta,17:15:00,RN,101,103.0,PARNAMIRIM,Velocidade incompatível,Colisão traseira,Sem Vítimas,Anoitecer,Crescente,Ceu Claro,Dupla,Reta,Urbano,2013,7,0,0,0,7,0,0,3
1267776,2013-03-15,Sexta,17:15:00,RN,101,103.0,PARNAMIRIM,Animais na Pista,Colisão traseira,Sem Vítimas,Anoitecer,Crescente,Ceu Claro,Dupla,Reta,Urbano,2013,6,0,0,0,6,0,0,2
1267893,2013-03-17,Domingo,15:00:00,RN,101,106.1,PARNAMIRIM,Falta de atenção,Colisão traseira,Sem Vítimas,Pleno dia,Decrescente,Sol,Dupla,Cruzamento,Urbano,2013,2,0,0,0,2,0,0,2
1267905,2013-03-17,Domingo,14:40:00,RN,101,111.8,PARNAMIRIM,Falta de atenção,Colisão traseira,Sem Vítimas,Pleno dia,Crescente,Sol,Dupla,Reta,Urbano,2013,5,0,0,0,5,0,0,5
1268039,2013-03-10,Domingo,12:15:00,RN,226,0.1,NATAL,Falta de atenção,Colisão traseira,Com Vítimas Feridas,Pleno dia,Decrescente,Ceu Claro,Simples,Reta,Urbano,2013,2,0,1,0,1,0,1,2
1268046,2013-03-17,Domingo,21:10:00,RN,304,47.0,MOSSORO,Falta de atenção,Queda de motocicleta / bicicleta / veículo,Com Vítimas Feridas,Plena noite,Decrescente,Ceu Claro,Dupla,Reta,Urbano,2013,1,0,1,0,0,0,1,1
1268103,2013-03-17,Domingo,20:00:00,RN,405,2.0,MOSSORO,Falta de atenção,Colisão com bicicleta,Com Vítimas Feridas,Plena noite,Crescente,Ceu Claro,Dupla,Reta,Urbano,2013,2,0,0,1,0,1,1,2
1268108,2013-03-17,Domingo,06:00:00,RN,110,96.0,UPANEMA,Outras,Queda de motocicleta / bicicleta / veículo,Com Vítimas Fatais,Plena noite,Crescente,Ceu Claro,Simples,Reta,Rural,2013,1,1,0,0,0,0,0,1
1268125,2013-03-17,Domingo,16:55:00,RN,101,170.7,CANGUARETAMA,Outras,Capotamento,Com Vítimas Fatais,Pleno dia,Decrescente,Ceu Claro,Dupla,Reta,Rural,2013,4,3,1,0,0,0,1,1
1268226,2013-03-10,Domingo,19:20:00,RN,226,15.3,MACAIBA,Falta de atenção,Colisão traseira,Com Vítimas Feridas,Plena noite,Decrescente,Ceu Claro,Simples,Reta,Urbano,2013,3,0,1,1,1,0,2,2
1268240,2013-03-18,Segunda,06:40:00,RN,304,44.9,MOSSORO,Falta de atenção,Colisão traseira,Com Vítimas Feridas,Pleno dia,Crescente,Sol,Dupla,Reta,Urbano,2013,2,0,1,0,1,0,1,2
1268291,2013-03-18,Segunda,08:00:00,RN,101,99.7,NATAL,Falta de atenção,Colisão traseira,Com Vítimas Feridas,Pleno dia,Decrescente,Sol,Dupla,Reta,Urbano,2013,2,0,1,0,1,0,1,2
1268338,2013-03-18,Segunda,10:35:00,RN,304,35.0,MOSSORO,Não guardar distância de segurança,Colisão traseira,Sem Vítimas,Pleno dia,Crescente,Ceu Claro,Simples,Curva,Urbano,2013,2,0,0,0,2,0,0,2
1268458,2013-03-18,Segunda,16:10:00,RN,304,37.0,MOSSORO,Falta de atenção,Colisão Transversal,Sem Vítimas,Pleno dia,Decrescente,Ceu Claro,Simples,Reta,Urbano,2013,2,0,0,0,2,0,0,2
1268501,2013-03-18,Segunda,18:00:00,RN,101,96.4,NATAL,Falta de atenção,Atropelamento de pessoa,Com Vítimas Feridas,Anoitecer,Crescente,Ceu Claro,Dupla,Curva,Urbano,2013,2,0,0,1,1,0,1,1
1268505,2013-03-18,Segunda,17:15:00,RN,101,101.9,PARNAMIRIM,Desobediência à sinalização,Colisão Transversal,Sem Vítimas,Anoitecer,Crescente,Ceu Claro,Dupla,Cruzamento,Urbano,2013,2,0,0,0,2,0,0,2
1268514,2013-03-18,Segunda,14:00:00,RN,226,58.2,BOM JESUS,Defeito mecânico em veículo,Colisão com objeto móvel,Sem Vítimas,Pleno dia,Decrescente,Ceu Claro,Simples,Reta,Rural,2013,2,0,0,0,2,0,0,2
1268516,2013-03-18,Segunda,06:30:00,RN,101,106.7,PARNAMIRIM,Não guardar distância de segurança,Colisão traseira,Sem Vítimas,Pleno dia,Decrescente,Sol,Dupla,Reta,Urbano,2013,2,0,0,0,2,0,0,2
1268557,2013-03-17,Domingo,05:30:00,RN,101,95.0,NATAL,Outras,Colisão com objeto fixo,Com Vítimas Feridas,Amanhecer,Decrescente,Ceu Claro,Múltipla,Reta,Urbano,2013,1,0,1,0,0,0,1,1
1268559,2013-03-18,Segunda,06:00:00,RN,101,107.0,PARNAMIRIM,Falta de atenção,Colisão traseira,Sem Vítimas,Pleno dia,Decrescente,Ceu Claro,Dupla,Cruzamento,Urbano,2013,2,0,0,0,2,0,0,2
1268570,2013-03-11,Segunda,22:05:00,RN,304,27.0,MOSSORO,Animais na Pista,Atropelamento de animal,Com Vítimas Feridas,Plena noite,Decrescente,Ceu Claro,Simples,Reta,Urbano,2013,2,0,1,1,0,0,2,1
1268629,2013-03-18,Segunda,12:40:00,RN,304,297.0,MACAIBA,Não guardar distância de segurança,Colisão traseira,Sem Vítimas,Pleno dia,Decrescente,Sol,Simples,Reta,Urbano,2013,2,0,0,0,2,0,0,2
1268652,2013-03-18,Segunda,17:00:00,RN,101,80.8,NATAL,Desobediência à sinalização,Colisão Transversal,Com Vítimas Feridas,Pleno dia,Decrescente,Ceu Claro,Dupla,Cruzamento,Urbano,2013,2,0,1,0,1,0,1,2
1268685,2013-03-18,Segunda,18:00:00,RN,110,49.1,MOSSORO,Falta de atenção,Atropelamento de pessoa,Com Vítimas Feridas,Plena noite,Decrescente,Ceu Claro,Simples,Reta,Urbano,2013,2,0,1,0,1,0,1,1
1268726,2013-03-16,Sábado,03:15:00,RN,304,34.0,MOSSORO,Outras,Saída de Pista,Com Vítimas Feridas,Plena noite,Crescente,Ceu Claro,Dupla,Curva,Urbano,2013,1,0,0,1,0,0,1,1
1268815,2013-03-19,Terça,07:00:00,RN,101,80.2,NATAL,Falta de atenção,Colisão lateral,Com Vítimas Feridas,Pleno dia,Decrescente,Ceu Claro,Dupla,Cruzamento,Urbano,2013,2,0,1,0,1,0,1,2
1268821,2013-03-19,Terça,10:30:00,RN,101,83.0,NATAL,Outras,Colisão lateral,Sem Vítimas,Pleno dia,Decrescente,Ceu Claro,Dupla,Reta,Urbano,2013,2,0,0,0,2,0,0,2
1268858,2013-03-13,Quarta,12:50:00,RN,101,95.0,NATAL,Outras,Colisão traseira,Sem Vítimas,Pleno dia,Crescente,Sol,Dupla,Reta,Urbano,2013,2,0,0,0,2,0,0,2
1268881,2013-03-19,Terça,12:50:00,RN,101,83.1,SAO GONCALO DO AMARANTE,Não guardar distância de segurança,Colisão traseira,Sem Vítimas,Pleno dia,Crescente,Nublado,Dupla,Reta,Urbano,2013,3,0,0,0,3,0,0,3
1268986,2013-03-19,Terça,10:05:00,RN,101,94.0,NATAL,Outras,Queda de motocicleta / bicicleta / veículo,Com Vítimas Feridas,Pleno dia,Crescente,Nublado,Simples,Curva,Urbano,2013,1,0,1,0,0,0,1,1
1269000,2013-03-19,Terça,14:15:00,RN,304,297.7,MACAIBA,Desobediência à sinalização,Colisão traseira,Com Vítimas Feridas,Pleno dia,Decrescente,Nublado,Dupla,Cruzamento,Urbano,2013,2,0,1,0,1,0,1,2
1269004,2013-03-19,Terça,06:40:00,RN,101,101.8,PARNAMIRIM,Não guardar distância de segurança,Colisão traseira,Sem Vítimas,Pleno dia,Crescente,Nublado,Dupla,Reta,Urbano,2013,2,0,0,0,1,1,0,2
1269018,2013-03-19,Terça,10:45:00,RN,101,96.4,NATAL,Não guardar distância de segurança,Colisão traseira,Sem Vítimas,Pleno dia,Crescente,Ceu Claro,Múltipla,Curva,Urbano,2013,2,0,0,0,2,0,0,2
1269073,2013-03-19,Terça,09:50:00,RN,101,151.5,GOIANINHA,Velocidade incompatível,Saída de Pista,Com Vítimas Feridas,Pleno dia,Decrescente,Chuva,Dupla,Curva,Rural,2013,2,0,1,0,1,0,1,1
1269228,2013-03-16,Sábado,00:01:00,RN,405,86.0,APODI,Defeito mecânico em veículo,Danos Eventuais,Sem Vítimas,Plena noite,Decrescente,Ceu Claro,Simples,Reta,Rural,2013,1,0,0,0,1,0,0,1
1269348,2013-03-20,Quarta,10:15:00,RN,101,95.0,NATAL,Outras,Colisão traseira,Sem Vítimas,Pleno dia,Decrescente,Sol,Dupla,Reta,Urbano,2013,2,0,0,0,2,0,0,2
1269416,2013-03-20,Quarta,13:50:00,RN,304,289.5,MACAIBA,Falta de atenção,Colisão traseira,Sem Vítimas,Pleno dia,Decrescente,Ceu Claro,Simples,Reta,Rural,2013,3,0,0,0,3,0,0,3
1269485,2013-03-17,Domingo,04:00:00,RN,304,178.0,ANGICOS,Ingestão de álcool,Capotamento,Com Vítimas Feridas,Plena noite,Crescente,Ceu Claro,Simples,Reta,Rural,2013,1,0,1,0,0,0,1,1
1269511,2013-03-18,Segunda,06:50:00,RN,101,99.3,NATAL,Outras,Colisão lateral,Com Vítimas Feridas,Pleno dia,Decrescente,Ceu Claro,Dupla,Reta,Urbano,2013,2,0,1,0,1,0,1,2
1269514,2013-03-20,Quarta,16:25:00,RN,101,94.4,NATAL,Outras,Colisão lateral,Com Vítimas Feridas,Pleno dia,Decrescente,Ceu Claro,Dupla,Reta,Urbano,2013,2,0,0,1,1,0,1,2
1269532,2013-03-20,Quarta,17:15:00,RN,101,94.0,NATAL,Outras,Colisão lateral,Sem Vítimas,Anoitecer,Decrescente,Ignorada,Múltipla,Reta,Urbano,2013,2,0,0,0,2,0,0,2
1269639,2013-03-20,Quarta,18:15:00,RN,101,102.8,PARNAMIRIM,Defeito mecânico em veículo,Colisão lateral,Sem Vítimas,Plena noite,Crescente,Ceu Claro,Dupla,Reta,Urbano,2013,2,0,0,0,2,0,0,2