id,data_inversa,dia_semana,horario,uf,br,km,municipio,causa_acidente,tipo_acidente,classificacao_acidente,fase_dia,sentido_via,condicao_metereologica,tipo_pista,tracado_via,uso_solo,ano,pessoas,mortos,feridos_leves,feridos_graves,ilesos,ignorados,feridos,veiculos
1280309,2013-04-09,Terça,14:20:00,RN,101,98.0,NATAL,Falta de atenção,Colisão traseira,Sem Vítimas,Pleno dia,Decrescente,Sol,Dupla,Cruzamento,Urbano,2013,2,0,0,0,2,0,0,2
1280324,2013-04-09,Terça,06:40:00,RN,101,98.7,NATAL,Outras,Colisão traseira,Sem Vítimas,Pleno dia,Decrescente,Ceu Claro,Dupla,Reta,Urbano,2013,2,0,0,0,2,0,0,2
1280329,2013-04-09,Terça,16:30:00,RN,101,108.0,PARNAMIRIM,Outras,Colisão Transversal,Sem Vítimas,Pleno dia,Crescente,Ceu Claro,Dupla,Cruzamento,Urbano,2013,2,0,0,0,2,0,0,2
1280334,2013-04-09,Terça,17:40:00,RN,304,38.0,MOSSORO,Falta de atenção,Colisão com objeto fixo,Sem Vítimas,Pleno dia,Decrescente,Ceu Claro,Dupla,Reta,Urbano,2013,1,0,0,0,1,0,0,1
1280413,2013-04-09,Terça,14:10:00,RN,304,296.7,MACAIBA,Falta de atenção,Colisão Transversal,Com Vítimas Feridas,Pleno dia,Crescente,Ceu Claro,Simples,Cruzamento,Urbano,2013,2,0,1,0,1,0,1,2
1280417,2013-04-05,Sexta,23:45:00,RN,101,108.0,PARNAMIRIM,Outras,Capotamento,Ignorado,Plena noite,Crescente,Ceu Claro,Dupla,Reta,Urbano,2013,1,0,0,0,0,1,0,1
1280424,2013-04-09,Terça,18:50:00,RN,101,95.3,NATAL,Falta de atenção,Colisão traseira,Sem Vítimas,Plena noite,Decrescente,Ceu Claro,Múltipla,Reta,Urbano,2013,3,0,0,0,3,0,0,3
1280438,2013-04-09,Terça,20:15:00,RN,304,306.8,PARNAMIRIM,Falta de atenção,Colisão com bicicleta,Com Vítimas Feridas,Plena noite,Crescente,Ceu Claro,Dupla,Reta,Urbano,2013,2,0,0,1,1,0,1,2
1280443,2013-04-09,Terça,17:40:00,RN,110,47.9,MOSSORO,Falta de atenção,Colisão lateral,Com Vítimas Feridas,Anoitecer,Decrescente,Nublado,Simples,Reta,Urbano,2013,3,0,1,1,1,0,2,2
1280477,2013-04-09,Terça,18:20:00,RN,304,40.0,MOSSORO,Outras,Queda de motocicleta / bicicleta / veículo,Sem Vítimas,Anoitecer,Decrescente,Ceu Claro,Dupla,Reta,Rural,2013,1,0,0,0,1,0,0,1
1280480,2013-04-09,Terça,18:55:00,RN,304,30.0,MOSSORO,Animais na Pista,Capotamento,Com Vítimas Feridas,Plena noite,Crescente,Ceu Claro,Simples,Reta,Rural,2013,1,0,0,1,0,0,1,1
1280557,2013-04-08,Segunda,18:45:00,RN,101,100.5,PARNAMIRIM,Falta de atenção,Colisão traseira,Sem Vítimas,Plena noite,Decrescente,Ceu Claro,Dupla,Reta,Urbano,2013,3,0,0,0,3,0,0,3
1280578,2013-04-06,Sábado,11:50:00,RN,101,96.0,NATAL,Falta de atenção,Colisão lateral,Sem Vítimas,Pleno dia,Crescente,Sol,Dupla,Reta,Urbano,2013,2,0,0,0,2,0,0,2
1280607,2013-04-06,Sábado,11:50:00,RN,101,96.1,NATAL,Não guardar distância de segurança,Colisão traseira,Sem Vítimas,Pleno dia,Crescente,Sol,Dupla,Reta,Urbano,2013,2,0,0,0,2,0,0,2
1280616,2013-04-10,Quarta,07:15:00,RN,101,105.0,PARNAMIRIM,Falta de atenção,Colisão traseira,Sem Vítimas,Pleno dia,Decrescente,Ceu Claro,Dupla,Reta,Urbano,2013,3,0,0,0,3,0,0,3
1280653,2013-04-10,Quarta,06:50:00,RN,304,116.0,ITAJA,Não guardar distância de segurança,Colisão traseira,Com Vítimas Feridas,Pleno dia,Decrescente,Sol,Simples,Reta,Rural,2013,2,0,0,1,1,0,1,2
1280658,2013-04-03,Quarta,22:20:00,RN,101,84.7,NATAL,Defeito mecânico em veículo,Queda de motocicleta / bicicleta / veículo,Com Vítimas Feridas,Plena noite,Decrescente,Vento,Dupla,Reta,Urbano,2013,2,0,2,0,0,0,2,1
1280666,2013-04-07,Domingo,02:50:00,RN,304,268.0,SAO PEDRO,Ingestão de álcool,Colisão lateral,Sem Vítimas,Plena noite,Crescente,Ceu Claro,Simples,Curva,Rural,2013,2,0,0,0,2,0,0,2
1280696,2013-04-10,Quarta,09:10:00,RN,110,47.2,MOSSORO,Não guardar distância de segurança,Colisão traseira,Sem Vítimas,Pleno dia,Decrescente,Ceu Claro,Simples,Reta,Urbano,2013,5,0,0,0,5,0,0,2
1280708,2013-04-10,Quarta,08:53:00,RN,304,296.8,MACAIBA,Falta de atenção,Colisão Transversal,Sem Vítimas,Pleno dia,Crescente,Sol,Simples,Reta,Urbano,2013,2,0,0,0,1,1,0,2
1280743,2013-04-09,Terça,23:15:00,RN,304,303.7,MACAIBA,Animais na Pista,Atropelamento de animal,Com Vítimas Feridas,Plena noite,Decrescente,Ceu Claro,Dupla,Reta,Urbano,2013,2,0,1,0,1,0,1,1
1280802,2013-04-06,Sábado,11:30:00,RN,101,96.2,NATAL,Falta de atenção,Colisão lateral,Com Vítimas Feridas,Pleno dia,Crescente,Ceu Claro,Dupla,Curva,Urbano,2013,2,0,1,0,1,0,1,2
1280807,2013-04-10,Quarta,15:15:00,RN,101,94.3,NATAL,Falta de atenção,Colisão lateral,Com Vítimas Feridas,Pleno dia,Crescente,Ceu Claro,Múltipla,Curva,Urbano,2013,3,0,1,0,2,0,1,2
1280829,2013-04-10,Quarta,15:30:00,RN,101,84.9,NATAL,Não guardar distância de segurança,Colisão traseira,Sem Vítimas,Pleno dia,Decrescente,Ceu Claro,Dupla,Reta,Urbano,2013,2,0,0,0,1,1,0,2
1280832,2013-04-10,Quarta,08:30:00,RN,101,77.8,NATAL,Falta de atenção,Colisão Transversal,Sem Vítimas,Pleno dia,Decrescente,Ceu Claro,Dupla,Reta,Urbano,2013,2,0,0,0,2,0,0,2
1280849,2013-04-10,Quarta,17:30:00,RN,101,101.7,PARNAMIRIM,Falta de atenção,Colisão traseira,Sem Vítimas,Anoitecer,Crescente,Ceu Claro,Múltipla,Reta,Urbano,2013,2,0,0,0,2,0,0,2
1280945,2013-04-10,Quarta,18:00:00,RN,405,0.1,MOSSORO,Falta de atenção,Colisão Transversal,Sem Vítimas,Plena noite,Decrescente,Ceu Claro,Simples,Cruzamento,Urbano,2013,2,0,0,0,2,0,0,2
1280970,2013-04-10,Quarta,18:45:00,RN,101,97.2,NATAL,Não guardar distância de segurança,Colisão traseira,Sem Vítimas,Plena noite,Crescente,Nublado,Múltipla,Reta,Urbano,2013,4,0,0,0,4,0,0,4
1281097,2013-04-03,Quarta,14:30:00,RN,101,95.9,NATAL,Não guardar distância de segurança,Colisão traseira,Sem Vítimas,Pleno dia,Decrescente,Ceu Claro,Múltipla,Reta,Urbano,2013,2,0,0,0,2,0,0,2
1281192,2013-04-09,Terça,05:45:00,RN,304,28.0,MOSSORO,Animais na Pista,Tombamento,Sem Vítimas,Amanhecer,Crescente,Ceu Claro,Simples,Reta,Urbano,2013,1,0,0,0,1,0,0,1
1281309,2013-03-28,Quinta,14:40:00,RN,101,155.0,GOIANINHA,Falta de atenção,Colisão lateral,Sem Vítimas,Pleno dia,Crescente,Ceu Claro,Múltipla,Reta,Rural,2013,2,0,0,0,2,0,0,2
1281328,2013-04-11,Quinta,12:30:00,RN,101,107.7,PARNAMIRIM,Não guardar distância de segurança,Colisão traseira,Sem Vítimas,Pleno dia,Crescente,Sol,Dupla,Cruzamento,Urbano,2013,2,0,0,0,2,0,0,2
1281375,2013-04-11,Quinta,16:03:00,RN,101,101.9,PARNAMIRIM,Outras,Colisão traseira,Sem Vítimas,Pleno dia,Decrescente,Sol,Dupla,Cruzamento,Urbano,2013,2,0,0,0,2,0,0,2
1281529,2013-04-11,Quinta,18:30:00,RN,304,80.9,MOSSORO,Defeito mecânico em veículo,Colisão com objeto móvel,Sem Vítimas,Anoitecer,Crescente,Ceu Claro,Simples,Reta,Rural,2013,2,0,0,0,2,0,0,2
1281534,2013-04-11,Quinta,22:50:00,RN,101,104.4,PARNAMIRIM,Outras,Colisão com objeto fixo,Com Vítimas Feridas,Plena noite,Crescente,Ignorada,Simples,Curva,Urbano,2013,1,0,1,0,0,0,1,1
1281547,2013-04-11,Quinta,06:20:00,RN,304,146.0,MOSSORO,Dormindo,Colisão com objeto fixo,Sem Vítimas,Plena noite,Decrescente,Sol,Simples,Reta,Rural,2013,1,0,0,0,1,0,0,1
1281566,2013-04-07,Domingo,13:00:00,RN,304,39.9,MOSSORO,Falta de atenção,Queda de motocicleta / bicicleta / veículo,Com Vítimas Feridas,Pleno dia,Decrescente,Sol,Simples,Curva,Urbano,2013,1,0,0,1,0,0,1,1
1281650,2013-04-01,Segunda,14:50:00,RN,101,82.0,NATAL,Falta de atenção,Colisão traseira,Sem Vítimas,Pleno dia,Decrescente,Ceu Claro,Dupla,Reta,Urbano,2013,4,0,0,0,4,0,0,4
1281651,2013-04-01,Segunda,06:45:00,RN,101,83.0,SAO GONCALO DO AMARANTE,Falta de atenção,Colisão lateral,Sem Vítimas,Pleno dia,Crescente,Sol,Dupla,Curva,Urbano,2013,2,0,0,0,2,0,0,2
1281672,2013-04-08,Segunda,07:20:00,RN,101,98.8,NATAL,Velocidade incompatível,Colisão traseira,Sem Vítimas,Pleno dia,Decrescente,Ceu Claro,Dupla,Reta,Urbano,2013,2,0,0,0,2,0,0,2
1281683,2013-04-12,Sexta,06:35:00,RN,110,45.4,MOSSORO,Outras,Colisão lateral,Com Vítimas Feridas,Pleno dia,Decrescente,Ceu Claro,Simples,Reta,Urbano,2013,2,0,2,0,0,0,2,2
1281787,2013-04-12,Sexta,11:40:00,RN,101,107.2,NATAL,Falta de atenção,Colisão traseira,Sem Vítimas,Pleno dia,Decrescente,Ceu Claro,Dupla,Reta,Urbano,2013,2,0,0,0,2,0,0,2
1281826,2013-04-09,Terça,21:30:00,RN,405,0.4,MOSSORO,Ingestão de álcool,Colisão traseira,Sem Vítimas,Plena noite,Crescente,Ceu Claro,Dupla,Cruzamento,Urbano,2013,2,0,0,0,2,0,0,2
1281855,2013-03-23,Sábado,08:00:00,RN,101,97.0,NATAL,Falta de atenção,Colisão traseira,Sem Vítimas,Pleno dia,Decrescente,Ceu Claro,Dupla,Reta,Urbano,2013,3,0,0,0,2,1,0,3
1281886,2013-04-12,Sexta,10:30:00,RN,101,101.5,PARNAMIRIM,Falta de atenção,Colisão lateral,Sem Vítimas,Pleno dia,Crescente,Ceu Claro,Dupla,Cruzamento,Urbano,2013,2,0,0,0,2,0,0,2
1282069,2013-04-12,Sexta,17:45:00,RN,101,95.4,NATAL,Não guardar distância de segurança,Colisão traseira,Sem Vítimas,Plena noite,Crescente,Ceu Claro,Múltipla,Reta,Urbano,2013,4,0,0,0,4,0,0,4
1282161,2013-04-08,Segunda,07:30:00,RN,406,150.0,CEARA-MIRIM,Outras,Colisão frontal,Sem Vítimas,Pleno dia,Crescente,Ceu Claro,Simples,Reta,Urbano,2013,3,0,0,0,2,1,0,3
1282219,2013-04-12,Sexta,14:55:00,RN,101,99.9,NATAL,Falta de atenção,Colisão traseira,Sem Vítimas,Pleno dia,Crescente,Ceu Claro,Dupla,Reta,Urbano,2013,2,0,0,0,2,0,0,2
1282221,2013-04-12,Sexta,18:20:00,RN,101,111.9,PARNAMIRIM,Ingestão de álcool,Colisão traseira,Com Vítimas Feridas,Plena noite,Decrescente,Ceu Claro,Dupla,Reta,Urbano,2013,2,0,0,1,1,0,1,2
1282227,2013-04-12,Sexta,22:44:00,RN,101,94.4,NATAL,Falta de atenção,Colisão Transversal,Sem Vítimas,Plena noite,Crescente,Ceu Claro,Múltipla,Reta,Urbano,2013,2,0,0,0,1,1,0,2
1282238,2013-04-12,Sexta,18:15:00,RN,101,111.9,SAO JOSE DE MIPIBU,Velocidade incompatível,Colisão traseira,Com Vítimas Feridas,Plena noite,Crescente,Ignorada,Dupla,Reta,Rural,2013,2,0,0,1,1,0,1,2
1282239,2013-04-08,Segunda,06:10:00,RN,101,84.6,SAO GONCALO DO AMARANTE,Não guardar distância de segurança,Colisão lateral,Sem Vítimas,Pleno dia,Crescente,Sol,Dupla,Reta,Urbano,2013,2,0,0,0,1,1,0,2
1282251,2013-04-09,Terça,19:00:00,RN,101,125.0,SAO JOSE DE MIPIBU,Não guardar distância de segurança,Colisão traseira,Sem Vítimas,Plena noite,Decrescente,Ceu Claro,Dupla,Reta,Urbano,2013,2,0,0,0,2,0,0,2
1282265,2013-04-10,Quarta,00:45:00,RN,101,115.2,SAO JOSE DE MIPIBU,Dormindo,Saída de Pista,Com Vítimas Feridas,Plena noite,Crescente,Ceu Claro,Múltipla,Curva,Rural,2013,1,0,0,1,0,0,1,1
1282271,2013-04-13,Sábado,07:30:00,RN,304,48.0,MOSSORO,Não guardar distância de segurança,Colisão traseira,Com Vítimas Feridas,Pleno dia,Decrescente,Nublado,Simples,Reta,Urbano,2013,2,0,1,0,1,0,1,2
1282370,2013-04-13,Sábado,20:00:00,RN,101,83.0,NATAL,Não guardar distância de segurança,Colisão traseira,Com Vítimas Feridas,Plena noite,Decrescente,Ceu Claro,Dupla,Reta,Urbano,2013,2,0,1,0,1,0,1,2
1282498,2013-04-10,Quarta,18:55:00,RN,101,105.6,PARNAMIRIM,Falta de atenção,Colisão traseira,Sem Vítimas,Plena noite,Decrescente,Ceu Claro,Dupla,Reta,Urbano,2013,3,0,0,0,3,0,0,3
1282656,2013-04-14,Domingo,15:45:00,RN,101,113.0,SAO JOSE DE MIPIBU,Defeito mecânico em veículo,Queda de motocicleta / bicicleta / veículo,Com Vítimas Feridas,Pleno dia,Decrescente,Ceu Claro,Dupla,Reta,Rural,2013,2,0,2,0,0,0,2,1
1282666,2013-04-14,Domingo,09:35:00,RN,226,53.2,BOM JESUS,Falta de atenção,Colisão Transversal,Com Vítimas Feridas,Pleno dia,Crescente,Ceu Claro,Simples,Reta,Rural,2013,2,0,1,0,1,0,1,2
1282673,2013-04-04,Quinta,06:50:00,RN,304,43.0,MOSSORO,Defeito mecânico em veículo,Saída de Pista,Sem Vítimas,Pleno dia,Decrescente,Ceu Claro,Dupla,Reta,Urbano,2013,1,0,0,0,1,0,0,1
1282709,2013-04-11,Quinta,03:30:00,RN,304,268.8,SAO PEDRO,Dormindo,Tombamento,Sem Vítimas,Plena noite,Decrescente,Ceu Claro,Simples,Reta,Rural,2013,1,0,0,0,1,0,0,1
1282741,2013-04-14,Domingo,09:45:00,RN,101,68.3,EXTREMOZ,Falta de atenção,Colisão Transversal,Sem Vítimas,Pleno dia,Decrescente,Sol,Simples,Reta,Rural,2013,2,0,0,0,2,0,0,2
1282743,2013-04-14,Domingo,19:20:00,RN,226,13.4,MACAIBA,Defeito mecânico em veículo,Saída de Pista,Com Vítimas Feridas,Pleno dia,Decrescente,Ceu Claro,Simples,Curva,Rural,2013,1,0,1,0,0,0,1,1
1282886,2013-04-15,Segunda,02:30:00,RN,226,74.3,SERRA CAIADA,Outras,Atropelamento de pessoa,Com Vítimas Fatais,Plena noite,Decrescente,Ceu Claro,Simples,Reta,Rural,2013,2,1,0,0,0,1,0,1
1282915,2013-04-15,Segunda,06:20:00,RN,226,176.0,CURRAIS NOVOS,Outras,Colisão traseira,Sem Vítimas,Amanhecer,Decrescente,Ceu Claro,Simples,Reta,Urbano,2013,2,0,0,0,2,0,0,2
1282931,2013-04-15,Segunda,06:40:00,RN,101,103.3,PARNAMIRIM,Falta de atenção,Colisão lateral,Com Vítimas Feridas,Pleno dia,Decrescente,Ceu Claro,Dupla,Reta,Urbano,2013,3,0,2,0,1,0,2,2
1282940,2013-04-15,Segunda,06:45:00,RN,101,107.0,PARNAMIRIM,Desobediência à sinalização,Atropelamento de pessoa,Com Vítimas Feridas,Pleno dia,Decrescente,Sol,Dupla,Cruzamento,Urbano,2013,2,0,1,0,1,0,1,1
1282943,2013-04-15,Segunda,08:00:00,RN,101,106.9,PARNAMIRIM,Não guardar distância de segurança,Colisão traseira,Sem Vítimas,Pleno dia,Decrescente,Sol,Dupla,Reta,Urbano,2013,3,0,0,0,2,1,0,3
1282998,2013-04-15,Segunda,07:35:00,RN,226,1.8,NATAL,Falta de atenção,Colisão lateral,Sem Vítimas,Pleno dia,Crescente,Ceu Claro,Dupla,Reta,Urbano,2013,2,0,0,0,2,0,0,2
1283016,2013-04-14,Domingo,00:30:00,RN,226,2.2,NATAL,Ultrapassagem indevida,Colisão lateral,Com Vítimas Feridas,Plena noite,Decrescente,Ignorada,Dupla,Reta,Urbano,2013,4,0,1,1,2,0,2,3
1283076,2013-04-15,Segunda,08:45:00,RN,101,107.2,PARNAMIRIM,Outras,Colisão Transversal,Sem Vítimas,Pleno dia,Crescente,Ceu Claro,Dupla,Reta,Urbano,2013,2,0,0,0,2,0,0,2
1283091,2013-04-15,Segunda,13:40:00,RN,101,104.4,PARNAMIRIM,Não guardar distância de segurança,Colisão lateral,Sem Vítimas,Pleno dia,Crescente,Sol,Múltipla,Curva,Urbano,2013,2,0,0,0,2,0,0,2
1283125,2013-04-15,Segunda,13:30:00,RN,101,103.5,PARNAMIRIM,Falta de atenção,Colisão Transversal,Sem Vítimas,Pleno dia,Crescente,Ceu Claro,Dupla,Reta,Urbano,2013,2,0,0,0,2,0,0,2
1283173,2013-04-11,Quinta,22:05:00,RN,101,96.8,NATAL,Falta de atenção,Colisão traseira,Sem Vítimas,Plena noite,Crescente,Ceu Claro,Simples,Reta,Urbano,2013,2,0,0,0,2,0,0,2
1283273,2013-04-10,Quarta,19:20:00,RN,101,97.0,NATAL,Falta de atenção,Colisão lateral,Sem Vítimas,Plena noite,Crescente,Nublado,Simples,Reta,Urbano,2013,2,0,0,0,2,0,0,2
1283315,2013-04-15,Segunda,19:00:00,RN,101,96.2,NATAL,Não guardar distância de segurança,Colisão traseira,Sem Vítimas,Plena noite,Crescente,Ceu Claro,Múltipla,Reta,Urbano,2013,2,0,0,0,2,0,0,2
1283398,2013-04-15,Segunda,18:30:00,RN,101,84.1,NATAL,Falta de atenção,Colisão lateral,Sem Vítimas,Plena noite,Decrescente,Ceu Claro,Dupla,Reta,Urbano,2013,2,0,0,0,2,0,0,2
1283430,2013-04-15,Segunda,14:00:00,RN,101,84.4,SAO GONCALO DO AMARANTE,Outras,Colisão lateral,Sem Vítimas,Pleno dia,Crescente,Sol,Dupla,Reta,Urbano,2013,2,0,0,0,2,0,0,2
1283478,2013-04-16,Terça,05:00:00,RN,101,159.5,CANGUARETAMA,Dormindo,Capotamento,Com Vítimas Feridas,Amanhecer,Crescente,Ceu Claro,Dupla,Reta,Urbano,2013,2,0,2,0,0,0,2,1
1283495,2013-04-12,Sexta,19:00:00,RN,406,145.0,CEARA-MIRIM,Outras,Colisão com objeto móvel,Sem Vítimas,Plena noite,Crescente,Ceu Claro,Simples,Reta,Rural,2013,2,0,0,0,2,0,0,2
1283522,2013-04-13,Sábado,06:00:00,RN,304,37.8,MOSSORO,Falta de atenção,Colisão traseira,Sem Vítimas,Pleno dia,Crescente,Ceu Claro,Simples,Reta,Urbano,2013,4,0,0,0,3,1,0,2
1283527,2013-04-10,Quarta,14:30:00,RN,405,147.7,SAO FRANCISCO DO OESTE,Falta de atenção,Capotamento,Com Vítimas Feridas,Pleno dia,Crescente,Ceu Claro,Simples,Reta,Rural,2013,3,0,0,2,0,1,2,2
1283533,2013-04-14,Domingo,05:20:00,RN,304,300.5,MACAIBA,Ingestão de álcool,Capotamento,Com Vítimas Fatais,Amanhecer,Decrescente,Sol,Dupla,Reta,Rural,2013,2,1,1,0,0,0,1,1
1283560,2013-04-13,Sábado,17:45:00,RN,101,100.7,PARNAMIRIM,Falta de atenção,Colisão traseira,Com Vítimas Feridas,Plena noite,Decrescente,Ceu Claro,Múltipla,Curva,Urbano,2013,3,0,2,0,1,0,2,2
1283616,2013-04-16,Terça,10:30:00,RN,101,85.0,SAO GONCALO DO AMARANTE,Outras,Colisão lateral,Com Vítimas Feridas,Pleno dia,Crescente,Ceu Claro,Dupla,Reta,Urbano,2013,2,0,1,0,1,0,1,2
1283664,2013-04-16,Terça,08:00:00,RN,101,99.9,PARNAMIRIM,Outras,Colisão traseira,Sem Vítimas,Pleno dia,Decrescente,Ceu Claro,Dupla,Reta,Urbano,2013,2,0,0,0,2,0,0,2
1283674,2013-04-16,Terça,07:38:00,RN,101,96.3,NATAL,Não guardar distância de segurança,Colisão traseira,Sem Vítimas,Pleno dia,Decrescente,Sol,Dupla,Curva,Urbano,2013,3,0,0,0,3,0,0,3
1283840,2013-04-16,Terça,16:50:00,RN,304,69.3,MOSSORO,Falta de atenção,Colisão lateral,Sem Vítimas,Pleno dia,Decrescente,Ceu Claro,Simples,Reta,Rural,2013,2,0,0,0,2,0,0,2
1283942,2013-04-13,Sábado,13:30:00,RN,110,48.9,MOSSORO,Outras,Colisão lateral,Com Vítimas Feridas,Pleno dia,Crescente,Ceu Claro,Simples,Reta,Urbano,2013,2,0,1,1,0,0,2,2
1284000,2013-04-17,Quarta,09:20:00,RN,101,85.0,SAO GONCALO DO AMARANTE,Outras,Queda de motocicleta / bicicleta / veículo,Com Vítimas Feridas,Pleno dia,Crescente,Ceu Claro,Dupla,Reta,Urbano,2013,2,0,1,0,1,0,1,2
1284027,2013-04-17,Quarta,09:10:00,RN,110,43.0,MOSSORO,Ultrapassagem indevida,Colisão lateral,Com Vítimas Feridas,Pleno dia,Decrescente,Ceu Claro,Simples,Reta,Rural,2013,3,0,1,0,1,1,1,3
1284039,2013-04-17,Quarta,08:50:00,RN,101,100.9,PARNAMIRIM,Defeito mecânico em veículo,Colisão traseira,Sem Vítimas,Pleno dia,Decrescente,Ceu Claro,Dupla,Reta,Urbano,2013,2,0,0,0,2,0,0,2
1284050,2013-04-17,Quarta,11:15:00,RN,226,175.2,CURRAIS NOVOS,Outras,Saída de Pista,Sem Vítimas,Pleno dia,Crescente,Ceu Claro,Simples,Reta,Urbano,2013,2,0,0,0,1,1,0,2
1284102,2013-04-16,Terça,11:30:00,RN,427,102.8,CAICO,Falta de atenção,Colisão lateral,Com Vítimas Feridas,Pleno dia,Crescente,Ceu Claro,Simples,Reta,Urbano,2013,2,0,1,0,0,1,1,2
1284211,2013-04-16,Terça,18:30:00,RN,226,1.0,NATAL,Outras,Colisão traseira,Sem Vítimas,Plena noite,Crescente,Ceu Claro,Dupla,Cruzamento,Urbano,2013,2,0,0,0,2,0,0,2
1284504,2013-04-17,Quarta,11:38:00,RN,304,237.3,RIACHUELO,Outras,Saída de Pista,Sem Vítimas,Pleno dia,Crescente,Chuva,Dupla,Reta,Urbano,2013,1,0,0,0,1,0,0,1
1284564,2013-04-14,Domingo,16:50:00,RN,101,119.5,SAO JOSE DE MIPIBU,Outras,Atropelamento de pessoa,Com Vítimas Fatais,Pleno dia,Decrescente,Ceu Claro,Dupla,Reta,Rural,2013,4,1,0,0,3,0,0,1
1284571,2013-04-06,Sábado,15:15:00,RN,101,85.0,NATAL,Falta de atenção,Colisão lateral,Sem Vítimas,Pleno dia,Decrescente,Sol,Dupla,Reta,Urbano,2013,2,0,0,0,2,0,0,2
1284701,2013-04-18,Quinta,10:00:00,RN,101,100.2,PARNAMIRIM,Falta de atenção,Colisão traseira,Sem Vítimas,Pleno dia,Decrescente,Sol,Múltipla,Reta,Urbano,2013,3,0,0,0,3,0,0,3
1284747,2013-04-14,Domingo,23:50:00,RN,427,1.3,CURRAIS NOVOS,Animais na Pista,Atropelamento de animal,Com Vítimas Feridas,Plena noite,Decrescente,Ceu Claro,Simples,Reta,Rural,2013,1,0,0,1,0,0,1,1
1284767,2013-04-18,Quinta,13:15:00,RN,101,103.3,PARNAMIRIM,Não guardar distância de segurança,Colisão traseira,Sem Vítimas,Pleno dia,Crescente,Sol,Múltipla,Cruzamento,Urbano,2013,2,0,0,0,2,0,0,2
1284803,2013-04-18,Quinta,12:30:00,RN,101,96.2,NATAL,Defeito mecânico em veículo,Colisão Transversal,Sem Vítimas,Pleno dia,Decrescente,Ceu Claro,Múltipla,Cruzamento,Urbano,2013,2,0,0,0,2,0,0,2
1284813,2013-04-18,Quinta,13:45:00,RN,304,38.0,MOSSORO,Falta de atenção,Queda de motocicleta / bicicleta / veículo,Com Vítimas Feridas,Pleno dia,Crescente,Chuva,Dupla,Reta,Urbano,2013,2,0,2,0,0,0,2,1
1284905,2013-04-18,Quinta,18:30:00,RN,406,165.0,NATAL,Animais na Pista,Atropelamento de animal,Sem Vítimas,Plena noite,Crescente,Ceu Claro,Simples,Reta,Urbano,2013,1,0,0,0,1,0,0,1
1284923,2013-04-07,Domingo,06:20:00,RN,110,47.1,MOSSORO,Outras,Colisão lateral,Com Vítimas Feridas,Pleno dia,Decrescente,Ceu Claro,Simples,Reta,Urbano,2013,2,0,0,1,1,0,1,2
1284947,2013-04-18,Quinta,12:55:00,RN,101,100.6,PARNAMIRIM,Defeito mecânico em veículo,Colisão com objeto móvel,Com Vítimas Feridas,Pleno dia,Decrescente,Nublado,Dupla,Reta,Urbano,2013,3,0,1,0,2,0,1,3
1285007,2013-04-18,Quinta,17:30:00,RN,304,224.9,CAICARA DO RIO DO VENTO,Ultrapassagem indevida,Colisão frontal,Com Vítimas Feridas,Anoitecer,Decrescente,Ceu Claro,Simples,Reta,Rural,2013,3,0,2,1,0,0,3,2
1285086,2013-04-18,Quinta,13:05:00,RN,101,100.0,NATAL,Defeito mecânico em veículo,Colisão traseira,Com Vítimas Feridas,Pleno dia,Crescente,Ceu Claro,Dupla,Reta,Urbano,2013,2,0,0,1,1,0,1,2
1285095,2013-04-18,Quinta,06:30:00,RN,101,102.4,PARNAMIRIM,Falta de atenção,Colisão traseira,Sem Vítimas,Pleno dia,Decrescente,Ceu Claro,Dupla,Reta,Urbano,2013,2,0,0,0,2,0,0,2
1285158,2013-04-19,Sexta,06:50:00,RN,101,99.3,NATAL,Não guardar distância de segurança,Colisão traseira,Sem Vítimas,Pleno dia,Decrescente,Chuva,Dupla,Reta,Urbano,2013,2,0,0,0,2,0,0,2
1285231,2013-04-16,Terça,14:30:00,RN,226,289.1,CAMPO GRANDE,Velocidade incompatível,Tombamento,Com Vítimas Feridas,Pleno dia,Decrescente,Ceu Claro,Simples,Curva,Rural,2013,1,0,1,0,0,0,1,1
1285462,2013-04-19,Sexta,16:30:00,RN,101,138.0,SAO JOSE DE MIPIBU,Defeito mecânico em veículo,Capotamento,Com Vítimas Feridas,Pleno dia,Decrescente,Chuva,Dupla,Reta,Rural,2013,5,0,5,0,0,0,5,1
1285535,2013-04-15,Segunda,07:00:00,RN,101,105.9,PARNAMIRIM,Outras,Colisão lateral,Com Vítimas Feridas,Pleno dia,Crescente,Sol,Dupla,Curva,Urbano,2013,3,0,0,1,2,0,1,2
1285606,2013-04-19,Sexta,13:40:00,RN,101,97.0,NATAL,Falta de atenção,Colisão traseira,Com Vítimas Feridas,Pleno dia,Crescente,Nublado,Múltipla,Reta,Urbano,2013,2,0,1,0,1,0,1,2
1285707,2013-04-20,Sábado,03:00:00,RN,226,5.2,NATAL,Falta de atenção,Colisão lateral,Com Vítimas Feridas,Plena noite,Decrescente,Nublado,Dupla,Curva,Urbano,2013,2,0,1,0,1,0,1,2
1285786,2013-04-19,Sexta,13:00:00,RN,226,59.0,BOM JESUS,Falta de atenção,Capotamento,Com Vítimas Feridas,Pleno dia,Crescente,Ceu Claro,Simples,Curva,Rural,2013,2,0,2,0,0,0,2,1