id,data_inversa,dia_semana,horario,uf,br,km,municipio,causa_acidente,tipo_acidente,classificacao_acidente,fase_dia,sentido_via,condicao_metereologica,tipo_pista,tracado_via,uso_solo,ano,pessoas,mortos,feridos_leves,feridos_graves,ilesos,ignorados,feridos,veiculos
1291601,2013-05-01,Quarta,09:00:00,RN,101,116.9,SAO JOSE DE MIPIBU,Outras,Colisão lateral,Com Vítimas Feridas,Pleno dia,Decrescente,Nublado,Dupla,Reta,Rural,2013,3,0,1,1,1,0,2,2
1291628,2013-05-01,Quarta,08:16:00,RN,304,305.2,PARNAMIRIM,Defeito mecânico em veículo,Colisão lateral,Com Vítimas Fatais,Pleno dia,Decrescente,Sol,Dupla,Reta,Rural,2013,3,1,1,0,1,0,1,2
1291650,2013-04-28,Domingo,16:50:00,RN,304,295.5,MACAIBA,Falta de atenção,Colisão traseira,Sem Vítimas,Anoitecer,Crescente,Nublado,Simples,Reta,Urbano,2013,2,0,0,0,2,0,0,2
1291726,2013-04-30,Terça,18:45:00,RN,101,99.9,NATAL,Outras,Colisão lateral,Sem Vítimas,Anoitecer,Crescente,Ignorada,Dupla,Reta,Urbano,2013,2,0,0,0,2,0,0,2
1291736,2013-04-28,Domingo,02:30:00,RN,101,153.8,GOIANINHA,Outras,Colisão com objeto fixo,Com Vítimas Feridas,Plena noite,Decrescente,Chuva,Dupla,Reta,Rural,2013,2,0,2,0,0,0,2,1
1291816,2013-04-30,Terça,10:00:00,RN,405,42.9,GOVERNADOR DIX-SEPT ROSADO,Defeito mecânico em veículo,Capotamento,Sem Vítimas,Pleno dia,Crescente,Sol,Simples,Reta,Rural,2013,1,0,0,0,1,0,0,1
1291838,2013-04-29,Segunda,10:30:00,RN,304,175.9,LAJES,Outras,Tombamento,Sem Vítimas,Pleno dia,Decrescente,Sol,Simples,Reta,Rural,2013,1,0,0,0,1,0,0,1
1291867,2013-04-29,Segunda,21:15:00,RN,101,95.0,NATAL,Outras,Colisão traseira,Sem Vítimas,Plena noite,Decrescente,Chuva,Dupla,Curva,Urbano,2013,2,0,0,0,2,0,0,2
1291961,2013-04-28,Domingo,22:10:00,RN,304,75.5,MOSSORO,Animais na Pista,Tombamento,Sem Vítimas,Plena noite,Crescente,Nublado,Simples,Reta,Rural,2013,1,0,0,0,1,0,0,1
1292119,2013-04-24,Quarta,02:30:00,RN,101,145.3,GOIANINHA,Falta de atenção,Tombamento,Sem Vítimas,Plena noite,Decrescente,Chuva,Dupla,Curva,Rural,2013,1,0,0,0,1,0,0,1
1292122,2013-05-02,Quinta,18:20:00,RN,226,4.9,NATAL,Animais na Pista,Atropelamento de animal,Com Vítimas Feridas,Plena noite,Crescente,Ceu Claro,Simples,Reta,Urbano,2013,1,0,1,0,0,0,1,1
1292134,2013-05-02,Quinta,07:40:00,RN,101,101.5,PARNAMIRIM,Falta de atenção,Colisão traseira,Sem Vítimas,Pleno dia,Decrescente,Sol,Dupla,Reta,Urbano,2013,2,0,0,0,2,0,0,2
1292136,2013-05-02,Quinta,18:00:00,RN,101,96.7,NATAL,Falta de atenção,Colisão traseira,Sem Vítimas,Anoitecer,Crescente,Ceu Claro,Dupla,Cruzamento,Urbano,2013,2,0,0,0,2,0,0,2
1292212,2013-04-24,Quarta,22:30:00,RN,101,67.9,EXTREMOZ,Outras,Queda de motocicleta / bicicleta / veículo,Com Vítimas Feridas,Plena noite,Decrescente,Chuva,Simples,Reta,Urbano,2013,1,0,1,0,0,0,1,1
1292267,2013-05-02,Quinta,08:30:00,RN,101,107.8,PARNAMIRIM,Desobediência à sinalização,Colisão traseira,Sem Vítimas,Pleno dia,Decrescente,Ceu Claro,Dupla,Cruzamento,Urbano,2013,2,0,0,0,2,0,0,2
1292311,2013-04-27,Sábado,14:35:00,RN,304,50.4,MOSSORO,Defeito mecânico em veículo,Queda de motocicleta / bicicleta / veículo,Com Vítimas Feridas,Pleno dia,Decrescente,Sol,Simples,Reta,Rural,2013,1,0,1,0,0,0,1,1
1292317,2013-05-02,Quinta,23:58:00,RN,101,96.0,NATAL,Desobediência à sinalização,Colisão Transversal,Com Vítimas Feridas,Plena noite,Decrescente,Ceu Claro,Múltipla,Cruzamento,Urbano,2013,2,0,1,0,1,0,1,2
1292466,2013-04-25,Quinta,14:30:00,RN,101,96.8,NATAL,Falta de atenção,Colisão lateral,Sem Vítimas,Pleno dia,Crescente,Ceu Claro,Simples,Reta,Urbano,2013,2,0,0,0,2,0,0,2
1292488,2013-05-03,Sexta,08:20:00,RN,101,85.5,SAO GONCALO DO AMARANTE,Não guardar distância de segurança,Colisão traseira,Sem Vítimas,Pleno dia,Crescente,Ceu Claro,Dupla,Reta,Urbano,2013,3,0,0,0,2,1,0,3
1292492,2013-04-29,Segunda,08:40:00,RN,226,71.5,SERRA CAIADA,Outras,Capotamento,Sem Vítimas,Pleno dia,Crescente,Nublado,Simples,Reta,Rural,2013,1,0,0,0,1,0,0,1
1292511,2013-04-29,Segunda,22:20:00,RN,101,99.8,NATAL,Não guardar distância de segurança,Colisão lateral,Sem Vítimas,Plena noite,Decrescente,Ceu Claro,Dupla,Reta,Urbano,2013,2,0,0,0,2,0,0,2
1292521,2013-04-28,Domingo,18:00:00,RN,226,50.0,BOM JESUS,Outras,Colisão traseira,Com Vítimas Feridas,Plena noite,Decrescente,Ceu Claro,Simples,Reta,Rural,2013,4,0,3,0,0,1,3,3
1292549,2013-04-29,Segunda,05:00:00,RN,101,84.9,SAO GONCALO DO AMARANTE,Falta de atenção,Capotamento,Sem Vítimas,Amanhecer,Crescente,Nublado,Dupla,Curva,Urbano,2013,1,0,0,0,1,0,0,1
1292579,2013-05-03,Sexta,12:10:00,RN,101,123.0,SAO JOSE DE MIPIBU,Não guardar distância de segurança,Colisão traseira,Sem Vítimas,Pleno dia,Decrescente,Sol,Dupla,Reta,Urbano,2013,2,0,0,0,2,0,0,2
1292620,2013-05-03,Sexta,15:50:00,RN,101,84.9,SAO GONCALO DO AMARANTE,Outras,Colisão lateral,Com Vítimas Feridas,Pleno dia,Crescente,Ceu Claro,Dupla,Reta,Urbano,2013,3,0,1,0,2,0,1,3
1292623,2013-04-28,Domingo,18:45:00,RN,405,152.4,PAU DOS FERROS,Desobediência à sinalização,Colisão frontal,Com Vítimas Feridas,Plena noite,Crescente,Ceu Claro,Simples,Reta,Urbano,2013,2,0,1,0,1,0,1,2
1292671,2013-05-03,Sexta,14:45:00,RN,304,45.1,MOSSORO,Não guardar distância de segurança,Colisão Transversal,Sem Vítimas,Pleno dia,Crescente,Ceu Claro,Dupla,Reta,Urbano,2013,2,0,0,0,2,0,0,2
1292680,2013-04-30,Terça,18:46:00,RN,101,99.7,NATAL,Outras,Colisão lateral,Sem Vítimas,Plena noite,Crescente,Ceu Claro,Múltipla,Reta,Urbano,2013,2,0,0,0,2,0,0,2
1292693,2013-05-03,Sexta,17:35:00,RN,101,96.0,NATAL,Falta de atenção,Colisão traseira,Sem Vítimas,Anoitecer,Crescente,Ceu Claro,Múltipla,Reta,Urbano,2013,2,0,0,0,2,0,0,2
1292695,2013-05-03,Sexta,04:50:00,RN,304,90.4,ASSU,Falta de atenção,Colisão traseira,Sem Vítimas,Amanhecer,Crescente,Ceu Claro,Simples,Reta,Rural,2013,2,0,0,0,2,0,0,2
1292736,2013-05-03,Sexta,08:00:00,RN,304,295.8,MACAIBA,Não guardar distância de segurança,Colisão traseira,Sem Vítimas,Pleno dia,Crescente,Ceu Claro,Simples,Reta,Rural,2013,3,0,0,0,3,0,0,3
1292769,2013-05-03,Sexta,09:45:00,RN,226,247.8,JUCURUTU,Outras,Colisão com objeto fixo,Com Vítimas Feridas,Pleno dia,Decrescente,Sol,Simples,Reta,Rural,2013,2,0,1,0,1,0,1,2
1292828,2013-05-03,Sexta,16:10:00,RN,101,83.5,NATAL,Falta de atenção,Colisão traseira,Sem Vítimas,Pleno dia,Decrescente,Ceu Claro,Dupla,Reta,Urbano,2013,2,0,0,0,2,0,0,2
1292891,2013-05-02,Quinta,15:20:00,RN,101,95.8,NATAL,Falta de atenção,Colisão traseira,Sem Vítimas,Pleno dia,Crescente,Ceu Claro,Dupla,Reta,Urbano,2013,2,0,0,0,2,0,0,2
1292926,2013-05-04,Sábado,07:05:00,RN,101,148.7,GOIANINHA,Falta de atenção,Atropelamento de pessoa,Com Vítimas Feridas,Pleno dia,Decrescente,Ceu Claro,Dupla,Reta,Urbano,2013,2,0,0,1,1,0,1,1
1292935,2013-05-01,Quarta,00:20:00,RN,101,143.7,GOIANINHA,Falta de atenção,Colisão com objeto fixo,Sem Vítimas,Plena noite,Decrescente,Ceu Claro,Dupla,Reta,Rural,2013,1,0,0,0,1,0,0,1
1292992,2013-05-04,Sábado,13:15:00,RN,101,81.9,NATAL,Desobediência à sinalização,Colisão Transversal,Com Vítimas Feridas,Pleno dia,Decrescente,Sol,Dupla,Reta,Urbano,2013,2,0,1,0,0,1,1,2
1293108,2013-05-04,Sábado,17:40:00,RN,304,294.0,MACAIBA,Outras,Colisão lateral,Com Vítimas Feridas,Anoitecer,Crescente,Ceu Claro,Simples,Curva,Rural,2013,3,0,1,1,1,0,2,2
1293178,2013-05-04,Sábado,18:55:00,RN,101,96.3,NATAL,Não guardar distância de segurança,Colisão traseira,Com Vítimas Feridas,Plena noite,Crescente,Chuva,Múltipla,Reta,Urbano,2013,2,0,0,1,1,0,1,2
1293208,2013-05-03,Sexta,06:00:00,RN,304,295.0,MACAIBA,Não guardar distância de segurança,Colisão traseira,Sem Vítimas,Pleno dia,Crescente,Nublado,Simples,Reta,Urbano,2013,2,0,0,0,2,0,0,2
1293241,2013-05-04,Sábado,16:30:00,RN,406,103.0,JOAO CAMARA,Falta de atenção,Colisão lateral,Sem Vítimas,Pleno dia,Decrescente,Sol,Simples,Reta,Urbano,2013,2,0,0,0,2,0,0,2
1293341,2013-05-02,Quinta,07:54:00,RN,304,134.5,IPANGUACU,Animais na Pista,Atropelamento de animal,Sem Vítimas,Pleno dia,Crescente,Ceu Claro,Simples,Reta,Rural,2013,1,0,0,0,1,0,0,1
1293359,2013-05-02,Quinta,06:10:00,RN,304,90.3,ASSU,Defeito mecânico em veículo,Colisão com objeto fixo,Sem Vítimas,Pleno dia,Crescente,Sol,Simples,Reta,Rural,2013,1,0,0,0,1,0,0,1
1293397,2013-05-02,Quinta,04:40:00,RN,304,73.0,MOSSORO,Falta de atenção,Colisão lateral,Sem Vítimas,Amanhecer,Crescente,Ceu Claro,Simples,Reta,Rural,2013,2,0,0,0,2,0,0,2
1293601,2013-05-05,Domingo,17:20:00,RN,101,97.3,NATAL,Outras,Colisão traseira,Sem Vítimas,Anoitecer,Crescente,Chuva,Múltipla,Reta,Urbano,2013,2,0,0,0,2,0,0,2
1293631,2013-05-05,Domingo,17:25:00,RN,101,94.3,NATAL,Não guardar distância de segurança,Colisão traseira,Sem Vítimas,Anoitecer,Crescente,Chuva,Múltipla,Reta,Urbano,2013,2,0,0,0,2,0,0,2
1293652,2013-04-27,Sábado,17:45:00,RN,405,159.8,RAFAEL FERNANDES,Falta de atenção,Colisão traseira,Com Vítimas Feridas,Anoitecer,Decrescente,Ceu Claro,Simples,Reta,Urbano,2013,3,0,1,1,1,0,2,2
1293711,2013-05-05,Domingo,17:10:00,RN,405,2.0,MOSSORO,Outras,Colisão Transversal,Com Vítimas Feridas,Pleno dia,Decrescente,Sol,Dupla,Cruzamento,Urbano,2013,2,0,1,0,1,0,1,2
1293713,2013-04-30,Terça,00:10:00,RN,304,30.3,MOSSORO,Outras,Atropelamento de pessoa,Com Vítimas Fatais,Plena noite,Crescente,Nublado,Simples,Reta,Rural,2013,2,1,0,0,0,1,0,1
1293752,2013-05-04,Sábado,14:00:00,RN,101,79.4,NATAL,Outras,Colisão Transversal,Sem Vítimas,Pleno dia,Decrescente,Ceu Claro,Dupla,Reta,Urbano,2013,2,0,0,0,1,1,0,2
1293838,2013-05-06,Segunda,06:25:00,RN,304,293.0,MACAIBA,Falta de atenção,Colisão traseira,Sem Vítimas,Amanhecer,Crescente,Ceu Claro,Simples,Reta,Rural,2013,3,0,0,0,2,1,0,3
1293850,2013-05-06,Segunda,10:30:00,RN,101,27.2,RIO DO FOGO,Outras,Saída de Pista,Sem Vítimas,Pleno dia,Decrescente,Ceu Claro,Simples,Reta,Rural,2013,1,0,0,0,1,0,0,1
1293900,2013-05-06,Segunda,12:40:00,RN,101,80.0,NATAL,Falta de atenção,Colisão Transversal,Sem Vítimas,Pleno dia,Decrescente,Ceu Claro,Dupla,Cruzamento,Urbano,2013,2,0,0,0,1,1,0,2
1293968,2013-05-03,Sexta,18:00:00,RN,304,126.3,ASSU,Animais na Pista,Colisão traseira,Sem Vítimas,Anoitecer,Crescente,Ceu Claro,Simples,Reta,Rural,2013,2,0,0,0,2,0,0,2
1294055,2013-05-03,Sexta,18:10:00,RN,405,9.9,MOSSORO,Outras,Colisão com objeto fixo,Com Vítimas Feridas,Anoitecer,Crescente,Ceu Claro,Simples,Reta,Rural,2013,3,0,3,0,0,0,3,2
1294080,2013-04-28,Domingo,07:50:00,RN,427,94.9,CAICO,Ingestão de álcool,Capotamento,Com Vítimas Feridas,Pleno dia,Crescente,Ceu Claro,Simples,Reta,Urbano,2013,6,0,4,0,2,0,4,1
1294097,2013-05-05,Domingo,18:05:00,RN,405,8.2,MOSSORO,Ingestão de álcool,Colisão lateral,Com Vítimas Feridas,Plena noite,Crescente,Ignorada,Simples,Reta,Rural,2013,2,0,1,1,0,0,2,2
1294117,2013-05-07,Terça,07:30:00,RN,101,97.0,NATAL,Falta de atenção,Colisão traseira,Sem Vítimas,Pleno dia,Decrescente,Sol,Múltipla,Reta,Urbano,2013,2,0,0,0,2,0,0,2
1294126,2013-05-03,Sexta,18:45:00,RN,405,17.0,MOSSORO,Outras,Atropelamento de pessoa,Com Vítimas Feridas,Plena noite,Crescente,Ceu Claro,Simples,Reta,Urbano,2013,2,0,0,1,0,1,1,1
1294132,2013-05-03,Sexta,06:00:00,RN,226,4.2,NATAL,Falta de atenção,Colisão Transversal,Com Vítimas Feridas,Pleno dia,Decrescente,Ceu Claro,Simples,Reta,Urbano,2013,3,0,1,0,2,0,1,2
1294162,2013-05-01,Quarta,22:30:00,RN,110,49.4,MOSSORO,Outras,Colisão frontal,Com Vítimas Feridas,Plena noite,Decrescente,Ignorada,Dupla,Reta,Urbano,2013,2,0,0,1,1,0,1,2
1294302,2013-05-07,Terça,06:40:00,RN,304,192.1,LAJES,Outras,Colisão traseira,Com Vítimas Feridas,Pleno dia,Crescente,Ceu Claro,Simples,Reta,Urbano,2013,2,0,1,0,1,0,1,2
1294416,2013-05-07,Terça,18:20:00,RN,101,99.1,NATAL,Falta de atenção,Colisão traseira,Sem Vítimas,Pleno dia,Crescente,Ceu Claro,Dupla,Reta,Urbano,2013,2,0,0,0,2,0,0,2
1294432,2013-05-07,Terça,19:30:00,RN,110,47.1,MOSSORO,Falta de atenção,Colisão traseira,Sem Vítimas,Plena noite,Decrescente,Ceu Claro,Simples,Reta,Urbano,2013,2,0,0,0,2,0,0,2
1294483,2013-05-07,Terça,18:40:00,RN,101,146.0,GOIANINHA,Falta de atenção,Colisão Transversal,Com Vítimas Feridas,Plena noite,Crescente,Ceu Claro,Dupla,Reta,Urbano,2013,3,0,2,0,1,0,2,2
1294641,2013-05-03,Sexta,16:10:00,RN,304,224.8,CAICARA DO RIO DO VENTO,Outras,Colisão com objeto fixo,Sem Vítimas,Pleno dia,Crescente,Ceu Claro,Simples,Reta,Rural,2013,1,0,0,0,1,0,0,1
1294708,2013-05-08,Quarta,06:50:00,RN,101,106.5,PARNAMIRIM,Falta de atenção,Colisão traseira,Com Vítimas Feridas,Pleno dia,Decrescente,Ceu Claro,Dupla,Reta,Urbano,2013,2,0,1,0,1,0,1,2
1294938,2013-05-08,Quarta,11:00:00,RN,101,109.0,PARNAMIRIM,Não guardar distância de segurança,Colisão traseira,Sem Vítimas,Pleno dia,Crescente,Sol,Dupla,Reta,Urbano,2013,3,0,0,0,3,0,0,3
1294989,2013-05-08,Quarta,06:10:00,RN,304,43.0,MOSSORO,Desobediência à sinalização,Colisão Transversal,Com Vítimas Feridas,Amanhecer,Crescente,Ceu Claro,Dupla,Reta,Rural,2013,2,0,1,0,0,1,1,2
1295128,2013-05-08,Quarta,12:00:00,RN,101,134.2,ARES,Outras,Capotamento,Sem Vítimas,Pleno dia,Crescente,Ceu Claro,Dupla,Reta,Rural,2013,1,0,0,0,1,0,0,1
1295184,2013-05-08,Quarta,20:15:00,RN,101,129.7,SAO JOSE DE MIPIBU,Outras,Saída de Pista,Sem Vítimas,Plena noite,Decrescente,Ceu Claro,Dupla,Curva,Rural,2013,1,0,0,0,1,0,0,1
1295230,2013-05-05,Domingo,18:50:00,RN,101,130.2,SAO JOSE DE MIPIBU,Outras,Colisão Transversal,Sem Vítimas,Plena noite,Crescente,Chuva,Dupla,Reta,Rural,2013,2,0,0,0,2,0,0,2
1295318,2013-05-05,Domingo,18:30:00,RN,304,106.4,MOSSORO,Desobediência à sinalização,Colisão traseira,Com Vítimas Fatais,Plena noite,Crescente,Nublado,Simples,Reta,Rural,2013,4,2,0,0,2,0,0,2
1295378,2013-05-06,Segunda,17:18:00,RN,101,100.2,NATAL,Desobediência à sinalização,Atropelamento de pessoa,Com Vítimas Feridas,Plena noite,Crescente,Ceu Claro,Dupla,Reta,Urbano,2013,3,0,1,2,0,0,3,1
1295387,2013-05-06,Segunda,05:00:00,RN,304,294.3,MACAIBA,Falta de atenção,Colisão traseira,Sem Vítimas,Pleno dia,Crescente,Ceu Claro,Simples,Reta,Urbano,2013,2,0,0,0,2,0,0,2
1295417,2013-04-27,Sábado,13:10:00,RN,406,169.2,SAO GONCALO DO AMARANTE,Outras,Colisão Transversal,Sem Vítimas,Pleno dia,Crescente,Ceu Claro,Simples,Reta,Urbano,2013,2,0,0,0,1,1,0,2
1295430,2013-05-09,Quinta,08:50:00,RN,101,106.4,PARNAMIRIM,Outras,Colisão lateral,Sem Vítimas,Pleno dia,Crescente,Nublado,Dupla,Reta,Urbano,2013,2,0,0,0,2,0,0,2
1295439,2013-05-05,Domingo,17:40:00,RN,101,97.2,NATAL,Não guardar distância de segurança,Colisão traseira,Sem Vítimas,Plena noite,Crescente,Chuva,Dupla,Reta,Urbano,2013,2,0,0,0,2,0,0,2
1295519,2013-05-05,Domingo,18:40:00,RN,101,97.5,NATAL,Não guardar distância de segurança,Colisão traseira,Sem Vítimas,Plena noite,Decrescente,Chuva,Dupla,Reta,Urbano,2013,3,0,0,0,2,1,0,3
1295547,2013-05-06,Segunda,10:50:00,RN,304,175.5,LAJES,Falta de atenção,Saída de Pista,Sem Vítimas,Pleno dia,Decrescente,Sol,Simples,Reta,Rural,2013,1,0,0,0,1,0,0,1
1295677,2013-05-05,Domingo,15:00:00,RN,226,60.9,SENADOR ELOI DE SOUZA,Outras,Colisão lateral,Sem Vítimas,Pleno dia,Decrescente,Chuva,Simples,Cruzamento,Urbano,2013,2,0,0,0,2,0,0,2
1295747,2013-05-09,Quinta,06:40:00,RN,405,80.1,APODI,Falta de atenção,Colisão lateral,Sem Vítimas,Pleno dia,Crescente,Sol,Simples,Reta,Rural,2013,2,0,0,0,2,0,0,2
1295784,2013-05-09,Quinta,18:00:00,RN,101,120.4,PARNAMIRIM,Falta de atenção,Colisão lateral,Com Vítimas Feridas,Plena noite,Crescente,Ceu Claro,Dupla,Cruzamento,Rural,2013,3,0,2,0,1,0,2,2
1295785,2013-05-09,Quinta,21:50:00,RN,101,123.0,SAO JOSE DE MIPIBU,Não guardar distância de segurança,Colisão traseira,Sem Vítimas,Plena noite,Decrescente,Ceu Claro,Dupla,Reta,Urbano,2013,2,0,0,0,2,0,0,2
1295823,2013-05-10,Sexta,05:00:00,RN,226,173.0,CURRAIS NOVOS,Animais na Pista,Atropelamento de animal,Com Vítimas Feridas,Amanhecer,Decrescente,Ceu Claro,Simples,Reta,Rural,2013,1,0,1,0,0,0,1,1
1295858,2013-05-10,Sexta,07:10:00,RN,304,47.5,MOSSORO,Falta de atenção,Colisão traseira,Sem Vítimas,Pleno dia,Crescente,Ceu Claro,Simples,Curva,Urbano,2013,2,0,0,0,2,0,0,2
1295925,2013-05-10,Sexta,09:00:00,RN,110,49.5,MOSSORO,Falta de atenção,Colisão traseira,Sem Vítimas,Pleno dia,Crescente,Ceu Claro,Dupla,Reta,Urbano,2013,2,0,0,0,2,0,0,2
1295978,2013-05-10,Sexta,09:45:00,RN,101,97.8,NATAL,Desobediência à sinalização,Colisão lateral,Sem Vítimas,Pleno dia,Decrescente,Ceu Claro,Múltipla,Reta,Urbano,2013,2,0,0,0,2,0,0,2
1296088,2013-05-06,Segunda,18:10:00,RN,101,99.9,NATAL,Não guardar distância de segurança,Colisão traseira,Sem Vítimas,Plena noite,Decrescente,Ceu Claro,Múltipla,Cruzamento,Urbano,2013,5,0,0,0,5,0,0,5
1296135,2013-05-10,Sexta,09:30:00,RN,226,64.8,BOM JESUS,Ultrapassagem indevida,Colisão frontal,Com Vítimas Feridas,Pleno dia,Crescente,Ceu Claro,Simples,Curva,Rural,2013,2,0,2,0,0,0,2,2
1296140,2013-05-10,Sexta,15:55:00,RN,101,82.8,NATAL,Outras,Colisão traseira,Sem Vítimas,Pleno dia,Decrescente,Ceu Claro,Dupla,Reta,Urbano,2013,2,0,0,0,2,0,0,2
1296206,2013-05-10,Sexta,17:25:00,RN,304,84.0,MOSSORO,Não guardar distância de segurança,Colisão traseira,Sem Vítimas,Anoitecer,Crescente,Chuva,Simples,Reta,Rural,2013,2,0,0,0,2,0,0,2
1296226,2013-05-10,Sexta,12:30:00,RN,304,36.2,MOSSORO,Animais na Pista,Colisão Transversal,Com Vítimas Feridas,Pleno dia,Crescente,Ceu Claro,Simples,Reta,Urbano,2013,3,0,1,0,2,0,1,2
1296235,2013-05-06,Segunda,17:50:00,RN,101,95.5,NATAL,Não guardar distância de segurança,Colisão traseira,Sem Vítimas,Pleno dia,Crescente,Ceu Claro,Múltipla,Reta,Urbano,2013,3,0,0,0,3,0,0,3
1296255,2013-05-10,Sexta,19:00:00,RN,101,166.0,SAO GONCALO DO AMARANTE,Outras,Atropelamento de pessoa,Com Vítimas Feridas,Plena noite,Decrescente,Ceu Claro,Simples,Reta,Urbano,2013,2,0,0,1,1,0,1,1
1296259,2013-05-10,Sexta,14:30:00,RN,427,21.7,ACARI,Falta de atenção,Colisão traseira,Sem Vítimas,Pleno dia,Decrescente,Sol,Simples,Reta,Rural,2013,3,0,0,0,3,0,0,3
1296264,2013-05-10,Sexta,17:45:00,RN,101,96.9,NATAL,Falta de atenção,Colisão traseira,Sem Vítimas,Plena noite,Crescente,Ceu Claro,Múltipla,Cruzamento,Urbano,2013,2,0,0,0,2,0,0,2
1296269,2013-05-10,Sexta,19:30:00,RN,101,95.8,NATAL,Falta de atenção,Colisão traseira,Sem Vítimas,Anoitecer,Crescente,Ceu Claro,Múltipla,Reta,Urbano,2013,3,0,0,0,3,0,0,3
1296361,2013-05-10,Sexta,15:20:00,RN,304,148.2,ANGICOS,Outras,Colisão traseira,Sem Vítimas,Pleno dia,Decrescente,Ceu Claro,Dupla,Reta,Rural,2013,2,0,0,0,2,0,0,2
1296453,2013-05-10,Sexta,23:40:00,RN,304,49.0,MOSSORO,Defeito mecânico em veículo,Colisão com objeto fixo,Sem Vítimas,Plena noite,Crescente,Ceu Claro,Dupla,Reta,Urbano,2013,1,0,0,0,1,0,0,1
1296597,2013-05-07,Terça,10:30:00,RN,406,115.9,POCO BRANCO,Outras,Colisão lateral,Com Vítimas Feridas,Pleno dia,Crescente,Ceu Claro,Simples,Reta,Rural,2013,3,0,0,1,2,0,1,2
1296601,2013-05-11,Sábado,06:40:00,RN,101,85.6,SAO GONCALO DO AMARANTE,Falta de atenção,Colisão traseira,Com Vítimas Feridas,Pleno dia,Crescente,Ceu Claro,Dupla,Reta,Urbano,2013,2,0,0,1,1,0,1,2
1296603,2013-05-11,Sábado,10:20:00,RN,101,105.5,PARNAMIRIM,Falta de atenção,Colisão traseira,Sem Vítimas,Pleno dia,Crescente,Ceu Claro,Dupla,Reta,Urbano,2013,2,0,0,0,2,0,0,2
1296622,2013-05-07,Terça,18:00:00,RN,406,55.6,JANDAIRA,Outras,Atropelamento de pessoa,Com Vítimas Fatais,Plena noite,Decrescente,Ceu Claro,Simples,Reta,Rural,2013,2,1,0,0,1,0,0,1
1296725,2013-05-07,Terça,16:20:00,RN,304,305.9,PARNAMIRIM,Outras,Colisão Transversal,Sem Vítimas,Pleno dia,Decrescente,Ceu Claro,Dupla,Reta,Rural,2013,2,0,0,0,2,0,0,2
1296732,2013-05-11,Sábado,17:30:00,RN,101,126.0,SAO JOSE DE MIPIBU,Falta de atenção,Atropelamento de pessoa,Com Vítimas Feridas,Plena noite,Crescente,Nublado,Dupla,Reta,Urbano,2013,2,0,1,0,1,0,1,1
1296746,2013-05-11,Sábado,17:00:00,RN,226,47.7,BOM JESUS,Desobediência à sinalização,Colisão lateral,Sem Vítimas,Anoitecer,Decrescente,Ceu Claro,Simples,Reta,Urbano,2013,2,0,0,0,2,0,0,2
1296787,2013-05-11,Sábado,18:30:00,RN,110,50.0,MOSSORO,Falta de atenção,Colisão frontal,Com Vítimas Feridas,Plena noite,Decrescente,Ceu Claro,Simples,Reta,Urbano,2013,3,0,2,1,0,0,3,2
1296910,2013-05-11,Sábado,19:32:00,RN,405,126.5,MOSSORO,Animais na Pista,Atropelamento de animal,Sem Vítimas,Plena noite,Decrescente,Ceu Claro,Simples,Reta,Rural,2013,1,0,0,0,1,0,0,1
1296941,2013-05-12,Domingo,02:00:00,RN,304,106.0,ASSU,Falta de atenção,Colisão traseira,Com Vítimas Feridas,Plena noite,Crescente,Ceu Claro,Simples,Reta,Rural,2013,3,0,0,2,1,0,2,2
1296975,2013-04-30,Terça,14:30:00,RN,405,181.2,JOSE DA PENHA,Animais na Pista,Tombamento,Ignorado,Pleno dia,Crescente,Ceu Claro,Simples,Reta,Rural,2013,1,0,0,0,0,1,0,1
1296990,2013-05-11,Sábado,05:40:00,RN,406,155.0,CEARA-MIRIM,Falta de atenção,Colisão traseira,Com Vítimas Feridas,Pleno dia,Decrescente,Ceu Claro,Simples,Reta,Rural,2013,2,0,0,1,1,0,1,2
1297002,2013-05-08,Quarta,17:55:00,RN,101,108.5,PARNAMIRIM,Outras,Colisão Transversal,Com Vítimas Feridas,Plena noite,Decrescente,Nublado,Dupla,Reta,Urbano,2013,2,0,1,0,1,0,1,2
1297041,2013-05-08,Quarta,23:20:00,RN,304,32.0,MOSSORO,Animais na Pista,Atropelamento de animal,Sem Vítimas,Plena noite,Crescente,Ceu Claro,Simples,Reta,Rural,2013,2,0,0,0,2,0,0,1
1297112,2013-05-12,Domingo,05:50:00,RN,226,48.2,BOM JESUS,Falta de atenção,Colisão lateral,Sem Vítimas,Amanhecer,Crescente,Ceu Claro,Simples,Reta,Urbano,2013,3,0,0,0,2,1,0,3
1297126,2013-05-12,Domingo,07:00:00,RN,406,133.8,TAIPU,Falta de atenção,Colisão lateral,Com Vítimas Feridas,Pleno dia,Crescente,Sol,Simples,Curva,Rural,2013,2,0,1,0,1,0,1,2
1297141,2013-05-09,Quinta,05:10:00,RN,406,169.5,SAO GONCALO DO AMARANTE,Falta de atenção,Colisão traseira,Sem Vítimas,Pleno dia,Decrescente,Sol,Simples,Reta,Urbano,2013,2,0,0,0,2,0,0,2
1297157,2013-05-09,Quinta,05:20:00,RN,406,158.8,CEARA-MIRIM,Falta de atenção,Queda de motocicleta / bicicleta / veículo,Sem Vítimas,Pleno dia,Crescente,Sol,Simples,Reta,Rural,2013,1,0,0,0,1,0,0,1