id,data_inversa,dia_semana,horario,uf,br,km,municipio,causa_acidente,tipo_acidente,classificacao_acidente,fase_dia,sentido_via,condicao_metereologica,tipo_pista,tracado_via,uso_solo,ano,pessoas,mortos,feridos_leves,feridos_graves,ilesos,ignorados,feridos,veiculos
1297240,2013-05-10,Sexta,20:15:00,RN,304,292.7,MACAIBA,Outras,Colisão lateral,Com Vítimas Feridas,Plena noite,Decrescente,Ignorada,Simples,Reta,Rural,2013,3,0,1,0,2,0,1,3
1297250,2013-05-10,Sexta,19:30:00,RN,406,130.7,TAIPU,Outras,Saída de Pista,Sem Vítimas,Plena noite,Decrescente,Ceu Claro,Simples,Curva,Rural,2013,2,0,0,0,2,0,0,1
1297269,2013-05-12,Domingo,18:45:00,RN,101,116.5,SAO JOSE DE MIPIBU,Não guardar distância de segurança,Colisão traseira,Sem Vítimas,Plena noite,Crescente,Ceu Claro,Dupla,Reta,Rural,2013,2,0,0,0,2,0,0,2
1297354,2013-05-12,Domingo,16:00:00,RN,226,1.6,NATAL,Outras,Colisão lateral,Com Vítimas Feridas,Pleno dia,Decrescente,Ceu Claro,Dupla,Reta,Urbano,2013,2,0,0,1,1,0,1,2
1297417,2013-05-12,Domingo,18:20:00,RN,101,77.3,TAIPU,Falta de atenção,Colisão Transversal,Sem Vítimas,Plena noite,Crescente,Ceu Claro,Dupla,Reta,Urbano,2013,3,0,0,0,3,0,0,3
1297426,2013-05-12,Domingo,17:20:00,RN,226,40.0,MACAIBA,Falta de atenção,Colisão traseira,Sem Vítimas,Anoitecer,Crescente,Ceu Claro,Simples,Reta,Urbano,2013,2,0,0,0,1,1,0,2
1297498,2013-05-10,Sexta,05:00:00,RN,406,150.0,CEARA-MIRIM,Ingestão de álcool,Colisão frontal,Com Vítimas Feridas,Amanhecer,Crescente,Ceu Claro,Simples,Reta,Urbano,2013,2,0,0,1,1,0,1,2
1297712,2013-05-13,Segunda,12:25:00,RN,304,135.5,ANGICOS,Outras,Colisão frontal,Sem Vítimas,Pleno dia,Crescente,Ceu Claro,Simples,Reta,Rural,2013,4,0,0,0,4,0,0,4
1297777,2013-05-13,Segunda,15:40:00,RN,101,83.0,NATAL,Outras,Colisão lateral,Sem Vítimas,Pleno dia,Decrescente,Chuva,Dupla,Cruzamento,Urbano,2013,2,0,0,0,2,0,0,2
1297778,2013-05-13,Segunda,10:00:00,RN,226,78.7,TANGARA,Outras,Colisão Transversal,Com Vítimas Feridas,Pleno dia,Crescente,Sol,Simples,Reta,Rural,2013,2,0,0,1,1,0,1,2
1297917,2013-05-09,Quinta,20:20:00,RN,101,96.4,NATAL,Outras,Colisão traseira,Sem Vítimas,Plena noite,Crescente,Nublado,Dupla,Reta,Urbano,2013,2,0,0,0,2,0,0,2
1297966,2013-05-13,Segunda,18:50:00,RN,101,77.7,SAO GONCALO DO AMARANTE,Falta de atenção,Colisão Transversal,Com Vítimas Feridas,Plena noite,Crescente,Chuva,Dupla,Cruzamento,Rural,2013,2,0,1,0,1,0,1,2
1298072,2013-05-13,Segunda,12:00:00,RN,226,82.9,TANGARA,Não guardar distância de segurança,Colisão traseira,Sem Vítimas,Pleno dia,Decrescente,Ceu Claro,Simples,Reta,Urbano,2013,3,0,0,0,3,0,0,3
1298091,2013-05-13,Segunda,08:15:00,RN,101,95.0,NATAL,Falta de atenção,Colisão traseira,Com Vítimas Feridas,Pleno dia,Decrescente,Sol,Múltipla,Reta,Urbano,2013,5,0,1,0,3,1,1,4
1298094,2013-05-13,Segunda,12:00:00,RN,101,96.8,NATAL,Falta de atenção,Colisão traseira,Sem Vítimas,Pleno dia,Crescente,Ceu Claro,Dupla,Cruzamento,Urbano,2013,2,0,0,0,2,0,0,2
1298131,2013-05-12,Domingo,16:00:00,RN,406,101.0,JOAO CAMARA,Falta de atenção,Colisão Transversal,Sem Vítimas,Pleno dia,Crescente,Ceu Claro,Simples,Curva,Urbano,2013,2,0,0,0,2,0,0,2
1298141,2013-05-11,Sábado,04:45:00,RN,226,73.7,TANGARA,Desobediência à sinalização,Colisão lateral,Sem Vítimas,Plena noite,Decrescente,Ceu Claro,Simples,Curva,Rural,2013,2,0,0,0,2,0,0,2
1298153,2013-05-11,Sábado,15:00:00,RN,101,106.6,PARNAMIRIM,Outras,Colisão com objeto fixo,Com Vítimas Feridas,Pleno dia,Crescente,Sol,Dupla,Reta,Urbano,2013,1,0,0,1,0,0,1,1
1298208,2013-05-14,Terça,08:55:00,RN,406,166.0,SAO GONCALO DO AMARANTE,Falta de atenção,Colisão Transversal,Sem Vítimas,Pleno dia,Crescente,Nublado,Simples,Reta,Rural,2013,2,0,0,0,2,0,0,2
1298284,2013-05-06,Segunda,17:50:00,RN,101,77.7,SAO GONCALO DO AMARANTE,Outras,Colisão Transversal,Com Vítimas Fatais,Anoitecer,Decrescente,Ceu Claro,Dupla,Reta,Rural,2013,2,1,0,0,1,0,0,2
1298287,2013-05-14,Terça,11:05:00,RN,304,34.2,MOSSORO,Falta de atenção,Colisão traseira,Com Vítimas Feridas,Pleno dia,Crescente,Nublado,Dupla,Reta,Urbano,2013,2,0,1,0,1,0,1,2
1298302,2013-05-12,Domingo,01:10:00,RN,226,118.7,SANTA CRUZ,Ingestão de álcool,Capotamento,Com Vítimas Feridas,Plena noite,Crescente,Ceu Claro,Simples,Curva,Rural,2013,6,0,0,6,0,0,6,1
1298343,2013-05-12,Domingo,00:45:00,RN,110,50.0,MOSSORO,Desobediência à sinalização,Colisão Transversal,Sem Vítimas,Plena noite,Decrescente,Ceu Claro,Simples,Cruzamento,Urbano,2013,3,0,0,0,2,1,0,2
1298402,2013-05-14,Terça,08:50:00,RN,101,95.9,NATAL,Outras,Colisão traseira,Com Vítimas Feridas,Pleno dia,Crescente,Nublado,Múltipla,Reta,Urbano,2013,7,0,1,0,6,0,1,6
1298421,2013-05-14,Terça,09:25:00,RN,101,98.0,NATAL,Não guardar distância de segurança,Colisão traseira,Sem Vítimas,Pleno dia,Decrescente,Chuva,Múltipla,Reta,Urbano,2013,3,0,0,0,3,0,0,3
1298439,2013-05-14,Terça,13:40:00,RN,304,266.0,SAO PEDRO,Outras,Colisão Transversal,Sem Vítimas,Pleno dia,Decrescente,Chuva,Simples,Reta,Rural,2013,2,0,0,0,2,0,0,2
1298452,2013-05-14,Terça,05:00:00,RN,101,128.0,SAO JOSE DE MIPIBU,Não guardar distância de segurança,Colisão traseira,Sem Vítimas,Amanhecer,Crescente,Chuva,Dupla,Reta,Rural,2013,2,0,0,0,2,0,0,2
1298541,2013-05-14,Terça,14:40:00,RN,101,106.0,PARNAMIRIM,Falta de atenção,Colisão traseira,Sem Vítimas,Pleno dia,Decrescente,Chuva,Dupla,Reta,Urbano,2013,2,0,0,0,2,0,0,2
1298542,2013-05-14,Terça,17:00:00,RN,101,101.7,PARNAMIRIM,Não guardar distância de segurança,Colisão traseira,Sem Vítimas,Anoitecer,Crescente,Chuva,Múltipla,Reta,Urbano,2013,2,0,0,0,2,0,0,2
1298558,2013-05-12,Domingo,18:10:00,RN,405,156.5,PAU DOS FERROS,Animais na Pista,Atropelamento de animal,Sem Vítimas,Anoitecer,Crescente,Ceu Claro,Simples,Reta,Rural,2013,1,0,0,0,1,0,0,1
1298615,2013-05-10,Sexta,22:00:00,RN,101,138.5,ARES,Falta de atenção,Colisão com objeto fixo,Com Vítimas Feridas,Plena noite,Decrescente,Ceu Claro,Dupla,Curva,Rural,2013,1,0,1,0,0,0,1,1
1298629,2013-05-10,Sexta,14:40:00,RN,101,104.0,PARNAMIRIM,Falta de atenção,Colisão lateral,Sem Vítimas,Pleno dia,Decrescente,Ceu Claro,Dupla,Reta,Urbano,2013,2,0,0,0,2,0,0,2
1298669,2013-05-14,Terça,21:40:00,RN,101,99.9,NATAL,Ultrapassagem indevida,Colisão lateral,Com Vítimas Feridas,Plena noite,Decrescente,Chuva,Dupla,Reta,Urbano,2013,2,0,1,0,1,0,1,2
1298675,2013-05-14,Terça,08:40:00,RN,101,111.0,NATAL,Falta de atenção,Colisão traseira,Sem Vítimas,Pleno dia,Crescente,Chuva,Simples,Reta,Rural,2013,4,0,0,0,3,1,0,4
1298698,2013-05-12,Domingo,20:10:00,RN,101,119.2,SAO JOSE DE MIPIBU,Animais na Pista,Atropelamento de animal,Com Vítimas Feridas,Plena noite,Decrescente,Ceu Claro,Simples,Reta,Rural,2013,2,0,0,2,0,0,2,1
1298699,2013-05-14,Terça,17:10:00,RN,101,130.6,SAO JOSE DE MIPIBU,Outras,Colisão traseira,Com Vítimas Feridas,Pleno dia,Decrescente,Chuva,Dupla,Curva,Urbano,2013,3,0,1,0,1,1,1,2
1298776,2013-05-11,Sábado,18:30:00,RN,101,166.9,ARES,Falta de atenção,Colisão com objeto fixo,Sem Vítimas,Plena noite,Crescente,Ceu Claro,Dupla,Reta,Rural,2013,1,0,0,0,1,0,0,1
1298806,2013-05-15,Quarta,09:00:00,RN,304,299.9,MACAIBA,Falta de atenção,Colisão Transversal,Sem Vítimas,Pleno dia,Decrescente,Nublado,Simples,Reta,Urbano,2013,2,0,0,0,2,0,0,2
1299029,2013-05-06,Segunda,05:45:00,RN,304,5.5,MOSSORO,Outras,Saída de Pista,Com Vítimas Fatais,Amanhecer,Decrescente,Ceu Claro,Simples,Reta,Rural,2013,1,1,0,0,0,0,0,1
1299305,2013-05-11,Sábado,07:20:00,RN,101,131.0,SAO JOSE DE MIPIBU,Falta de atenção,Colisão com bicicleta,Com Vítimas Feridas,Pleno dia,Crescente,Nublado,Dupla,Reta,Rural,2013,2,0,1,0,0,1,1,2
1299320,2013-05-10,Sexta,18:15:00,RN,101,126.8,SAO JOSE DE MIPIBU,Falta de atenção,Colisão traseira,Sem Vítimas,Plena noite,Crescente,Ceu Claro,Dupla,Reta,Urbano,2013,2,0,0,0,2,0,0,2
1299486,2013-05-16,Quinta,06:30:00,RN,101,94.0,NATAL,Falta de atenção,Colisão traseira,Com Vítimas Feridas,Pleno dia,Decrescente,Ceu Claro,Dupla,Curva,Urbano,2013,2,0,1,0,1,0,1,2
1299521,2013-05-09,Quinta,17:40:00,RN,304,20.3,MOSSORO,Outras,Colisão lateral,Com Vítimas Feridas,Anoitecer,Decrescente,Ignorada,Simples,Reta,Rural,2013,3,0,0,2,1,0,2,2
1299548,2013-05-11,Sábado,05:00:00,RN,304,45.1,MOSSORO,Dormindo,Saída de Pista,Sem Vítimas,Amanhecer,Decrescente,Ceu Claro,Dupla,Reta,Rural,2013,1,0,0,0,1,0,0,1
1299555,2013-05-16,Quinta,15:25:00,RN,101,94.2,NATAL,Outras,Colisão lateral,Com Vítimas Feridas,Pleno dia,Decrescente,Sol,Dupla,Reta,Urbano,2013,2,0,1,0,1,0,1,2
1299560,2013-03-25,Segunda,11:20:00,RN,406,116.0,POCO BRANCO,Outras,Colisão Transversal,Com Vítimas Feridas,Pleno dia,Crescente,Sol,Simples,Reta,Rural,2013,2,0,0,1,1,0,1,2
1299561,2013-05-16,Quinta,13:50:00,RN,101,96.6,NATAL,Falta de atenção,Colisão traseira,Sem Vítimas,Pleno dia,Crescente,Ceu Claro,Dupla,Cruzamento,Urbano,2013,2,0,0,0,2,0,0,2
1299605,2013-05-16,Quinta,17:10:00,RN,101,97.0,NATAL,Falta de atenção,Colisão Transversal,Sem Vítimas,Amanhecer,Crescente,Ceu Claro,Simples,Reta,Urbano,2013,2,0,0,0,2,0,0,2
1299622,2013-05-16,Quinta,16:30:00,RN,304,77.4,MOSSORO,Defeito na via,Queda de motocicleta / bicicleta / veículo,Com Vítimas Feridas,Pleno dia,Crescente,Sol,Simples,Reta,Rural,2013,1,0,1,0,0,0,1,1
1299634,2013-05-16,Quinta,17:30:00,RN,101,125.7,SAO JOSE DE MIPIBU,Falta de atenção,Colisão traseira,Sem Vítimas,Anoitecer,Decrescente,Vento,Dupla,Reta,Urbano,2013,2,0,0,0,2,0,0,2
1299679,2013-05-16,Quinta,17:05:00,RN,304,307.4,PARNAMIRIM,Outras,Atropelamento de pessoa,Com Vítimas Feridas,Anoitecer,Crescente,Ceu Claro,Dupla,Curva,Urbano,2013,2,0,0,1,0,1,1,1
1299794,2013-05-16,Quinta,20:40:00,RN,101,109.3,PARNAMIRIM,Outras,Queda de motocicleta / bicicleta / veículo,Com Vítimas Fatais,Plena noite,Decrescente,Ceu Claro,Dupla,Reta,Urbano,2013,1,1,0,0,0,0,0,1
1299902,2013-05-17,Sexta,07:20:00,RN,110,47.9,MOSSORO,Falta de atenção,Colisão lateral,Com Vítimas Feridas,Plena noite,Decrescente,Sol,Simples,Reta,Urbano,2013,3,0,1,1,1,0,2,2
1299917,2013-05-11,Sábado,20:05:00,RN,101,98.0,NATAL,Não guardar distância de segurança,Colisão traseira,Sem Vítimas,Plena noite,Crescente,Ceu Claro,Múltipla,Reta,Urbano,2013,3,0,0,0,3,0,0,2
1300028,2013-05-15,Quarta,02:20:00,RN,101,97.0,NATAL,Ingestão de álcool,Colisão Transversal,Com Vítimas Feridas,Plena noite,Decrescente,Nublado,Múltipla,Reta,Urbano,2013,2,0,2,0,0,0,2,2
1300095,2013-05-17,Sexta,13:50:00,RN,101,100.0,NATAL,Falta de atenção,Colisão traseira,Sem Vítimas,Pleno dia,Crescente,Sol,Dupla,Reta,Urbano,2013,2,0,0,0,1,1,0,2
1300254,2013-05-17,Sexta,07:00:00,RN,304,255.5,SANTA MARIA,Outras,Atropelamento de pessoa,Com Vítimas Feridas,Pleno dia,Crescente,Ceu Claro,Simples,Reta,Rural,2013,2,0,1,0,1,0,1,1
1300267,2013-05-17,Sexta,10:30:00,RN,226,276.6,TRIUNFO POTIGUAR,Outras,Colisão Transversal,Com Vítimas Fatais,Pleno dia,Decrescente,Ceu Claro,Simples,Curva,Urbano,2013,2,1,0,0,0,1,0,2
1300303,2013-05-17,Sexta,14:30:00,RN,226,173.0,CURRAIS NOVOS,Velocidade incompatível,Saída de Pista,Sem Vítimas,Pleno dia,Crescente,Ceu Claro,Simples,Curva,Rural,2013,1,0,0,0,1,0,0,1
1300453,2013-05-11,Sábado,06:10:00,RN,226,0.3,NATAL,Outras,Colisão lateral,Sem Vítimas,Pleno dia,Decrescente,Ceu Claro,Simples,Curva,Urbano,2013,2,0,0,0,1,1,0,2
1300611,2013-05-18,Sábado,07:45:00,RN,304,304.5,PARNAMIRIM,Falta de atenção,Colisão traseira,Sem Vítimas,Pleno dia,Decrescente,Nublado,Dupla,Reta,Urbano,2013,2,0,0,0,2,0,0,2
1300638,2013-05-18,Sábado,07:05:00,RN,405,32.0,GOVERNADOR DIX-SEPT ROSADO,Dormindo,Colisão lateral,Com Vítimas Feridas,Pleno dia,Decrescente,Nublado,Simples,Reta,Rural,2013,5,0,0,3,2,0,3,2
1300689,2013-05-18,Sábado,11:30:00,RN,101,141.9,GOIANINHA,Outras,Saída de Pista,Sem Vítimas,Pleno dia,Crescente,Chuva,Dupla,Reta,Rural,2013,1,0,0,0,1,0,0,1
1300778,2013-05-16,Quinta,14:10:00,RN,405,2.0,MOSSORO,Falta de atenção,Queda de motocicleta / bicicleta / veículo,Com Vítimas Feridas,Pleno dia,Crescente,Sol,Dupla,Reta,Urbano,2013,1,0,1,0,0,0,1,1
1300811,2013-05-18,Sábado,15:35:00,RN,304,291.9,MACAIBA,Falta de atenção,Colisão traseira,Sem Vítimas,Pleno dia,Decrescente,Nublado,Simples,Reta,Rural,2013,3,0,0,0,2,1,0,3
1300822,2013-05-14,Terça,06:40:00,RN,304,282.0,MACAIBA,Não guardar distância de segurança,Colisão traseira,Sem Vítimas,Pleno dia,Crescente,Ceu Claro,Simples,Reta,Urbano,2013,2,0,0,0,2,0,0,2
1300835,2013-05-18,Sábado,18:30:00,RN,101,95.9,NATAL,Não guardar distância de segurança,Colisão traseira,Sem Vítimas,Plena noite,Crescente,Chuva,Dupla,Reta,Urbano,2013,2,0,0,0,2,0,0,2
1300889,2013-05-18,Sábado,23:30:00,RN,101,109.0,PARNAMIRIM,Outras,Colisão traseira,Com Vítimas Feridas,Plena noite,Crescente,Nublado,Dupla,Reta,Urbano,2013,3,0,1,1,1,0,2,2
1300899,2013-05-18,Sábado,17:10:00,RN,304,301.7,MACAIBA,Falta de atenção,Capotamento,Com Vítimas Feridas,Anoitecer,Decrescente,Nublado,Dupla,Reta,Urbano,2013,1,0,1,0,0,0,1,1
1300924,2013-04-29,Segunda,14:45:00,RN,110,50.0,MOSSORO,Falta de atenção,Colisão lateral,Com Vítimas Feridas,Pleno dia,Crescente,Ceu Claro,Dupla,Reta,Urbano,2013,2,0,1,0,1,0,1,2
1300925,2013-05-19,Domingo,03:10:00,RN,101,125.2,SAO JOSE DE MIPIBU,Outras,Queda de motocicleta / bicicleta / veículo,Com Vítimas Fatais,Plena noite,Crescente,Chuva,Simples,Curva,Urbano,2013,1,1,0,0,0,0,0,1
1300961,2013-05-15,Quarta,13:00:00,RN,101,97.0,NATAL,Outras,Colisão lateral,Com Vítimas Feridas,Pleno dia,Decrescente,Ceu Claro,Dupla,Reta,Urbano,2013,2,0,1,0,1,0,1,2
1300978,2013-05-11,Sábado,18:00:00,RN,405,145.4,PAU DOS FERROS,Outras,Colisão com bicicleta,Com Vítimas Fatais,Anoitecer,Decrescente,Ceu Claro,Simples,Reta,Rural,2013,2,1,1,0,0,0,1,2
1301108,2013-05-16,Quinta,13:00:00,RN,304,133.7,IPANGUACU,Falta de atenção,Colisão traseira,Sem Vítimas,Pleno dia,Decrescente,Ceu Claro,Simples,Reta,Rural,2013,2,0,0,0,2,0,0,2
1301136,2013-05-19,Domingo,07:00:00,RN,304,45.1,MOSSORO,Outras,Tombamento,Sem Vítimas,Pleno dia,Decrescente,Ceu Claro,Dupla,Reta,Rural,2013,2,0,0,0,2,0,0,2
1301219,2013-05-19,Domingo,17:02:00,RN,304,45.0,MOSSORO,Animais na Pista,Atropelamento de animal,Sem Vítimas,Pleno dia,Decrescente,Ceu Claro,Dupla,Reta,Urbano,2013,1,0,0,0,1,0,0,1
1301347,2013-05-19,Domingo,19:30:00,RN,427,105.2,CAICO,Ingestão de álcool,Colisão traseira,Com Vítimas Feridas,Plena noite,Decrescente,Ceu Claro,Simples,Reta,Rural,2013,3,0,2,0,1,0,2,2
1301382,2013-05-19,Domingo,16:50:00,RN,101,108.7,PARNAMIRIM,Não guardar distância de segurança,Colisão traseira,Sem Vítimas,Pleno dia,Decrescente,Ceu Claro,Dupla,Cruzamento,Urbano,2013,2,0,0,0,2,0,0,2
1301426,2013-05-17,Sexta,18:00:00,RN,304,148.3,ANGICOS,Falta de atenção,Colisão Transversal,Com Vítimas Feridas,Anoitecer,Crescente,Ceu Claro,Simples,Reta,Rural,2013,3,0,1,1,1,0,2,2
1301430,2013-05-17,Sexta,06:00:00,RN,101,85.8,SAO GONCALO DO AMARANTE,Falta de atenção,Colisão lateral,Com Vítimas Feridas,Pleno dia,Decrescente,Sol,Dupla,Reta,Urbano,2013,3,0,2,0,1,0,2,2
1301449,2013-05-20,Segunda,07:30:00,RN,101,99.9,NATAL,Outras,Colisão lateral,Sem Vítimas,Pleno dia,Decrescente,Ceu Claro,Dupla,Cruzamento,Urbano,2013,2,0,0,0,2,0,0,2
1301516,2013-05-18,Sábado,11:30:00,RN,101,153.5,GOIANINHA,Outras,Saída de Pista,Sem Vítimas,Pleno dia,Decrescente,Chuva,Dupla,Reta,Rural,2013,1,0,0,0,1,0,0,1
1301543,2013-05-16,Quinta,10:30:00,RN,226,106.9,SANTA CRUZ,Falta de atenção,Saída de Pista,Sem Vítimas,Pleno dia,Crescente,Ceu Claro,Simples,Reta,Rural,2013,1,0,0,0,1,0,0,1
1301582,2013-05-20,Segunda,10:29:00,RN,101,123.0,SAO JOSE DE MIPIBU,Não guardar distância de segurança,Colisão traseira,Sem Vítimas,Pleno dia,Decrescente,Sol,Múltipla,Reta,Urbano,2013,2,0,0,0,2,0,0,2
1301646,2013-05-20,Segunda,13:20:00,RN,101,96.2,NATAL,Não guardar distância de segurança,Colisão traseira,Sem Vítimas,Pleno dia,Crescente,Sol,Dupla,Reta,Urbano,2013,6,0,0,0,6,0,0,6
1301816,2013-05-20,Segunda,12:00:00,RN,427,71.9,JARDIM DO SERIDO,Dormindo,Capotamento,Com Vítimas Feridas,Pleno dia,Crescente,Ceu Claro,Simples,Curva,Rural,2013,1,0,1,0,0,0,1,1
1301829,2013-05-20,Segunda,19:40:00,RN,101,101.9,PARNAMIRIM,Falta de atenção,Colisão traseira,Sem Vítimas,Plena noite,Crescente,Ceu Claro,Múltipla,Cruzamento,Urbano,2013,2,0,0,0,2,0,0,2
1301863,2013-05-20,Segunda,13:30:00,RN,101,108.2,PARNAMIRIM,Outras,Colisão lateral,Sem Vítimas,Pleno dia,Decrescente,Ceu Claro,Dupla,Reta,Urbano,2013,2,0,0,0,2,0,0,2
1301898,2013-05-20,Segunda,21:55:00,RN,101,77.3,NATAL,Falta de atenção,Colisão Transversal,Sem Vítimas,Plena noite,Crescente,Ceu Claro,Dupla,Reta,Rural,2013,2,0,0,0,1,1,0,2
1301933,2013-05-17,Sexta,19:45:00,RN,101,130.4,SAO JOSE DE MIPIBU,Falta de atenção,Colisão traseira,Sem Vítimas,Plena noite,Decrescente,Chuva,Dupla,Curva,Rural,2013,2,0,0,0,2,0,0,2
1301953,2013-05-21,Terça,05:35:00,RN,304,283.4,MACAIBA,Outras,Colisão Transversal,Sem Vítimas,Amanhecer,Crescente,Nublado,Simples,Reta,Rural,2013,2,0,0,0,2,0,0,2
1302031,2013-05-21,Terça,07:00:00,RN,101,109.4,PARNAMIRIM,Outras,Colisão lateral,Sem Vítimas,Pleno dia,Decrescente,Ceu Claro,Dupla,Cruzamento,Urbano,2013,2,0,0,0,2,0,0,2
1302042,2013-05-21,Terça,09:00:00,RN,101,98.7,NATAL,Falta de atenção,Colisão traseira,Sem Vítimas,Pleno dia,Crescente,Ceu Claro,Múltipla,Reta,Urbano,2013,2,0,0,0,2,0,0,2
1302097,2013-05-21,Terça,10:30:00,RN,304,36.3,MOSSORO,Falta de atenção,Colisão traseira,Sem Vítimas,Pleno dia,Crescente,Ceu Claro,Simples,Reta,Urbano,2013,2,0,0,0,2,0,0,2
1302128,2013-05-09,Quinta,22:35:00,RN,101,95.8,NATAL,Outras,Colisão traseira,Sem Vítimas,Plena noite,Crescente,Ceu Claro,Simples,Reta,Urbano,2013,2,0,0,0,2,0,0,2
1302174,2013-05-18,Sábado,13:10:00,RN,101,95.8,NATAL,Outras,Colisão traseira,Sem Vítimas,Pleno dia,Crescente,Nublado,Dupla,Reta,Urbano,2013,2,0,0,0,1,1,0,2
1302194,2013-05-21,Terça,07:20:00,RN,101,124.9,SAO JOSE DE MIPIBU,Não guardar distância de segurança,Colisão traseira,Sem Vítimas,Pleno dia,Decrescente,Sol,Dupla,Reta,Urbano,2013,2,0,0,0,2,0,0,2
1302286,2013-05-21,Terça,18:48:00,RN,101,96.4,NATAL,Falta de atenção,Colisão traseira,Sem Vítimas,Plena noite,Crescente,Ceu Claro,Dupla,Reta,Urbano,2013,5,0,0,0,5,0,0,5
1302300,2013-05-21,Terça,21:10:00,RN,101,80.4,NATAL,Outras,Atropelamento de pessoa,Com Vítimas Feridas,Plena noite,Decrescente,Vento,Dupla,Reta,Urbano,2013,2,0,1,0,1,0,1,1
1302372,2013-05-21,Terça,14:40:00,RN,304,97.9,ASSU,Outras,Derramamento de Carga,Sem Vítimas,Pleno dia,Decrescente,Sol,Simples,Reta,Rural,2013,2,0,0,0,1,1,0,2
1302435,2013-05-20,Segunda,13:40:00,RN,101,95.0,NATAL,Outras,Colisão traseira,Sem Vítimas,Pleno dia,Crescente,Ceu Claro,Dupla,Reta,Urbano,2013,2,0,0,0,2,0,0,2
1302448,2013-05-20,Segunda,14:30:00,RN,101,96.0,NATAL,Outras,Colisão lateral,Sem Vítimas,Pleno dia,Crescente,Ceu Claro,Dupla,Reta,Urbano,2013,2,0,0,0,2,0,0,2
1302461,2013-05-18,Sábado,22:30:00,RN,101,85.1,SAO GONCALO DO AMARANTE,Outras,Atropelamento de pessoa,Com Vítimas Feridas,Plena noite,Crescente,Ceu Claro,Dupla,Reta,Urbano,2013,2,0,0,1,1,0,1,1
1302552,2013-05-19,Domingo,00:02:00,RN,101,113.0,SAO JOSE DE MIPIBU,Outras,Capotamento,Sem Vítimas,Plena noite,Decrescente,Nublado,Dupla,Reta,Rural,2013,1,0,0,0,1,0,0,1
1302727,2013-05-10,Sexta,05:00:00,RN,101,101.0,PARNAMIRIM,Outras,Colisão com objeto fixo,Sem Vítimas,Amanhecer,Crescente,Nublado,Dupla,Curva,Urbano,2013,1,0,0,0,1,0,0,1
1302764,2013-05-22,Quarta,14:55:00,RN,304,120.5,ITAJA,Animais na Pista,Tombamento,Com Vítimas Feridas,Pleno dia,Decrescente,Ceu Claro,Simples,Reta,Rural,2013,1,0,1,0,0,0,1,1
1302766,2013-05-22,Quarta,15:35:00,RN,101,83.2,SAO GONCALO DO AMARANTE,Não guardar distância de segurança,Colisão traseira,Sem Vítimas,Pleno dia,Crescente,Ceu Claro,Dupla,Reta,Urbano,2013,2,0,0,0,2,0,0,2
1302798,2013-05-22,Quarta,13:25:00,RN,101,155.5,GOIANINHA,Defeito mecânico em veículo,Tombamento,Sem Vítimas,Pleno dia,Decrescente,Sol,Dupla,Reta,Rural,2013,1,0,0,0,1,0,0,1
1302860,2013-05-18,Sábado,17:40:00,RN,304,296.0,MACAIBA,Ingestão de álcool,Colisão traseira,Sem Vítimas,Plena noite,Decrescente,Nublado,Simples,Reta,Urbano,2013,2,0,0,0,2,0,0,2
1303043,2013-05-23,Quinta,06:35:00,RN,101,106.2,PARNAMIRIM,Outras,Colisão Transversal,Com Vítimas Feridas,Pleno dia,Decrescente,Sol,Múltipla,Cruzamento,Urbano,2013,2,0,1,0,1,0,1,2
1303048,2013-05-17,Sexta,20:25:00,RN,101,98.8,NATAL,Outras,Colisão Transversal,Com Vítimas Feridas,Plena noite,Crescente,Chuva,Dupla,Reta,Urbano,2013,2,0,1,0,1,0,1,2
1303064,2013-05-23,Quinta,08:15:00,RN,101,96.5,NATAL,Outras,Colisão frontal,Com Vítimas Feridas,Pleno dia,Crescente,Sol,Dupla,Reta,Urbano,2013,2,0,1,0,1,0,1,2
1303073,2013-05-01,Quarta,09:10:00,RN,101,109.9,PARNAMIRIM,Falta de atenção,Colisão lateral,Sem Vítimas,Pleno dia,Crescente,Ceu Claro,Dupla,Reta,Urbano,2013,2,0,0,0,2,0,0,2
1303250,2013-05-23,Quinta,12:10:00,RN,304,106.0,MOSSORO,Falta de atenção,Colisão Transversal,Sem Vítimas,Pleno dia,Decrescente,Ceu Claro,Simples,Reta,Rural,2013,2,0,0,0,2,0,0,2
1303374,2013-05-12,Domingo,03:00:00,RN,101,104.4,PARNAMIRIM,Falta de atenção,Tombamento,Com Vítimas Feridas,Plena noite,Crescente,Ceu Claro,Simples,Reta,Urbano,2013,2,0,0,1,1,0,1,1
1303432,2013-05-23,Quinta,20:00:00,RN,304,98.2,ASSU,Outras,Colisão lateral,Com Vítimas Feridas,Plena noite,Crescente,Ceu Claro,Simples,Reta,Rural,2013,3,0,0,2,1,0,2,2
1303490,2013-05-21,Terça,05:20:00,RN,101,98.0,NATAL,Falta de atenção,Colisão traseira,Com Vítimas Feridas,Amanhecer,Decrescente,Nublado,Dupla,Reta,Urbano,2013,3,0,2,0,1,0,2,2
1303538,2013-05-16,Quinta,06:40:00,RN,406,169.0,SAO GONCALO DO AMARANTE,Falta de atenção,Colisão Transversal,Sem Vítimas,Pleno dia,Decrescente,Sol,Simples,Reta,Urbano,2013,2,0,0,0,2,0,0,2
1303551,2013-05-23,Quinta,12:45:00,RN,405,116.0,ITAU,Falta de atenção,Colisão Transversal,Com Vítimas Feridas,Pleno dia,Decrescente,Ceu Claro,Simples,Reta,Rural,2013,2,0,1,0,1,0,1,2