id,data_inversa,dia_semana,horario,uf,br,km,municipio,causa_acidente,tipo_acidente,classificacao_acidente,fase_dia,sentido_via,condicao_metereologica,tipo_pista,tracado_via,uso_solo,ano,pessoas,mortos,feridos_leves,feridos_graves,ilesos,ignorados,feridos,veiculos
1303557,2013-05-23,Quinta,09:40:00,RN,406,22.2,MACAU,Outras,Colisão com objeto fixo,Sem Vítimas,Pleno dia,Decrescente,Ceu Claro,Simples,Cruzamento,Rural,2013,1,0,0,0,1,0,0,1
1303627,2013-05-24,Sexta,11:00:00,RN,304,305.4,PARNAMIRIM,Falta de atenção,Colisão lateral,Sem Vítimas,Pleno dia,Crescente,Ceu Claro,Dupla,Reta,Urbano,2013,2,0,0,0,2,0,0,2
1303629,2013-05-23,Quinta,19:00:00,RN,101,85.6,NATAL,Ultrapassagem indevida,Colisão traseira,Com Vítimas Feridas,Plena noite,Decrescente,Nublado,Dupla,Reta,Urbano,2013,3,0,1,0,1,1,1,3
1303638,2013-05-24,Sexta,13:35:00,RN,304,45.1,MOSSORO,Outras,Tombamento,Sem Vítimas,Pleno dia,Decrescente,Chuva,Dupla,Curva,Urbano,2013,1,0,0,0,1,0,0,1
1303639,2013-04-06,Sábado,16:15:00,RN,226,2.0,NATAL,Falta de atenção,Colisão Transversal,Com Vítimas Feridas,Pleno dia,Decrescente,Ceu Claro,Dupla,Reta,Urbano,2013,2,0,1,1,0,0,2,2
1303707,2013-05-24,Sexta,15:40:00,RN,101,82.8,NATAL,Outras,Colisão lateral,Sem Vítimas,Pleno dia,Decrescente,Nublado,Dupla,Reta,Urbano,2013,2,0,0,0,2,0,0,2
1303800,2013-05-24,Sexta,15:30:00,RN,101,104.6,PARNAMIRIM,Outras,Colisão lateral,Sem Vítimas,Pleno dia,Crescente,Ceu Claro,Dupla,Curva,Urbano,2013,2,0,0,0,2,0,0,2
1303806,2013-05-22,Quarta,11:35:00,RN,101,109.0,PARNAMIRIM,Ingestão de álcool,Colisão Transversal,Com Vítimas Feridas,Pleno dia,Decrescente,Sol,Dupla,Cruzamento,Urbano,2013,5,0,5,0,0,0,5,2
1303912,2013-05-24,Sexta,18:45:00,RN,304,26.0,MOSSORO,Falta de atenção,Colisão traseira,Sem Vítimas,Anoitecer,Crescente,Nublado,Simples,Reta,Urbano,2013,2,0,0,0,2,0,0,2
1304001,2013-05-24,Sexta,22:15:00,RN,406,150.0,CEARA-MIRIM,Outras,Colisão Transversal,Com Vítimas Feridas,Plena noite,Decrescente,Nublado,Simples,Reta,Urbano,2013,2,0,0,1,0,1,1,2
1304011,2013-05-24,Sexta,22:35:00,RN,101,94.8,NATAL,Outras,Capotamento,Sem Vítimas,Plena noite,Decrescente,Ceu Claro,Múltipla,Reta,Urbano,2013,1,0,0,0,1,0,0,1
1304064,2013-05-21,Terça,18:50:00,RN,101,96.4,NATAL,Não guardar distância de segurança,Colisão traseira,Com Vítimas Feridas,Plena noite,Crescente,Ceu Claro,Dupla,Reta,Urbano,2013,3,0,2,0,1,0,2,2
1304077,2013-05-21,Terça,10:30:00,RN,101,133.0,SAO JOSE DE MIPIBU,Dormindo,Colisão traseira,Sem Vítimas,Pleno dia,Decrescente,Ceu Claro,Dupla,Reta,Urbano,2013,2,0,0,0,2,0,0,2
1304118,2013-05-20,Segunda,19:20:00,RN,110,47.0,MOSSORO,Desobediência à sinalização,Colisão Transversal,Sem Vítimas,Plena noite,Crescente,Ceu Claro,Simples,Reta,Urbano,2013,2,0,0,0,1,1,0,2
1304140,2013-05-25,Sábado,09:00:00,RN,101,104.0,PARNAMIRIM,Falta de atenção,Colisão traseira,Sem Vítimas,Pleno dia,Crescente,Ceu Claro,Múltipla,Reta,Urbano,2013,2,0,0,0,2,0,0,2
1304164,2013-05-25,Sábado,11:00:00,RN,304,38.5,MOSSORO,Outras,Colisão com objeto fixo,Sem Vítimas,Pleno dia,Decrescente,Sol,Dupla,Reta,Urbano,2013,2,0,0,0,1,1,0,2
1304216,2013-05-25,Sábado,10:30:00,RN,427,55.4,JARDIM DO SERIDO,Velocidade incompatível,Colisão Transversal,Sem Vítimas,Pleno dia,Crescente,Ceu Claro,Simples,Curva,Urbano,2013,2,0,0,0,2,0,0,2
1304265,2013-05-25,Sábado,06:50:00,RN,427,36.2,ACARI,Outras,Colisão lateral,Com Vítimas Feridas,Pleno dia,Crescente,Ceu Claro,Simples,Reta,Rural,2013,2,0,0,1,1,0,1,2
1304305,2013-05-25,Sábado,11:20:00,RN,101,85.0,SAO GONCALO DO AMARANTE,Não guardar distância de segurança,Colisão traseira,Com Vítimas Feridas,Pleno dia,Crescente,Nublado,Dupla,Reta,Urbano,2013,2,0,1,0,1,0,1,2
1304335,2013-05-25,Sábado,19:00:00,RN,101,26.8,RIO DO FOGO,Animais na Pista,Atropelamento de animal,Sem Vítimas,Plena noite,Decrescente,Ceu Claro,Simples,Reta,Rural,2013,2,0,0,0,1,1,0,2
1304353,2013-05-25,Sábado,17:40:00,RN,304,29.8,MOSSORO,Outras,Colisão lateral,Sem Vítimas,Anoitecer,Crescente,Nublado,Simples,Reta,Rural,2013,2,0,0,0,1,1,0,2
1304354,2013-05-25,Sábado,16:40:00,RN,101,104.0,PARNAMIRIM,Falta de atenção,Colisão traseira,Sem Vítimas,Pleno dia,Crescente,Ceu Claro,Múltipla,Reta,Urbano,2013,3,0,0,0,3,0,0,3
1304375,2013-05-25,Sábado,18:50:00,RN,304,47.4,MOSSORO,Outras,Queda de motocicleta / bicicleta / veículo,Com Vítimas Feridas,Plena noite,Crescente,Ceu Claro,Dupla,Reta,Urbano,2013,2,0,0,2,0,0,2,1
1304398,2013-05-25,Sábado,17:50:00,RN,101,145.0,ARES,Não guardar distância de segurança,Queda de motocicleta / bicicleta / veículo,Com Vítimas Feridas,Anoitecer,Crescente,Ignorada,Dupla,Reta,Rural,2013,3,0,1,1,0,1,2,2
1304420,2013-05-25,Sábado,18:20:00,RN,405,76.0,APODI,Ingestão de álcool,Colisão traseira,Sem Vítimas,Plena noite,Decrescente,Ceu Claro,Dupla,Reta,Urbano,2013,2,0,0,0,2,0,0,2
1304502,2013-05-22,Quarta,18:00:00,RN,226,4.0,NATAL,Defeito mecânico em veículo,Colisão frontal,Com Vítimas Fatais,Plena noite,Decrescente,Ceu Claro,Simples,Reta,Urbano,2013,3,2,0,0,1,0,0,2
1304656,2013-05-26,Domingo,16:50:00,RN,304,300.1,MACAIBA,Outras,Capotamento,Sem Vítimas,Pleno dia,Decrescente,Chuva,Dupla,Reta,Rural,2013,1,0,0,0,1,0,0,1
1304666,2013-05-26,Domingo,16:00:00,RN,406,149.5,CEARA-MIRIM,Ingestão de álcool,Atropelamento de pessoa,Com Vítimas Feridas,Pleno dia,Crescente,Ceu Claro,Simples,Reta,Rural,2013,3,0,2,1,0,0,3,1
1304679,2013-05-26,Domingo,15:15:00,RN,101,101.9,PARNAMIRIM,Outras,Colisão traseira,Sem Vítimas,Pleno dia,Decrescente,Nublado,Dupla,Reta,Urbano,2013,2,0,0,0,2,0,0,2
1304703,2013-05-26,Domingo,14:10:00,RN,304,98.2,ASSU,Falta de atenção,Colisão Transversal,Com Vítimas Feridas,Pleno dia,Decrescente,Ceu Claro,Simples,Reta,Urbano,2013,2,0,0,1,1,0,1,2
1304869,2013-05-26,Domingo,23:30:00,RN,304,118.0,ASSU,Outras,Colisão com objeto fixo,Ignorado,Plena noite,Decrescente,Ceu Claro,Simples,Reta,Rural,2013,1,0,0,0,0,1,0,1
1304876,2013-05-27,Segunda,03:30:00,RN,110,70.0,MOSSORO,Outras,Colisão com objeto fixo,Com Vítimas Fatais,Plena noite,Crescente,Ceu Claro,Simples,Reta,Rural,2013,1,1,0,0,0,0,0,1
1304945,2013-05-23,Quinta,07:30:00,RN,110,47.1,MOSSORO,Outras,Colisão Transversal,Com Vítimas Feridas,Pleno dia,Decrescente,Sol,Simples,Reta,Urbano,2013,2,0,1,0,1,0,1,2
1305000,2013-05-27,Segunda,08:15:00,RN,101,98.3,NATAL,Outras,Colisão traseira,Sem Vítimas,Pleno dia,Decrescente,Sol,Múltipla,Reta,Urbano,2013,2,0,0,0,2,0,0,2
1305054,2013-05-27,Segunda,06:00:00,RN,406,102.9,JOAO CAMARA,Falta de atenção,Colisão Transversal,Sem Vítimas,Pleno dia,Decrescente,Ceu Claro,Simples,Reta,Urbano,2013,2,0,0,0,1,1,0,2
1305100,2013-05-27,Segunda,12:00:00,RN,405,24.9,MOSSORO,Falta de atenção,Colisão traseira,Sem Vítimas,Pleno dia,Decrescente,Sol,Simples,Reta,Rural,2013,2,0,0,0,2,0,0,2
1305142,2013-05-24,Sexta,19:00:00,RN,304,37.8,MOSSORO,Outras,Colisão Transversal,Sem Vítimas,Plena noite,Crescente,Nublado,Simples,Cruzamento,Urbano,2013,2,0,0,0,2,0,0,2
1305163,2013-05-27,Segunda,11:30:00,RN,101,101.8,PARNAMIRIM,Falta de atenção,Colisão lateral,Sem Vítimas,Pleno dia,Decrescente,Ceu Claro,Dupla,Cruzamento,Urbano,2013,2,0,0,0,2,0,0,2
1305184,2013-05-23,Quinta,17:50:00,RN,101,80.2,SAO GONCALO DO AMARANTE,Desobediência à sinalização,Colisão Transversal,Sem Vítimas,Anoitecer,Crescente,Ceu Claro,Dupla,Reta,Urbano,2013,2,0,0,0,2,0,0,2
1305203,2013-05-18,Sábado,20:00:00,RN,101,97.8,NATAL,Não guardar distância de segurança,Colisão traseira,Sem Vítimas,Plena noite,Decrescente,Nevoeiro/neblina,Dupla,Reta,Urbano,2013,2,0,0,0,2,0,0,2
1305243,2013-05-27,Segunda,13:30:00,RN,101,106.8,PARNAMIRIM,Falta de atenção,Colisão traseira,Sem Vítimas,Pleno dia,Decrescente,Sol,Simples,Reta,Urbano,2013,2,0,0,0,2,0,0,2
1305262,2013-05-27,Segunda,14:40:00,RN,101,99.9,NATAL,Outras,Colisão lateral,Sem Vítimas,Pleno dia,Crescente,Sol,Dupla,Cruzamento,Urbano,2013,2,0,0,0,2,0,0,2
1305509,2013-05-04,Sábado,15:00:00,RN,110,1.5,AREIA BRANCA,Outras,Colisão lateral,Com Vítimas Feridas,Pleno dia,Crescente,Ceu Claro,Simples,Reta,Urbano,2013,2,0,0,1,0,1,1,2
1305538,2013-05-26,Domingo,17:45:00,RN,101,97.9,NATAL,Falta de atenção,Colisão lateral,Sem Vítimas,Anoitecer,Crescente,Ignorada,Simples,Curva,Urbano,2013,2,0,0,0,2,0,0,2
1305562,2013-05-28,Terça,07:00:00,RN,101,136.3,ARES,Defeito na via,Capotamento,Sem Vítimas,Pleno dia,Crescente,Chuva,Dupla,Reta,Rural,2013,1,0,0,0,1,0,0,1
1305579,2013-01-31,Quinta,22:15:00,RN,110,49.0,MOSSORO,Outras,Queda de motocicleta / bicicleta / veículo,Com Vítimas Feridas,Plena noite,Crescente,Ceu Claro,Dupla,Reta,Urbano,2013,1,0,1,0,0,0,1,1
1305646,2013-05-27,Segunda,12:50:00,RN,101,106.2,PARNAMIRIM,Falta de atenção,Colisão traseira,Sem Vítimas,Pleno dia,Decrescente,Ceu Claro,Dupla,Cruzamento,Urbano,2013,2,0,0,0,2,0,0,2
1305700,2013-05-28,Terça,11:35:00,RN,110,46.8,MOSSORO,Falta de atenção,Colisão traseira,Com Vítimas Feridas,Pleno dia,Decrescente,Sol,Simples,Cruzamento,Urbano,2013,2,0,1,0,1,0,1,2
1305754,2013-05-24,Sexta,19:00:00,RN,101,96.8,NATAL,Outras,Colisão lateral,Sem Vítimas,Plena noite,Crescente,Nublado,Dupla,Reta,Urbano,2013,2,0,0,0,2,0,0,2
1305980,2013-05-28,Terça,11:05:00,RN,101,95.4,NATAL,Falta de atenção,Colisão lateral,Sem Vítimas,Pleno dia,Crescente,Ceu Claro,Simples,Reta,Urbano,2013,2,0,0,0,2,0,0,2
1305992,2013-05-29,Quarta,01:40:00,RN,101,130.7,SAO JOSE DE MIPIBU,Falta de atenção,Capotamento,Sem Vítimas,Plena noite,Decrescente,Nublado,Dupla,Reta,Rural,2013,1,0,0,0,1,0,0,1
1305995,2013-05-28,Terça,19:45:00,RN,101,108.5,PARNAMIRIM,Outras,Colisão com bicicleta,Com Vítimas Feridas,Plena noite,Decrescente,Ceu Claro,Dupla,Reta,Urbano,2013,2,0,1,0,0,1,1,2
1306054,2013-05-29,Quarta,04:40:00,RN,304,183.5,ANGICOS,Animais na Pista,Capotamento,Com Vítimas Feridas,Amanhecer,Crescente,Vento,Simples,Reta,Rural,2013,2,0,1,0,0,1,1,2
1306093,2013-05-26,Domingo,00:45:00,RN,101,119.5,SAO JOSE DE MIPIBU,Dormindo,Atropelamento de pessoa,Com Vítimas Feridas,Plena noite,Crescente,Nublado,Dupla,Reta,Urbano,2013,2,0,1,0,0,1,1,1
1306151,2013-05-29,Quarta,07:40:00,RN,101,100.0,PARNAMIRIM,Não guardar distância de segurança,Colisão traseira,Sem Vítimas,Pleno dia,Decrescente,Sol,Dupla,Reta,Urbano,2013,2,0,0,0,2,0,0,2
1306190,2013-05-20,Segunda,07:00:00,RN,304,48.0,MOSSORO,Outras,Colisão com bicicleta,Com Vítimas Feridas,Pleno dia,Decrescente,Ceu Claro,Simples,Reta,Urbano,2013,2,0,1,0,0,1,1,2
1306267,2013-05-14,Terça,09:30:00,RN,101,96.0,NATAL,Falta de atenção,Danos Eventuais,Sem Vítimas,Pleno dia,Crescente,Chuva,Dupla,Cruzamento,Urbano,2013,3,0,0,0,3,0,0,3
1306317,2013-05-27,Segunda,10:30:00,RN,304,24.0,MOSSORO,Falta de atenção,Tombamento,Sem Vítimas,Pleno dia,Decrescente,Ceu Claro,Simples,Curva,Rural,2013,1,0,0,0,1,0,0,1
1306359,2013-05-29,Quarta,18:15:00,RN,101,85.9,NATAL,Não guardar distância de segurança,Colisão traseira,Sem Vítimas,Plena noite,Decrescente,Ceu Claro,Dupla,Reta,Urbano,2013,3,0,0,0,2,1,0,3
1306431,2013-05-27,Segunda,13:40:00,RN,101,99.0,NATAL,Falta de atenção,Colisão lateral,Sem Vítimas,Pleno dia,Crescente,Ceu Claro,Dupla,Reta,Urbano,2013,2,0,0,0,2,0,0,2
1306483,2013-05-29,Quarta,20:00:00,RN,101,95.4,NATAL,Falta de atenção,Colisão traseira,Sem Vítimas,Plena noite,Crescente,Ignorada,Múltipla,Reta,Urbano,2013,2,0,0,0,2,0,0,2
1306505,2013-05-29,Quarta,07:05:00,RN,101,98.0,NATAL,Falta de atenção,Colisão lateral,Sem Vítimas,Pleno dia,Decrescente,Ceu Claro,Simples,Curva,Urbano,2013,2,0,0,0,2,0,0,2
1306511,2013-05-29,Quarta,18:50:00,RN,304,5.9,MOSSORO,Animais na Pista,Atropelamento de animal,Sem Vítimas,Plena noite,Decrescente,Ceu Claro,Simples,Reta,Rural,2013,1,0,0,0,1,0,0,1
1306566,2013-05-29,Quarta,21:00:00,RN,304,84.5,MOSSORO,Falta de atenção,Colisão lateral,Sem Vítimas,Plena noite,Crescente,Ceu Claro,Simples,Reta,Rural,2013,2,0,0,0,2,0,0,2
1306629,2013-05-26,Domingo,23:44:00,RN,304,282.0,MACAIBA,Ingestão de álcool,Capotamento,Com Vítimas Feridas,Anoitecer,Crescente,Ceu Claro,Simples,Cruzamento,Rural,2013,2,0,1,1,0,0,2,1
1306682,2013-05-30,Quinta,08:45:00,RN,101,107.3,PARNAMIRIM,Ingestão de álcool,Colisão traseira,Sem Vítimas,Pleno dia,Crescente,Ceu Claro,Dupla,Cruzamento,Urbano,2013,2,0,0,0,2,0,0,2
1306701,2013-05-30,Quinta,09:10:00,RN,101,116.5,SAO JOSE DE MIPIBU,Outras,Colisão lateral,Com Vítimas Feridas,Pleno dia,Decrescente,Sol,Dupla,Reta,Rural,2013,3,0,0,1,1,1,1,2
1306781,2013-05-28,Terça,08:30:00,RN,101,97.5,NATAL,Falta de atenção,Colisão traseira,Sem Vítimas,Pleno dia,Crescente,Ceu Claro,Múltipla,Reta,Urbano,2013,2,0,0,0,2,0,0,2
1306970,2013-05-30,Quinta,17:10:00,RN,406,104.0,JOAO CAMARA,Ingestão de álcool,Colisão Transversal,Com Vítimas Feridas,Pleno dia,Decrescente,Ceu Claro,Simples,Reta,Urbano,2013,2,0,1,0,1,0,1,2
1307156,2013-05-30,Quinta,20:45:00,RN,101,97.5,NATAL,Desobediência à sinalização,Colisão Transversal,Com Vítimas Feridas,Plena noite,Decrescente,Ceu Claro,Múltipla,Cruzamento,Urbano,2013,2,0,1,0,0,1,1,2
1307195,2013-05-29,Quarta,18:10:00,RN,304,296.9,MACAIBA,Falta de atenção,Colisão lateral,Sem Vítimas,Plena noite,Decrescente,Ceu Claro,Simples,Curva,Rural,2013,2,0,0,0,2,0,0,2
1307228,2013-05-27,Segunda,16:45:00,RN,304,298.0,MACAIBA,Falta de atenção,Colisão lateral,Sem Vítimas,Pleno dia,Decrescente,Sol,Simples,Reta,Urbano,2013,2,0,0,0,2,0,0,2
1307307,2013-05-31,Sexta,09:30:00,RN,101,102.0,NATAL,Não guardar distância de segurança,Colisão traseira,Sem Vítimas,Pleno dia,Decrescente,Sol,Múltipla,Reta,Urbano,2013,3,0,0,0,3,0,0,3
1307343,2013-05-27,Segunda,13:30:00,RN,101,103.9,PARNAMIRIM,Falta de atenção,Colisão lateral,Sem Vítimas,Pleno dia,Crescente,Ceu Claro,Dupla,Reta,Urbano,2013,2,0,0,0,2,0,0,2
1307350,2013-05-31,Sexta,12:00:00,RN,101,107.3,PARNAMIRIM,Falta de atenção,Colisão traseira,Sem Vítimas,Pleno dia,Decrescente,Ceu Claro,Dupla,Cruzamento,Urbano,2013,2,0,0,0,2,0,0,2
1307378,2013-05-31,Sexta,12:30:00,RN,101,107.3,PARNAMIRIM,Falta de atenção,Colisão traseira,Sem Vítimas,Pleno dia,Decrescente,Ceu Claro,Dupla,Cruzamento,Urbano,2013,2,0,0,0,2,0,0,2
1307479,2013-05-31,Sexta,15:00:00,RN,101,82.0,SAO GONCALO DO AMARANTE,Outras,Colisão traseira,Sem Vítimas,Pleno dia,Crescente,Ceu Claro,Dupla,Reta,Urbano,2013,3,0,0,0,2,1,0,2
1307667,2013-05-31,Sexta,19:30:00,RN,304,296.0,MACAIBA,Desobediência à sinalização,Colisão Transversal,Com Vítimas Feridas,Plena noite,Decrescente,Ceu Claro,Simples,Reta,Urbano,2013,2,0,1,0,1,0,1,2
1307821,2013-05-28,Terça,13:40:00,RN,101,97.0,NATAL,Não guardar distância de segurança,Colisão traseira,Sem Vítimas,Pleno dia,Decrescente,Ceu Claro,Múltipla,Reta,Urbano,2013,3,0,0,0,3,0,0,3
1308167,2013-06-01,Sábado,21:50:00,RN,101,95.3,NATAL,Falta de atenção,Colisão traseira,Sem Vítimas,Plena noite,Crescente,Vento,Dupla,Cruzamento,Urbano,2013,2,0,0,0,2,0,0,2
1308406,2013-06-02,Domingo,12:40:00,RN,101,107.2,PARNAMIRIM,Falta de atenção,Colisão lateral,Sem Vítimas,Pleno dia,Decrescente,Sol,Simples,Reta,Urbano,2013,2,0,0,0,2,0,0,2
1308518,2013-06-02,Domingo,16:45:00,RN,101,83.9,SAO GONCALO DO AMARANTE,Não guardar distância de segurança,Colisão lateral,Sem Vítimas,Pleno dia,Crescente,Ceu Claro,Dupla,Reta,Urbano,2013,2,0,0,0,2,0,0,2
1308551,2013-05-29,Quarta,18:15:00,RN,101,76.3,NATAL,Animais na Pista,Atropelamento de animal,Sem Vítimas,Plena noite,Decrescente,Nublado,Dupla,Curva,Urbano,2013,1,0,0,0,1,0,0,1
1308665,2013-06-02,Domingo,19:00:00,RN,101,113.6,SAO JOSE DE MIPIBU,Falta de atenção,Colisão Transversal,Com Vítimas Feridas,Plena noite,Decrescente,Ceu Claro,Dupla,Reta,Urbano,2013,3,0,2,0,0,1,2,2
1308677,2013-06-02,Domingo,20:00:00,RN,304,27.0,MOSSORO,Outras,Capotamento,Ignorado,Plena noite,Crescente,Ceu Claro,Simples,Reta,Urbano,2013,1,0,0,0,0,1,0,1
1308822,2013-06-02,Domingo,18:20:00,RN,101,144.0,GOIANINHA,Animais na Pista,Atropelamento de animal,Sem Vítimas,Plena noite,Crescente,Ceu Claro,Dupla,Reta,Rural,2013,1,0,0,0,1,0,0,1
1308831,2013-06-01,Sábado,22:35:00,RN,101,107.0,PARNAMIRIM,Ingestão de álcool,Colisão traseira,Sem Vítimas,Plena noite,Decrescente,Ignorada,Dupla,Reta,Urbano,2013,2,0,0,0,2,0,0,2
1308892,2013-05-30,Quinta,01:00:00,RN,226,335.1,PATU,Dormindo,Capotamento,Com Vítimas Feridas,Plena noite,Decrescente,Ceu Claro,Simples,Reta,Rural,2013,1,0,1,0,0,0,1,1
1308922,2013-06-02,Domingo,16:20:00,RN,304,295.7,MACAIBA,Falta de atenção,Colisão traseira,Sem Vítimas,Pleno dia,Crescente,Ceu Claro,Simples,Reta,Urbano,2013,2,0,0,0,2,0,0,2
1308999,2013-06-03,Segunda,07:20:00,RN,406,163.1,SAO GONCALO DO AMARANTE,Não guardar distância de segurança,Colisão traseira,Sem Vítimas,Pleno dia,Crescente,Ceu Claro,Simples,Reta,Rural,2013,2,0,0,0,2,0,0,2
1309014,2013-06-03,Segunda,06:20:00,RN,101,99.0,NATAL,Não guardar distância de segurança,Colisão traseira,Sem Vítimas,Pleno dia,Decrescente,Ceu Claro,Simples,Reta,Urbano,2013,2,0,0,0,2,0,0,2
1309015,2013-05-28,Terça,08:50:00,RN,101,82.0,NATAL,Falta de atenção,Colisão lateral,Sem Vítimas,Pleno dia,Decrescente,Ceu Claro,Simples,Reta,Urbano,2013,2,0,0,0,2,0,0,2
1309048,2013-05-26,Domingo,01:25:00,RN,101,97.4,NATAL,Outras,Colisão com objeto fixo,Com Vítimas Fatais,Plena noite,Decrescente,Ceu Claro,Dupla,Reta,Urbano,2013,1,1,0,0,0,0,0,1
1309099,2013-06-03,Segunda,05:20:00,RN,226,332.0,PATU,Outras,Colisão frontal,Com Vítimas Feridas,Plena noite,Crescente,Ceu Claro,Simples,Reta,Rural,2013,3,0,0,3,0,0,3,2
1309228,2013-06-03,Segunda,07:10:00,RN,101,106.0,PARNAMIRIM,Não guardar distância de segurança,Colisão traseira,Sem Vítimas,Pleno dia,Decrescente,Ceu Claro,Dupla,Reta,Urbano,2013,2,0,0,0,2,0,0,2
1309283,2013-06-03,Segunda,23:35:00,RN,101,106.2,PARNAMIRIM,Não guardar distância de segurança,Colisão traseira,Sem Vítimas,Plena noite,Decrescente,Ceu Claro,Dupla,Cruzamento,Urbano,2013,2,0,0,0,2,0,0,2
1309335,2013-05-30,Quinta,16:30:00,RN,101,101.9,PARNAMIRIM,Ingestão de álcool,Colisão traseira,Sem Vítimas,Pleno dia,Decrescente,Ceu Claro,Múltipla,Cruzamento,Urbano,2013,3,0,0,0,3,0,0,3
1309358,2013-05-31,Sexta,18:40:00,RN,101,97.0,NATAL,Falta de atenção,Colisão traseira,Sem Vítimas,Pleno dia,Crescente,Ceu Claro,Dupla,Reta,Urbano,2013,2,0,0,0,2,0,0,2
1309367,2013-06-03,Segunda,13:50:00,RN,101,96.8,NATAL,Não guardar distância de segurança,Colisão lateral,Sem Vítimas,Pleno dia,Crescente,Ceu Claro,Dupla,Curva,Urbano,2013,2,0,0,0,2,0,0,2
1309415,2013-05-11,Sábado,11:15:00,RN,101,100.1,NATAL,Não guardar distância de segurança,Colisão traseira,Com Vítimas Feridas,Pleno dia,Crescente,Ceu Claro,Dupla,Reta,Urbano,2013,4,0,2,0,2,0,2,2
1309493,2013-06-04,Terça,11:00:00,RN,101,94.3,NATAL,Outras,Colisão traseira,Sem Vítimas,Pleno dia,Crescente,Sol,Dupla,Reta,Urbano,2013,2,0,0,0,2,0,0,2
1309513,2013-06-04,Terça,10:43:00,RN,101,101.0,NATAL,Outras,Colisão traseira,Com Vítimas Feridas,Pleno dia,Crescente,Sol,Dupla,Reta,Urbano,2013,3,0,1,0,0,2,1,3
1309531,2013-06-04,Terça,13:40:00,RN,101,96.7,NATAL,Falta de atenção,Colisão traseira,Sem Vítimas,Pleno dia,Decrescente,Ceu Claro,Múltipla,Reta,Urbano,2013,2,0,0,0,2,0,0,2
1309547,2013-06-04,Terça,07:55:00,RN,101,99.3,NATAL,Falta de atenção,Colisão lateral,Sem Vítimas,Pleno dia,Decrescente,Ceu Claro,Dupla,Reta,Urbano,2013,2,0,0,0,2,0,0,2
1309548,2013-06-04,Terça,08:25:00,RN,101,98.6,NATAL,Não guardar distância de segurança,Colisão traseira,Sem Vítimas,Plena noite,Decrescente,Ceu Claro,Múltipla,Reta,Urbano,2013,2,0,0,0,1,1,0,2
1309641,2013-06-04,Terça,15:20:00,RN,304,46.1,MOSSORO,Falta de atenção,Colisão traseira,Com Vítimas Feridas,Pleno dia,Crescente,Ceu Claro,Dupla,Reta,Urbano,2013,2,0,1,0,1,0,1,2
1309681,2013-06-04,Terça,11:00:00,RN,101,130.0,GOIANINHA,Velocidade incompatível,Capotamento,Sem Vítimas,Pleno dia,Decrescente,Chuva,Dupla,Curva,Rural,2013,1,0,0,0,1,0,0,1
1309703,2013-06-04,Terça,17:30:00,RN,101,109.0,PARNAMIRIM,Falta de atenção,Colisão Transversal,Com Vítimas Feridas,Anoitecer,Decrescente,Ceu Claro,Dupla,Reta,Urbano,2013,2,0,2,0,0,0,2,2
1309748,2013-06-02,Domingo,16:20:00,RN,304,108.5,ASSU,Dormindo,Colisão traseira,Com Vítimas Feridas,Pleno dia,Crescente,Ceu Claro,Simples,Curva,Rural,2013,5,0,1,0,4,0,1,2
1309767,2013-06-03,Segunda,16:15:00,RN,304,37.0,MOSSORO,Outras,Queda de motocicleta / bicicleta / veículo,Com Vítimas Feridas,Pleno dia,Crescente,Ceu Claro,Dupla,Reta,Urbano,2013,1,0,1,0,0,0,1,1
1309779,2013-06-04,Terça,14:50:00,RN,304,35.0,MOSSORO,Falta de atenção,Colisão Transversal,Sem Vítimas,Pleno dia,Crescente,Ceu Claro,Dupla,Cruzamento,Urbano,2013,2,0,0,0,1,1,0,2
1309802,2013-06-04,Terça,21:00:00,RN,427,97.2,CAICO,Desobediência à sinalização,Colisão Transversal,Com Vítimas Feridas,Plena noite,Crescente,Ceu Claro,Simples,Reta,Urbano,2013,2,0,2,0,0,0,2,2
1309843,2013-06-01,Sábado,12:50:00,RN,101,97.0,NATAL,Falta de atenção,Colisão traseira,Com Vítimas Feridas,Pleno dia,Crescente,Ceu Claro,Dupla,Reta,Urbano,2013,2,0,0,1,1,0,1,2
1309859,2013-06-05,Quarta,08:05:00,RN,304,36.5,MOSSORO,Ingestão de álcool,Colisão com bicicleta,Com Vítimas Feridas,Pleno dia,Crescente,Ceu Claro,Dupla,Reta,Urbano,2013,2,0,1,0,0,1,1,2
1309882,2013-05-26,Domingo,07:45:00,RN,405,125.2,ITAU,Outras,Saída de Pista,Com Vítimas Feridas,Pleno dia,Crescente,Ceu Claro,Simples,Reta,Rural,2013,2,0,2,0,0,0,2,2
1309926,2013-06-02,Domingo,19:20:00,RN,406,102.7,JOAO CAMARA,Ultrapassagem indevida,Colisão frontal,Com Vítimas Feridas,Plena noite,Decrescente,Ceu Claro,Simples,Reta,Urbano,2013,2,0,1,1,0,0,2,2
1309965,2013-06-05,Quarta,09:50:00,RN,304,57.2,MOSSORO,Falta de atenção,Colisão traseira,Sem Vítimas,Pleno dia,Decrescente,Nublado,Simples,Reta,Rural,2013,3,0,0,0,3,0,0,3
1309973,2013-06-01,Sábado,19:15:00,RN,304,35.7,MOSSORO,Desobediência à sinalização,Colisão lateral,Sem Vítimas,Plena noite,Crescente,Ceu Claro,Dupla,Cruzamento,Urbano,2013,2,0,0,0,1,1,0,2