id,data_inversa,dia_semana,horario,uf,br,km,municipio,causa_acidente,tipo_acidente,classificacao_acidente,fase_dia,sentido_via,condicao_metereologica,tipo_pista,tracado_via,uso_solo,ano,pessoas,mortos,feridos_leves,feridos_graves,ilesos,ignorados,feridos,veiculos
1309976,2013-05-30,Quinta,13:50:00,RN,101,69.2,EXTREMOZ,Outras,Colisão com objeto móvel,Sem Vítimas,Pleno dia,Decrescente,Sol,Simples,Reta,Urbano,2013,2,0,0,0,1,1,0,2
1310005,2013-06-01,Sábado,19:30:00,RN,405,139.8,SAO FRANCISCO DO OESTE,Falta de atenção,Colisão com objeto móvel,Com Vítimas Feridas,Plena noite,Crescente,Ceu Claro,Simples,Reta,Rural,2013,1,0,0,1,0,0,1,1
1310059,2013-06-05,Quarta,10:55:00,RN,101,100.0,PARNAMIRIM,Não guardar distância de segurança,Colisão traseira,Sem Vítimas,Pleno dia,Crescente,Sol,Dupla,Cruzamento,Urbano,2013,2,0,0,0,2,0,0,2
1310083,2013-06-05,Quarta,09:05:00,RN,101,97.2,NATAL,Não guardar distância de segurança,Colisão traseira,Sem Vítimas,Pleno dia,Decrescente,Sol,Múltipla,Reta,Urbano,2013,4,0,0,0,3,1,0,4
1310112,2013-06-05,Quarta,11:30:00,RN,101,148.7,GOIANINHA,Falta de atenção,Colisão traseira,Sem Vítimas,Pleno dia,Crescente,Ceu Claro,Dupla,Cruzamento,Urbano,2013,2,0,0,0,2,0,0,2
1310160,2013-06-03,Segunda,01:10:00,RN,110,42.3,MOSSORO,Animais na Pista,Saída de Pista,Com Vítimas Feridas,Plena noite,Crescente,Ceu Claro,Simples,Reta,Rural,2013,3,0,3,0,0,0,3,1
1310220,2013-06-05,Quarta,18:30:00,RN,405,0.5,MOSSORO,Falta de atenção,Colisão lateral,Sem Vítimas,Plena noite,Decrescente,Nublado,Simples,Curva,Urbano,2013,2,0,0,0,2,0,0,2
1310226,2013-06-05,Quarta,15:30:00,RN,101,82.0,SAO GONCALO DO AMARANTE,Falta de atenção,Colisão traseira,Sem Vítimas,Pleno dia,Decrescente,Ceu Claro,Simples,Reta,Urbano,2013,2,0,0,0,2,0,0,2
1310229,2013-06-05,Quarta,09:40:00,RN,101,99.0,NATAL,Não guardar distância de segurança,Colisão traseira,Sem Vítimas,Pleno dia,Decrescente,Sol,Múltipla,Reta,Urbano,2013,2,0,0,0,2,0,0,2
1310251,2013-06-05,Quarta,10:50:00,RN,101,100.0,PARNAMIRIM,Não guardar distância de segurança,Colisão traseira,Sem Vítimas,Pleno dia,Crescente,Sol,Múltipla,Reta,Urbano,2013,3,0,0,0,3,0,0,3
1310287,2013-06-05,Quarta,22:00:00,RN,226,5.7,NATAL,Outras,Atropelamento de pessoa,Com Vítimas Fatais,Plena noite,Decrescente,Ceu Claro,Simples,Reta,Urbano,2013,2,1,0,0,0,1,0,1
1310293,2013-06-05,Quarta,23:00:00,RN,101,121.4,SAO JOSE DE MIPIBU,Animais na Pista,Atropelamento de animal,Sem Vítimas,Plena noite,Decrescente,Nublado,Dupla,Reta,Rural,2013,2,0,0,0,2,0,0,1
1310330,2013-06-05,Quarta,17:20:00,RN,101,101.3,PARNAMIRIM,Outras,Colisão Transversal,Sem Vítimas,Anoitecer,Crescente,Nublado,Múltipla,Reta,Urbano,2013,2,0,0,0,2,0,0,2
1310457,2013-06-02,Domingo,13:00:00,RN,110,47.8,MOSSORO,Velocidade incompatível,Colisão traseira,Com Vítimas Feridas,Pleno dia,Crescente,Ceu Claro,Simples,Reta,Urbano,2013,3,0,0,1,0,2,1,2
1310465,2013-06-06,Quinta,10:05:00,RN,101,107.4,PARNAMIRIM,Não guardar distância de segurança,Colisão traseira,Sem Vítimas,Pleno dia,Crescente,Chuva,Dupla,Reta,Urbano,2013,2,0,0,0,2,0,0,2
1310469,2013-06-06,Quinta,10:20:00,RN,101,95.8,NATAL,Falta de atenção,Colisão traseira,Sem Vítimas,Pleno dia,Decrescente,Chuva,Dupla,Reta,Urbano,2013,2,0,0,0,2,0,0,2
1310474,2013-06-03,Segunda,06:30:00,RN,110,48.3,MOSSORO,Falta de atenção,Colisão lateral,Com Vítimas Feridas,Pleno dia,Decrescente,Ceu Claro,Simples,Reta,Urbano,2013,2,0,1,0,1,0,1,2
1310571,2013-06-01,Sábado,06:20:00,RN,101,99.0,NATAL,Outras,Capotamento,Com Vítimas Feridas,Amanhecer,Crescente,Ceu Claro,Dupla,Cruzamento,Urbano,2013,3,0,1,0,2,0,1,3
1310597,2013-06-06,Quinta,07:40:00,RN,101,95.0,NATAL,Não guardar distância de segurança,Colisão traseira,Sem Vítimas,Pleno dia,Crescente,Chuva,Múltipla,Reta,Urbano,2013,2,0,0,0,2,0,0,2
1310656,2013-05-30,Quinta,06:40:00,RN,304,66.9,MOSSORO,Outras,Colisão com bicicleta,Com Vítimas Fatais,Pleno dia,Crescente,Ceu Claro,Simples,Reta,Rural,2013,5,1,0,1,1,2,1,5
1310829,2013-06-06,Quinta,15:40:00,RN,101,99.5,PARNAMIRIM,Falta de atenção,Colisão traseira,Sem Vítimas,Plena noite,Decrescente,Sol,Dupla,Reta,Urbano,2013,2,0,0,0,2,0,0,2
1310837,2013-06-06,Quinta,19:20:00,RN,101,106.5,PARNAMIRIM,Falta de atenção,Colisão traseira,Sem Vítimas,Plena noite,Crescente,Ceu Claro,Dupla,Reta,Urbano,2013,2,0,0,0,1,1,0,2
1310843,2013-06-06,Quinta,17:00:00,RN,101,99.5,NATAL,Falta de atenção,Colisão traseira,Sem Vítimas,Anoitecer,Decrescente,Ceu Claro,Múltipla,Reta,Urbano,2013,3,0,0,0,3,0,0,3
1310851,2013-06-06,Quinta,05:45:00,RN,304,222.2,CAICARA DO RIO DO VENTO,Outras,Capotamento,Com Vítimas Feridas,Amanhecer,Decrescente,Chuva,Simples,Curva,Rural,2013,2,0,0,1,1,0,1,1
1310857,2013-06-06,Quinta,16:00:00,RN,226,4.2,NATAL,Não guardar distância de segurança,Colisão traseira,Sem Vítimas,Pleno dia,Crescente,Ceu Claro,Simples,Cruzamento,Urbano,2013,2,0,0,0,2,0,0,2
1310860,2013-06-06,Quinta,23:15:00,RN,406,155.0,CEARA-MIRIM,Animais na Pista,Atropelamento de animal,Sem Vítimas,Plena noite,Crescente,Nublado,Simples,Reta,Rural,2013,1,0,0,0,1,0,0,1
1311015,2013-06-06,Quinta,16:10:00,RN,101,104.0,PARNAMIRIM,Outras,Colisão traseira,Sem Vítimas,Pleno dia,Decrescente,Nublado,Dupla,Reta,Urbano,2013,2,0,0,0,2,0,0,2
1311021,2013-03-19,Terça,06:40:00,RN,226,101.6,SANTA CRUZ,Outras,Colisão lateral,Com Vítimas Fatais,Pleno dia,Crescente,Ceu Claro,Simples,Reta,Rural,2013,7,2,0,0,5,0,0,3
1311044,2013-06-03,Segunda,18:00:00,RN,101,96.4,NATAL,Outras,Colisão lateral,Sem Vítimas,Plena noite,Decrescente,Ceu Claro,Dupla,Curva,Urbano,2013,2,0,0,0,2,0,0,2
1311053,2013-01-10,Quinta,16:40:00,RN,101,68.0,EXTREMOZ,Falta de atenção,Colisão Transversal,Com Vítimas Feridas,Pleno dia,Decrescente,Ceu Claro,Simples,Cruzamento,Urbano,2013,6,0,0,5,1,0,5,2
1311096,2013-06-07,Sexta,11:50:00,RN,101,94.6,NATAL,Falta de atenção,Colisão lateral,Sem Vítimas,Pleno dia,Crescente,Ceu Claro,Múltipla,Reta,Urbano,2013,2,0,0,0,2,0,0,2
1311152,2013-06-07,Sexta,09:30:00,RN,304,37.7,MOSSORO,Desobediência à sinalização,Colisão Transversal,Com Vítimas Feridas,Pleno dia,Crescente,Ceu Claro,Simples,Reta,Urbano,2013,2,0,1,0,1,0,1,2
1311226,2013-06-03,Segunda,07:15:00,RN,101,103.4,PARNAMIRIM,Não guardar distância de segurança,Colisão traseira,Com Vítimas Feridas,Pleno dia,Decrescente,Ceu Claro,Múltipla,Reta,Urbano,2013,4,0,1,0,3,0,1,3
1311238,2013-06-07,Sexta,17:35:00,RN,406,163.0,CEARA-MIRIM,Falta de atenção,Colisão Transversal,Sem Vítimas,Anoitecer,Decrescente,Ceu Claro,Simples,Reta,Rural,2013,2,0,0,0,2,0,0,2
1311340,2013-06-07,Sexta,17:50:00,RN,304,46.9,MOSSORO,Ingestão de álcool,Colisão com bicicleta,Com Vítimas Feridas,Plena noite,Crescente,Ceu Claro,Dupla,Reta,Urbano,2013,2,0,0,1,0,1,1,2
1311353,2013-06-07,Sexta,18:50:00,RN,101,99.9,NATAL,Falta de atenção,Colisão traseira,Sem Vítimas,Plena noite,Crescente,Nublado,Dupla,Reta,Urbano,2013,2,0,0,0,2,0,0,2
1311491,2013-06-07,Sexta,18:13:00,RN,304,62.3,MOSSORO,Falta de atenção,Colisão Transversal,Com Vítimas Feridas,Plena noite,Crescente,Ceu Claro,Simples,Reta,Rural,2013,2,0,1,0,1,0,1,2
1311508,2013-06-08,Sábado,03:00:00,RN,101,100.0,NATAL,Não guardar distância de segurança,Colisão traseira,Sem Vítimas,Plena noite,Crescente,Ceu Claro,Dupla,Cruzamento,Urbano,2013,2,0,0,0,2,0,0,2
1311595,2013-06-04,Terça,20:00:00,RN,101,42.9,MAXARANGUAPE,Outras,Capotamento,Com Vítimas Feridas,Plena noite,Decrescente,Ceu Claro,Simples,Curva,Rural,2013,2,0,1,1,0,0,2,1
1311662,2013-06-08,Sábado,07:10:00,RN,304,48.0,MOSSORO,Ingestão de álcool,Colisão Transversal,Com Vítimas Feridas,Pleno dia,Decrescente,Sol,Simples,Reta,Urbano,2013,2,0,1,0,1,0,1,2
1311723,2013-06-08,Sábado,12:25:00,RN,101,80.0,NATAL,Falta de atenção,Colisão traseira,Sem Vítimas,Pleno dia,Decrescente,Ceu Claro,Dupla,Cruzamento,Urbano,2013,2,0,0,0,2,0,0,2
1311746,2013-06-08,Sábado,13:30:00,RN,101,98.9,NATAL,Não guardar distância de segurança,Colisão traseira,Sem Vítimas,Pleno dia,Crescente,Sol,Dupla,Reta,Urbano,2013,3,0,0,0,2,1,0,3
1311778,2013-06-08,Sábado,09:30:00,RN,101,150.5,GOIANINHA,Falta de atenção,Colisão traseira,Sem Vítimas,Pleno dia,Crescente,Ceu Claro,Múltipla,Reta,Rural,2013,2,0,0,0,2,0,0,2
1311873,2013-06-08,Sábado,14:15:00,RN,226,11.5,MACAIBA,Não guardar distância de segurança,Colisão traseira,Sem Vítimas,Pleno dia,Crescente,Ceu Claro,Simples,Reta,Urbano,2013,2,0,0,0,2,0,0,2
1312056,2013-06-08,Sábado,14:45:00,RN,427,48.0,JARDIM DO SERIDO,Outras,Colisão traseira,Com Vítimas Fatais,Pleno dia,Crescente,Ceu Claro,Simples,Reta,Rural,2013,2,1,0,0,1,0,0,2
1312065,2013-06-06,Quinta,06:00:00,RN,226,33.6,MACAIBA,Outras,Capotamento,Sem Vítimas,Amanhecer,Decrescente,Chuva,Simples,Reta,Rural,2013,1,0,0,0,1,0,0,1
1312069,2013-06-09,Domingo,06:30:00,RN,101,138.5,ARES,Outras,Queda de motocicleta / bicicleta / veículo,Com Vítimas Feridas,Pleno dia,Decrescente,Chuva,Dupla,Curva,Rural,2013,1,0,0,1,0,0,1,1
1312081,2013-06-06,Quinta,19:25:00,RN,101,94.4,NATAL,Não guardar distância de segurança,Colisão traseira,Sem Vítimas,Plena noite,Crescente,Ceu Claro,Múltipla,Reta,Urbano,2013,2,0,0,0,2,0,0,2
1312151,2013-06-05,Quarta,05:45:00,RN,101,143.0,ARES,Falta de atenção,Capotamento,Com Vítimas Feridas,Amanhecer,Crescente,Chuva,Dupla,Curva,Rural,2013,1,0,1,0,0,0,1,1
1312153,2013-06-06,Quinta,21:50:00,RN,110,47.1,MOSSORO,Falta de atenção,Colisão traseira,Sem Vítimas,Plena noite,Decrescente,Ceu Claro,Simples,Reta,Urbano,2013,2,0,0,0,1,1,0,2
1312212,2013-06-01,Sábado,18:00:00,RN,406,152.0,CEARA-MIRIM,Outras,Colisão Transversal,Com Vítimas Feridas,Plena noite,Crescente,Ceu Claro,Simples,Reta,Rural,2013,2,0,0,1,0,1,1,2
1312286,2013-06-08,Sábado,14:45:00,RN,304,44.7,MOSSORO,Defeito mecânico em veículo,Colisão frontal,Com Vítimas Feridas,Pleno dia,Decrescente,Chuva,Dupla,Reta,Rural,2013,3,0,2,0,1,0,2,2
1312402,2013-05-24,Sexta,15:10:00,RN,101,101.7,PARNAMIRIM,Falta de atenção,Colisão lateral,Sem Vítimas,Pleno dia,Crescente,Ceu Claro,Dupla,Reta,Urbano,2013,2,0,0,0,2,0,0,2
1312433,2013-06-09,Domingo,11:30:00,RN,101,30.2,RIO DO FOGO,Falta de atenção,Colisão Transversal,Sem Vítimas,Amanhecer,Crescente,Ceu Claro,Simples,Reta,Rural,2013,2,0,0,0,2,0,0,2
1312448,2013-06-05,Quarta,23:00:00,RN,101,82.9,SAO GONCALO DO AMARANTE,Falta de atenção,Colisão traseira,Sem Vítimas,Plena noite,Crescente,Chuva,Simples,Reta,Urbano,2013,2,0,0,0,2,0,0,2
1312455,2013-06-09,Domingo,20:50:00,RN,101,147.9,GOIANINHA,Falta de atenção,Capotamento,Com Vítimas Feridas,Plena noite,Decrescente,Nublado,Dupla,Reta,Urbano,2013,2,0,1,0,1,0,1,1
1312462,2013-06-05,Quarta,18:40:00,RN,101,85.1,SAO GONCALO DO AMARANTE,Falta de atenção,Colisão lateral,Sem Vítimas,Plena noite,Crescente,Vento,Dupla,Reta,Urbano,2013,2,0,0,0,2,0,0,2
1312463,2013-06-09,Domingo,15:40:00,RN,304,258.8,SANTA MARIA,Não guardar distância de segurança,Colisão traseira,Sem Vítimas,Pleno dia,Crescente,Nublado,Simples,Reta,Urbano,2013,2,0,0,0,2,0,0,2
1312526,2013-06-06,Quinta,18:40:00,RN,101,96.4,NATAL,Falta de atenção,Colisão traseira,Sem Vítimas,Plena noite,Decrescente,Ceu Claro,Múltipla,Reta,Urbano,2013,2,0,0,0,1,1,0,2
1312685,2013-06-07,Sexta,12:00:00,RN,101,100.0,NATAL,Defeito mecânico em veículo,Queda de motocicleta / bicicleta / veículo,Com Vítimas Feridas,Pleno dia,Decrescente,Ceu Claro,Múltipla,Reta,Urbano,2013,1,0,1,0,0,0,1,1
1312737,2013-06-10,Segunda,11:00:00,RN,304,263.9,SAO PEDRO,Defeito na via,Colisão lateral,Sem Vítimas,Pleno dia,Crescente,Ceu Claro,Simples,Reta,Rural,2013,2,0,0,0,2,0,0,2
1312769,2013-06-10,Segunda,13:30:00,RN,101,95.7,NATAL,Não guardar distância de segurança,Colisão traseira,Sem Vítimas,Pleno dia,Crescente,Sol,Múltipla,Reta,Urbano,2013,2,0,0,0,2,0,0,2
1312772,2013-06-03,Segunda,02:00:00,RN,304,167.3,ANGICOS,Falta de atenção,Colisão lateral,Com Vítimas Feridas,Plena noite,Decrescente,Vento,Simples,Reta,Rural,2013,2,0,0,1,1,0,1,2
1312805,2013-05-07,Terça,01:00:00,RN,304,34.9,MOSSORO,Falta de atenção,Colisão traseira,Com Vítimas Feridas,Plena noite,Decrescente,Ignorada,Dupla,Reta,Urbano,2013,4,0,2,0,2,0,2,2
1312829,2013-06-06,Quinta,09:30:00,RN,406,15.0,MACAU,Defeito mecânico em veículo,Capotamento,Com Vítimas Fatais,Pleno dia,Decrescente,Chuva,Simples,Reta,Rural,2013,2,1,1,0,0,0,1,1
1312840,2013-06-06,Quinta,19:00:00,RN,406,157.0,CEARA-MIRIM,Animais na Pista,Atropelamento de animal,Sem Vítimas,Plena noite,Crescente,Ceu Claro,Simples,Reta,Rural,2013,1,0,0,0,1,0,0,1
1312921,2013-06-10,Segunda,09:00:00,RN,226,112.1,SANTA CRUZ,Falta de atenção,Colisão traseira,Sem Vítimas,Pleno dia,Crescente,Ceu Claro,Simples,Reta,Urbano,2013,2,0,0,0,2,0,0,2
1312942,2013-06-06,Quinta,17:40:00,RN,101,107.3,PARNAMIRIM,Ingestão de álcool,Colisão traseira,Sem Vítimas,Anoitecer,Crescente,Ceu Claro,Dupla,Reta,Urbano,2013,3,0,0,0,3,0,0,3
1312955,2013-06-10,Segunda,16:40:00,RN,101,97.1,NATAL,Falta de atenção,Colisão lateral,Sem Vítimas,Pleno dia,Crescente,Ceu Claro,Múltipla,Reta,Urbano,2013,2,0,0,0,2,0,0,2
1312958,2013-06-10,Segunda,13:20:00,RN,101,115.6,SAO JOSE DE MIPIBU,Outras,Colisão lateral,Com Vítimas Feridas,Pleno dia,Crescente,Ceu Claro,Dupla,Reta,Rural,2013,2,0,2,0,0,0,2,2
1312961,2013-06-10,Segunda,18:00:00,RN,101,95.6,NATAL,Falta de atenção,Colisão lateral,Com Vítimas Feridas,Plena noite,Decrescente,Ignorada,Múltipla,Reta,Urbano,2013,2,0,1,0,1,0,1,2
1313045,2013-06-10,Segunda,19:30:00,RN,110,0.3,AREIA BRANCA,Falta de atenção,Colisão Transversal,Com Vítimas Feridas,Plena noite,Crescente,Nublado,Simples,Reta,Urbano,2013,2,0,0,1,0,1,1,2
1313141,2013-06-07,Sexta,12:10:00,RN,304,186.4,ANGICOS,Falta de atenção,Colisão traseira,Com Vítimas Fatais,Pleno dia,Crescente,Sol,Simples,Reta,Rural,2013,11,1,4,2,4,0,6,5
1313258,2013-06-11,Terça,11:46:00,RN,110,47.1,MOSSORO,Falta de atenção,Colisão traseira,Sem Vítimas,Pleno dia,Crescente,Nublado,Simples,Reta,Urbano,2013,2,0,0,0,2,0,0,2
1313314,2013-06-11,Terça,13:55:00,RN,405,2.9,MOSSORO,Outras,Queda de motocicleta / bicicleta / veículo,Com Vítimas Feridas,Pleno dia,Crescente,Ceu Claro,Dupla,Curva,Urbano,2013,1,0,0,1,0,0,1,1
1313315,2013-06-11,Terça,13:10:00,RN,304,37.3,MOSSORO,Falta de atenção,Colisão traseira,Sem Vítimas,Pleno dia,Crescente,Nublado,Simples,Reta,Urbano,2013,3,0,0,0,3,0,0,3
1313355,2013-06-08,Sábado,13:30:00,RN,304,37.4,MOSSORO,Falta de atenção,Colisão Transversal,Sem Vítimas,Pleno dia,Crescente,Ceu Claro,Dupla,Reta,Urbano,2013,3,0,0,0,2,1,0,2
1313407,2013-06-11,Terça,15:40:00,RN,226,118.4,SANTA CRUZ,Outras,Colisão com objeto fixo,Sem Vítimas,Pleno dia,Decrescente,Chuva,Simples,Curva,Rural,2013,4,0,0,0,4,0,0,1
1313593,2013-06-12,Quarta,00:55:00,RN,101,103.5,PARNAMIRIM,Outras,Colisão traseira,Sem Vítimas,Pleno dia,Decrescente,Ceu Claro,Dupla,Reta,Urbano,2013,2,0,0,0,2,0,0,2
1313630,2013-06-11,Terça,21:15:00,RN,304,78.5,MOSSORO,Animais na Pista,Atropelamento de animal,Sem Vítimas,Plena noite,Decrescente,Ceu Claro,Simples,Reta,Rural,2013,2,0,0,0,2,0,0,1
1313663,2013-06-09,Domingo,18:00:00,RN,304,263.3,SANTA MARIA,Falta de atenção,Colisão Transversal,Com Vítimas Feridas,Plena noite,Decrescente,Ceu Claro,Simples,Reta,Rural,2013,2,0,1,0,1,0,1,2
1313693,2013-05-04,Sábado,13:30:00,RN,101,99.6,NATAL,Falta de atenção,Colisão traseira,Sem Vítimas,Pleno dia,Decrescente,Ceu Claro,Dupla,Reta,Urbano,2013,2,0,0,0,2,0,0,2
1313835,2013-06-09,Domingo,21:00:00,RN,304,152.4,ANGICOS,Ultrapassagem indevida,Colisão frontal,Com Vítimas Feridas,Plena noite,Decrescente,Ceu Claro,Simples,Reta,Rural,2013,7,0,2,1,4,0,3,2
1313983,2013-06-12,Quarta,13:00:00,RN,101,97.1,NATAL,Falta de atenção,Colisão traseira,Sem Vítimas,Pleno dia,Crescente,Ceu Claro,Dupla,Reta,Urbano,2013,2,0,0,0,2,0,0,2
1313985,2013-06-12,Quarta,18:30:00,RN,101,85.7,SAO GONCALO DO AMARANTE,Falta de atenção,Colisão traseira,Sem Vítimas,Plena noite,Crescente,Nublado,Dupla,Reta,Urbano,2013,2,0,0,0,2,0,0,2
1314078,2013-06-12,Quarta,14:50:00,RN,304,45.1,MOSSORO,Falta de atenção,Capotamento,Com Vítimas Feridas,Pleno dia,Decrescente,Chuva,Dupla,Reta,Urbano,2013,1,0,1,0,0,0,1,1
1314290,2013-06-13,Quinta,09:30:00,RN,101,135.2,SAO JOSE DE MIPIBU,Outras,Saída de Pista,Sem Vítimas,Pleno dia,Crescente,Chuva,Dupla,Curva,Rural,2013,1,0,0,0,1,0,0,1
1314374,2013-06-09,Domingo,20:25:00,RN,304,36.0,MOSSORO,Defeito na via,Saída de Pista,Com Vítimas Feridas,Plena noite,Crescente,Ceu Claro,Simples,Reta,Urbano,2013,1,0,1,0,0,0,1,1
1314409,2013-06-13,Quinta,16:30:00,RN,304,36.4,MOSSORO,Outras,Queda de motocicleta / bicicleta / veículo,Com Vítimas Feridas,Pleno dia,Crescente,Chuva,Dupla,Reta,Urbano,2013,2,0,1,1,0,0,2,1
1314433,2013-06-13,Quinta,07:50:00,RN,304,35.7,MOSSORO,Desobediência à sinalização,Colisão lateral,Com Vítimas Feridas,Pleno dia,Decrescente,Sol,Dupla,Curva,Urbano,2013,2,0,1,0,1,0,1,2
1314473,2013-06-05,Quarta,17:50:00,RN,101,107.4,PARNAMIRIM,Falta de atenção,Colisão traseira,Sem Vítimas,Anoitecer,Decrescente,Nublado,Dupla,Reta,Urbano,2013,2,0,0,0,2,0,0,2
1314502,2013-06-13,Quinta,15:15:00,RN,304,35.7,MOSSORO,Desobediência à sinalização,Colisão lateral,Sem Vítimas,Pleno dia,Decrescente,Nublado,Dupla,Curva,Urbano,2013,2,0,0,0,1,1,0,2
1314515,2013-06-13,Quinta,13:40:00,RN,405,29.4,GOVERNADOR DIX-SEPT ROSADO,Velocidade incompatível,Saída de Pista,Sem Vítimas,Pleno dia,Decrescente,Chuva,Simples,Reta,Rural,2013,1,0,0,0,1,0,0,1
1314632,2013-06-13,Quinta,17:30:00,RN,304,63.3,MOSSORO,Velocidade incompatível,Colisão Transversal,Com Vítimas Feridas,Anoitecer,Decrescente,Ceu Claro,Simples,Reta,Rural,2013,6,0,1,0,5,0,1,3
1314654,2013-06-13,Quinta,18:30:00,RN,405,154.5,PAU DOS FERROS,Outras,Colisão Transversal,Com Vítimas Fatais,Plena noite,Crescente,Chuva,Simples,Reta,Urbano,2013,2,1,0,0,0,1,0,2
1314675,2013-06-09,Domingo,18:20:00,RN,101,80.6,SAO GONCALO DO AMARANTE,Falta de atenção,Colisão Transversal,Sem Vítimas,Plena noite,Crescente,Vento,Dupla,Cruzamento,Urbano,2013,2,0,0,0,2,0,0,2
1314680,2013-06-13,Quinta,11:00:00,RN,226,65.0,SERRA CAIADA,Dormindo,Colisão Transversal,Sem Vítimas,Pleno dia,Crescente,Chuva,Simples,Reta,Rural,2013,2,0,0,0,2,0,0,2
1314745,2013-06-13,Quinta,10:30:00,RN,226,53.3,BOM JESUS,Defeito mecânico em veículo,Capotamento,Com Vítimas Feridas,Pleno dia,Decrescente,Chuva,Simples,Curva,Rural,2013,2,0,2,0,0,0,2,1
1314771,2013-06-12,Quarta,20:00:00,RN,101,96.4,NATAL,Não guardar distância de segurança,Colisão traseira,Com Vítimas Feridas,Plena noite,Crescente,Nublado,Múltipla,Reta,Urbano,2013,6,0,1,0,5,0,1,6
1314823,2013-06-10,Segunda,18:00:00,RN,101,106.0,PARNAMIRIM,Falta de atenção,Colisão lateral,Sem Vítimas,Anoitecer,Crescente,Ceu Claro,Dupla,Curva,Urbano,2013,2,0,0,0,2,0,0,2
1314892,2013-06-11,Terça,06:55:00,RN,226,111.9,SANTA CRUZ,Falta de atenção,Colisão lateral,Sem Vítimas,Pleno dia,Crescente,Ceu Claro,Simples,Cruzamento,Urbano,2013,3,0,0,0,3,0,0,2
1314944,2013-06-14,Sexta,14:00:00,RN,101,98.9,NATAL,Falta de atenção,Colisão traseira,Sem Vítimas,Pleno dia,Crescente,Ceu Claro,Múltipla,Reta,Urbano,2013,2,0,0,0,2,0,0,2
1314953,2013-06-14,Sexta,07:30:00,RN,101,98.5,NATAL,Não guardar distância de segurança,Colisão traseira,Sem Vítimas,Pleno dia,Decrescente,Ceu Claro,Dupla,Reta,Urbano,2013,4,0,0,0,4,0,0,4
1315175,2013-06-14,Sexta,22:10:00,RN,101,136.3,ARES,Outras,Colisão lateral,Com Vítimas Feridas,Plena noite,Crescente,Chuva,Dupla,Reta,Rural,2013,2,0,1,1,0,0,2,2
1315242,2013-06-15,Sábado,05:10:00,RN,406,150.0,CEARA-MIRIM,Animais na Pista,Atropelamento de animal,Sem Vítimas,Amanhecer,Crescente,Vento,Simples,Reta,Rural,2013,1,0,0,0,1,0,0,1
1315397,2013-06-07,Sexta,23:30:00,RN,101,106.1,PARNAMIRIM,Desobediência à sinalização,Colisão lateral,Com Vítimas Feridas,Plena noite,Decrescente,Ceu Claro,Múltipla,Cruzamento,Urbano,2013,2,0,1,0,1,0,1,2
1315406,2013-06-14,Sexta,15:00:00,RN,226,111.8,SANTA CRUZ,Outras,Colisão frontal,Sem Vítimas,Pleno dia,Decrescente,Nublado,Simples,Reta,Urbano,2013,2,0,0,0,2,0,0,2
1315446,2013-06-15,Sábado,09:00:00,RN,101,106.0,PARNAMIRIM,Falta de atenção,Colisão lateral,Sem Vítimas,Pleno dia,Decrescente,Ceu Claro,Dupla,Reta,Urbano,2013,2,0,0,0,2,0,0,2
1315463,2013-06-15,Sábado,12:30:00,RN,304,37.9,MOSSORO,Falta de atenção,Colisão Transversal,Sem Vítimas,Pleno dia,Crescente,Sol,Simples,Reta,Urbano,2013,6,0,0,0,6,0,0,2
1315503,2013-06-13,Quinta,13:20:00,RN,101,98.1,NATAL,Não guardar distância de segurança,Colisão traseira,Sem Vítimas,Pleno dia,Decrescente,Nublado,Múltipla,Reta,Urbano,2013,2,0,0,0,2,0,0,2
1315558,2013-06-15,Sábado,12:32:00,RN,406,16.0,MACAU,Outras,Capotamento,Sem Vítimas,Pleno dia,Crescente,Ceu Claro,Simples,Reta,Rural,2013,1,0,0,0,1,0,0,1
1315585,2013-06-13,Quinta,13:25:00,RN,101,96.5,NATAL,Não guardar distância de segurança,Colisão lateral,Sem Vítimas,Pleno dia,Crescente,Nublado,Múltipla,Curva,Urbano,2013,2,0,0,0,2,0,0,2
1315595,2013-06-12,Quarta,10:40:00,RN,304,32.0,MOSSORO,Falta de atenção,Colisão traseira,Sem Vítimas,Pleno dia,Decrescente,Ceu Claro,Simples,Reta,Urbano,2013,3,0,0,0,3,0,0,2
1315650,2013-04-20,Sábado,17:05:00,RN,101,97.5,NATAL,Outras,Atropelamento de pessoa,Com Vítimas Fatais,Anoitecer,Decrescente,Ceu Claro,Dupla,Reta,Urbano,2013,2,1,0,0,1,0,0,1
1315694,2013-06-15,Sábado,22:30:00,RN,101,80.0,SAO GONCALO DO AMARANTE,Ingestão de álcool,Atropelamento de pessoa,Com Vítimas Feridas,Plena noite,Crescente,Ceu Claro,Dupla,Reta,Urbano,2013,2,0,0,2,0,0,2,1
1315736,2013-06-15,Sábado,18:40:00,RN,405,151.8,PAU DOS FERROS,Falta de atenção,Colisão traseira,Com Vítimas Feridas,Anoitecer,Decrescente,Nublado,Dupla,Reta,Urbano,2013,2,0,1,0,1,0,1,2
1315749,2013-06-12,Quarta,16:00:00,RN,101,111.9,SAO JOSE DE MIPIBU,Outras,Saída de Pista,Com Vítimas Feridas,Pleno dia,Crescente,Nublado,Dupla,Reta,Rural,2013,2,0,1,0,1,0,1,1