id,data_inversa,dia_semana,horario,uf,br,km,municipio,causa_acidente,tipo_acidente,classificacao_acidente,fase_dia,sentido_via,condicao_metereologica,tipo_pista,tracado_via,uso_solo,ano,pessoas,mortos,feridos_leves,feridos_graves,ilesos,ignorados,feridos,veiculos
1315752,2013-06-12,Quarta,17:40:00,RN,101,99.4,NATAL,Outras,Colisão lateral,Sem Vítimas,Anoitecer,Crescente,Ceu Claro,Dupla,Reta,Urbano,2013,2,0,0,0,2,0,0,2
1315937,2013-06-12,Quarta,12:30:00,RN,101,82.9,SAO GONCALO DO AMARANTE,Outras,Colisão com objeto fixo,Com Vítimas Feridas,Pleno dia,Crescente,Ceu Claro,Dupla,Cruzamento,Urbano,2013,2,0,1,0,1,0,1,2
1315986,2013-06-12,Quarta,15:10:00,RN,101,84.8,SAO GONCALO DO AMARANTE,Defeito mecânico em veículo,Colisão traseira,Sem Vítimas,Pleno dia,Crescente,Nublado,Dupla,Reta,Urbano,2013,4,0,0,0,4,0,0,4
1316006,2013-06-16,Domingo,11:40:00,RN,101,84.8,SAO GONCALO DO AMARANTE,Defeito mecânico em veículo,Colisão lateral,Sem Vítimas,Pleno dia,Crescente,Ceu Claro,Dupla,Reta,Urbano,2013,2,0,0,0,2,0,0,2
1316172,2013-06-16,Domingo,15:35:00,RN,226,165.4,CURRAIS NOVOS,Ultrapassagem indevida,Colisão frontal,Com Vítimas Fatais,Pleno dia,Crescente,Ceu Claro,Simples,Reta,Rural,2013,6,1,0,5,0,0,5,2
1316269,2013-06-15,Sábado,12:50:00,RN,226,158.1,CURRAIS NOVOS,Falta de atenção,Queda de motocicleta / bicicleta / veículo,Com Vítimas Fatais,Pleno dia,Crescente,Ceu Claro,Simples,Curva,Rural,2013,1,1,0,0,0,0,0,1
1316343,2013-06-09,Domingo,21:40:00,RN,406,168.3,SAO GONCALO DO AMARANTE,Ingestão de álcool,Colisão traseira,Com Vítimas Feridas,Pleno dia,Crescente,Ceu Claro,Simples,Reta,Rural,2013,4,0,0,4,0,0,4,3
1316499,2013-05-20,Segunda,19:50:00,RN,101,64.0,EXTREMOZ,Falta de atenção,Colisão frontal,Com Vítimas Feridas,Plena noite,Decrescente,Ceu Claro,Simples,Reta,Rural,2013,2,0,1,0,1,0,1,2
1316517,2013-06-17,Segunda,06:00:00,RN,110,46.7,MOSSORO,Outras,Colisão lateral,Com Vítimas Feridas,Pleno dia,Decrescente,Ceu Claro,Simples,Reta,Urbano,2013,2,0,1,0,1,0,1,2
1316559,2013-06-17,Segunda,13:10:00,RN,304,183.6,ANGICOS,Ultrapassagem indevida,Colisão lateral,Sem Vítimas,Pleno dia,Decrescente,Sol,Simples,Reta,Rural,2013,3,0,0,0,3,0,0,3
1316563,2013-06-17,Segunda,09:30:00,RN,304,42.9,MOSSORO,Outras,Colisão Transversal,Com Vítimas Feridas,Pleno dia,Crescente,Ceu Claro,Dupla,Cruzamento,Urbano,2013,2,0,1,0,1,0,1,2
1316567,2013-06-11,Terça,10:50:00,RN,101,84.0,SAO GONCALO DO AMARANTE,Falta de atenção,Colisão lateral,Sem Vítimas,Pleno dia,Crescente,Ceu Claro,Simples,Reta,Urbano,2013,2,0,0,0,1,1,0,2
1316594,2013-06-17,Segunda,11:00:00,RN,406,128.3,TAIPU,Falta de atenção,Capotamento,Com Vítimas Feridas,Pleno dia,Decrescente,Ceu Claro,Simples,Reta,Rural,2013,1,0,1,0,0,0,1,1
1316603,2013-06-13,Quinta,10:30:00,RN,101,95.6,NATAL,Falta de atenção,Colisão traseira,Sem Vítimas,Pleno dia,Crescente,Nublado,Múltipla,Reta,Urbano,2013,2,0,0,0,2,0,0,2
1316662,2013-05-28,Terça,19:35:00,RN,406,167.5,SAO GONCALO DO AMARANTE,Animais na Pista,Atropelamento de animal,Com Vítimas Feridas,Plena noite,Decrescente,Vento,Simples,Reta,Rural,2013,2,0,2,0,0,0,2,1
1316692,2013-06-17,Segunda,11:40:00,RN,405,152.2,PAU DOS FERROS,Falta de atenção,Colisão Transversal,Sem Vítimas,Pleno dia,Decrescente,Sol,Simples,Reta,Urbano,2013,3,0,0,0,3,0,0,2
1316702,2013-06-13,Quinta,17:40:00,RN,226,91.9,TANGARA,Outras,Colisão traseira,Sem Vítimas,Anoitecer,Crescente,Ceu Claro,Simples,Reta,Rural,2013,2,0,0,0,2,0,0,2
1316778,2013-06-08,Sábado,02:45:00,RN,304,183.0,LAJES,Outras,Capotamento,Com Vítimas Feridas,Plena noite,Decrescente,Nublado,Simples,Reta,Rural,2013,1,0,0,1,0,0,1,1
1316796,2013-06-13,Quinta,08:00:00,RN,101,100.1,NATAL,Outras,Colisão traseira,Sem Vítimas,Pleno dia,Decrescente,Chuva,Múltipla,Cruzamento,Urbano,2013,2,0,0,0,2,0,0,2
1316816,2013-06-13,Quinta,15:10:00,RN,226,44.0,BOM JESUS,Outras,Saída de Pista,Sem Vítimas,Pleno dia,Decrescente,Chuva,Simples,Reta,Rural,2013,1,0,0,0,1,0,0,1
1316817,2013-06-15,Sábado,06:45:00,RN,101,84.4,SAO GONCALO DO AMARANTE,Outras,Colisão traseira,Com Vítimas Feridas,Pleno dia,Crescente,Sol,Dupla,Reta,Urbano,2013,2,0,1,0,1,0,1,2
1316818,2013-06-18,Terça,07:40:00,RN,101,85.3,SAO GONCALO DO AMARANTE,Falta de atenção,Colisão lateral,Com Vítimas Feridas,Pleno dia,Crescente,Sol,Dupla,Curva,Urbano,2013,2,0,0,1,1,0,1,2
1316871,2013-06-18,Terça,08:03:00,RN,304,76.4,MOSSORO,Dormindo,Colisão traseira,Sem Vítimas,Pleno dia,Decrescente,Sol,Simples,Reta,Rural,2013,2,0,0,0,1,1,0,2
1317059,2013-06-18,Terça,15:30:00,RN,101,83.5,NATAL,Ultrapassagem indevida,Colisão lateral,Com Vítimas Feridas,Pleno dia,Decrescente,Ceu Claro,Dupla,Reta,Urbano,2013,3,0,1,1,1,0,2,2
1317073,2013-06-10,Segunda,13:10:00,RN,101,83.5,NATAL,Falta de atenção,Colisão traseira,Sem Vítimas,Pleno dia,Decrescente,Ceu Claro,Dupla,Reta,Urbano,2013,2,0,0,0,2,0,0,2
1317140,2013-06-17,Segunda,08:40:00,RN,304,37.0,MOSSORO,Falta de atenção,Colisão traseira,Sem Vítimas,Pleno dia,Crescente,Ceu Claro,Dupla,Reta,Urbano,2013,2,0,0,0,2,0,0,2
1317161,2013-03-26,Terça,17:50:00,RN,101,105.0,PARNAMIRIM,Falta de atenção,Atropelamento de pessoa,Com Vítimas Feridas,Anoitecer,Crescente,Ceu Claro,Dupla,Reta,Urbano,2013,2,0,0,2,0,0,2,1
1317172,2013-06-13,Quinta,07:20:00,RN,405,135.6,SAO FRANCISCO DO OESTE,Falta de atenção,Colisão com bicicleta,Com Vítimas Fatais,Pleno dia,Decrescente,Ceu Claro,Simples,Curva,Urbano,2013,3,1,0,0,1,1,0,2
1317355,2013-06-15,Sábado,14:54:00,RN,101,83.0,NATAL,Falta de atenção,Colisão Transversal,Sem Vítimas,Pleno dia,Decrescente,Ceu Claro,Dupla,Reta,Urbano,2013,2,0,0,0,2,0,0,2
1317367,2013-06-15,Sábado,19:00:00,RN,110,45.9,MOSSORO,Ingestão de álcool,Colisão Transversal,Com Vítimas Feridas,Plena noite,Crescente,Ceu Claro,Simples,Reta,Urbano,2013,3,0,1,0,2,0,1,2
1317413,2013-06-19,Quarta,07:30:00,RN,101,97.2,NATAL,Outras,Colisão lateral,Sem Vítimas,Pleno dia,Decrescente,Sol,Múltipla,Cruzamento,Urbano,2013,2,0,0,0,2,0,0,2
1317479,2013-04-27,Sábado,07:00:00,RN,226,114.5,SANTA CRUZ,Outras,Saída de Pista,Com Vítimas Feridas,Amanhecer,Crescente,Ceu Claro,Simples,Curva,Rural,2013,11,0,10,1,0,0,11,1
1317642,2013-06-17,Segunda,18:15:00,RN,304,38.0,MOSSORO,Outras,Queda de motocicleta / bicicleta / veículo,Com Vítimas Feridas,Anoitecer,Crescente,Ceu Claro,Dupla,Reta,Urbano,2013,1,0,1,0,0,0,1,1
1317663,2013-06-19,Quarta,18:10:00,RN,304,35.5,MOSSORO,Desobediência à sinalização,Colisão lateral,Sem Vítimas,Plena noite,Crescente,Ceu Claro,Simples,Reta,Urbano,2013,2,0,0,0,2,0,0,2
1317723,2013-06-15,Sábado,17:00:00,RN,101,122.4,SAO JOSE DE MIPIBU,Falta de atenção,Colisão traseira,Com Vítimas Feridas,Pleno dia,Decrescente,Ceu Claro,Dupla,Reta,Rural,2013,3,0,2,0,1,0,2,2
1317742,2013-06-19,Quarta,09:00:00,RN,101,100.0,PARNAMIRIM,Falta de atenção,Colisão traseira,Sem Vítimas,Pleno dia,Decrescente,Ceu Claro,Múltipla,Reta,Urbano,2013,2,0,0,0,2,0,0,2
1317744,2013-06-19,Quarta,12:00:00,RN,101,99.8,NATAL,Falta de atenção,Colisão traseira,Sem Vítimas,Pleno dia,Crescente,Ceu Claro,Dupla,Cruzamento,Urbano,2013,2,0,0,0,2,0,0,2
1317774,2013-06-19,Quarta,22:05:00,RN,304,45.4,MOSSORO,Falta de atenção,Atropelamento de pessoa,Com Vítimas Feridas,Plena noite,Decrescente,Ceu Claro,Dupla,Reta,Urbano,2013,2,0,0,1,0,1,1,1
1317839,2013-06-19,Quarta,13:50:00,RN,101,98.0,NATAL,Falta de atenção,Colisão traseira,Sem Vítimas,Pleno dia,Decrescente,Sol,Múltipla,Reta,Urbano,2013,3,0,0,0,3,0,0,3
1317856,2013-06-08,Sábado,08:50:00,RN,304,38.2,MOSSORO,Falta de atenção,Colisão lateral,Sem Vítimas,Pleno dia,Crescente,Ceu Claro,Dupla,Cruzamento,Urbano,2013,2,0,0,0,2,0,0,2
1318018,2013-06-20,Quinta,11:45:00,RN,101,81.9,SAO GONCALO DO AMARANTE,Não guardar distância de segurança,Colisão traseira,Com Vítimas Feridas,Pleno dia,Crescente,Ceu Claro,Dupla,Reta,Urbano,2013,3,0,2,0,1,0,2,2
1318187,2013-06-20,Quinta,13:50:00,RN,101,41.8,MAXARANGUAPE,Outras,Colisão traseira,Sem Vítimas,Pleno dia,Crescente,Ceu Claro,Simples,Cruzamento,Rural,2013,2,0,0,0,2,0,0,2
1318273,2013-06-20,Quinta,07:15:00,RN,406,163.0,SAO GONCALO DO AMARANTE,Falta de atenção,Colisão lateral,Com Vítimas Feridas,Pleno dia,Crescente,Ceu Claro,Simples,Reta,Urbano,2013,2,0,1,0,1,0,1,2
1318281,2013-06-20,Quinta,14:40:00,RN,101,75.0,NATAL,Defeito mecânico em veículo,Colisão lateral,Com Vítimas Feridas,Pleno dia,Crescente,Ceu Claro,Dupla,Curva,Urbano,2013,4,0,2,1,1,0,3,2
1318410,2013-06-21,Sexta,10:29:00,RN,405,3.2,MOSSORO,Outras,Queda de motocicleta / bicicleta / veículo,Com Vítimas Feridas,Pleno dia,Crescente,Ceu Claro,Dupla,Cruzamento,Rural,2013,1,0,1,0,0,0,1,1
1318463,2013-06-21,Sexta,08:35:00,RN,406,160.4,CEARA-MIRIM,Não guardar distância de segurança,Colisão traseira,Sem Vítimas,Pleno dia,Crescente,Ceu Claro,Simples,Reta,Urbano,2013,2,0,0,0,2,0,0,2
1318483,2013-06-21,Sexta,13:15:00,RN,101,101.8,PARNAMIRIM,Falta de atenção,Colisão traseira,Com Vítimas Feridas,Pleno dia,Decrescente,Nublado,Múltipla,Cruzamento,Urbano,2013,2,0,1,0,1,0,1,2
1318543,2013-06-18,Terça,04:40:00,RN,304,78.9,MOSSORO,Defeito mecânico em veículo,Capotamento,Sem Vítimas,Amanhecer,Crescente,Ceu Claro,Simples,Reta,Rural,2013,1,0,0,0,1,0,0,1
1318546,2013-06-21,Sexta,16:15:00,RN,101,159.6,CANGUARETAMA,Velocidade incompatível,Colisão com bicicleta,Com Vítimas Feridas,Anoitecer,Crescente,Chuva,Dupla,Curva,Rural,2013,2,0,1,0,1,0,1,2
1318579,2013-06-21,Sexta,16:50:00,RN,101,106.5,PARNAMIRIM,Outras,Tombamento,Sem Vítimas,Anoitecer,Decrescente,Chuva,Dupla,Reta,Urbano,2013,2,0,0,0,2,0,0,2
1318653,2013-06-21,Sexta,21:05:00,RN,304,260.2,SANTA MARIA,Outras,Colisão lateral,Sem Vítimas,Plena noite,Crescente,Nevoeiro/neblina,Simples,Reta,Rural,2013,3,0,0,0,3,0,0,3
1318663,2013-06-21,Sexta,10:40:00,RN,304,47.6,MOSSORO,Falta de atenção,Colisão traseira,Sem Vítimas,Pleno dia,Crescente,Ceu Claro,Simples,Curva,Urbano,2013,5,0,0,0,5,0,0,2
1318671,2013-06-22,Sábado,00:20:00,RN,101,106.7,PARNAMIRIM,Falta de atenção,Colisão traseira,Sem Vítimas,Plena noite,Decrescente,Chuva,Dupla,Reta,Urbano,2013,2,0,0,0,2,0,0,2
1318680,2013-06-21,Sexta,21:30:00,RN,226,169.2,CURRAIS NOVOS,Outras,Tombamento,Com Vítimas Feridas,Plena noite,Crescente,Nevoeiro/neblina,Simples,Curva,Rural,2013,1,0,1,0,0,0,1,1
1318688,2013-06-21,Sexta,16:50:00,RN,427,14.3,ACARI,Outras,Colisão traseira,Sem Vítimas,Pleno dia,Crescente,Chuva,Simples,Reta,Rural,2013,3,0,0,0,2,1,0,3
1318830,2013-06-22,Sábado,07:00:00,RN,226,68.9,SERRA CAIADA,Não guardar distância de segurança,Colisão traseira,Sem Vítimas,Pleno dia,Decrescente,Chuva,Simples,Reta,Urbano,2013,2,0,0,0,2,0,0,2
1318835,2013-06-22,Sábado,09:50:00,RN,304,284.0,MACAIBA,Outras,Colisão Transversal,Com Vítimas Feridas,Pleno dia,Crescente,Chuva,Simples,Curva,Rural,2013,2,0,1,0,1,0,1,2
1318886,2013-06-22,Sábado,08:40:00,RN,101,107.3,PARNAMIRIM,Não guardar distância de segurança,Colisão traseira,Sem Vítimas,Amanhecer,Decrescente,Chuva,Dupla,Cruzamento,Urbano,2013,2,0,0,0,2,0,0,2
1318909,2013-06-22,Sábado,07:40:00,RN,405,184.0,MAJOR SALES,Outras,Saída de Pista,Sem Vítimas,Pleno dia,Crescente,Chuva,Simples,Reta,Rural,2013,1,0,0,0,1,0,0,1
1318910,2013-06-22,Sábado,07:40:00,RN,101,108.4,PARNAMIRIM,Falta de atenção,Colisão Transversal,Com Vítimas Feridas,Pleno dia,Decrescente,Chuva,Dupla,Reta,Urbano,2013,2,0,1,1,0,0,2,2
1318935,2013-06-22,Sábado,12:10:00,RN,101,107.3,PARNAMIRIM,Não guardar distância de segurança,Colisão lateral,Com Vítimas Fatais,Pleno dia,Crescente,Chuva,Dupla,Cruzamento,Urbano,2013,3,1,1,0,1,0,1,2
1319032,2013-06-19,Quarta,14:45:00,RN,101,96.4,NATAL,Não guardar distância de segurança,Colisão traseira,Sem Vítimas,Pleno dia,Decrescente,Chuva,Dupla,Cruzamento,Urbano,2013,2,0,0,0,2,0,0,2
1319203,2013-06-22,Sábado,08:10:00,RN,427,96.3,CAICO,Animais na Pista,Atropelamento de animal,Sem Vítimas,Pleno dia,Decrescente,Ceu Claro,Simples,Reta,Urbano,2013,1,0,0,0,1,0,0,1
1319223,2013-04-29,Segunda,18:15:00,RN,101,103.0,PARNAMIRIM,Não guardar distância de segurança,Colisão traseira,Sem Vítimas,Plena noite,Decrescente,Chuva,Dupla,Reta,Urbano,2013,5,0,0,0,5,0,0,5
1319348,2013-06-21,Sexta,17:30:00,RN,304,77.0,MOSSORO,Falta de atenção,Colisão traseira,Com Vítimas Feridas,Anoitecer,Decrescente,Chuva,Simples,Reta,Rural,2013,5,0,1,0,4,0,1,3
1319414,2013-06-18,Terça,09:30:00,RN,304,35.0,MOSSORO,Falta de atenção,Colisão lateral,Sem Vítimas,Pleno dia,Decrescente,Ceu Claro,Simples,Curva,Urbano,2013,3,0,0,0,2,1,0,2
1319492,2013-06-20,Quinta,12:30:00,RN,101,101.8,PARNAMIRIM,Defeito mecânico em veículo,Colisão traseira,Sem Vítimas,Pleno dia,Crescente,Sol,Múltipla,Reta,Urbano,2013,5,0,0,0,5,0,0,5
1319640,2013-06-19,Quarta,07:50:00,RN,101,98.5,NATAL,Não guardar distância de segurança,Colisão traseira,Sem Vítimas,Pleno dia,Decrescente,Ceu Claro,Múltipla,Reta,Urbano,2013,4,0,0,0,4,0,0,4
1319686,2013-06-23,Domingo,15:30:00,RN,427,16.4,ACARI,Dormindo,Colisão Transversal,Com Vítimas Feridas,Pleno dia,Decrescente,Ceu Claro,Simples,Reta,Rural,2013,3,0,1,1,1,0,2,2
1319729,2013-06-24,Segunda,06:50:00,RN,101,80.0,NATAL,Outras,Colisão Transversal,Com Vítimas Feridas,Pleno dia,Decrescente,Nublado,Dupla,Cruzamento,Urbano,2013,3,0,1,0,2,0,1,2
1319817,2013-06-20,Quinta,18:00:00,RN,101,164.3,CANGUARETAMA,Outras,Atropelamento de animal,Com Vítimas Fatais,Anoitecer,Crescente,Ceu Claro,Dupla,Reta,Rural,2013,1,1,0,0,0,0,0,1
1319862,2013-06-21,Sexta,00:10:00,RN,101,98.4,NATAL,Outras,Colisão com objeto fixo,Sem Vítimas,Plena noite,Crescente,Ceu Claro,Dupla,Reta,Urbano,2013,1,0,0,0,1,0,0,1
1319866,2013-06-20,Quinta,10:12:00,RN,110,14.6,AREIA BRANCA,Falta de atenção,Saída de Pista,Com Vítimas Feridas,Pleno dia,Crescente,Sol,Simples,Reta,Rural,2013,1,0,1,0,0,0,1,1
1319906,2013-06-17,Segunda,05:40:00,RN,226,2.3,NATAL,Falta de atenção,Colisão traseira,Sem Vítimas,Amanhecer,Crescente,Ceu Claro,Dupla,Reta,Urbano,2013,2,0,0,0,2,0,0,2
1319973,2013-06-17,Segunda,09:30:00,RN,304,106.0,ASSU,Desobediência à sinalização,Colisão Transversal,Sem Vítimas,Pleno dia,Decrescente,Ceu Claro,Simples,Reta,Urbano,2013,2,0,0,0,2,0,0,2
1319982,2013-06-24,Segunda,07:45:00,RN,101,104.0,PARNAMIRIM,Outras,Tombamento,Com Vítimas Feridas,Pleno dia,Decrescente,Nublado,Dupla,Cruzamento,Urbano,2013,2,0,1,0,0,1,1,2
1320137,2013-06-24,Segunda,06:40:00,RN,226,108.4,SANTA CRUZ,Desobediência à sinalização,Colisão Transversal,Com Vítimas Feridas,Pleno dia,Crescente,Ceu Claro,Simples,Reta,Rural,2013,2,0,0,1,1,0,1,2
1320152,2013-06-24,Segunda,16:15:00,RN,101,30.4,RIO DO FOGO,Outras,Colisão Transversal,Com Vítimas Fatais,Pleno dia,Crescente,Ceu Claro,Simples,Cruzamento,Rural,2013,4,1,2,1,0,0,3,2
1320296,2013-06-24,Segunda,12:15:00,RN,101,84.2,SAO GONCALO DO AMARANTE,Falta de atenção,Colisão lateral,Sem Vítimas,Pleno dia,Crescente,Nublado,Dupla,Reta,Urbano,2013,2,0,0,0,2,0,0,2
1320518,2013-06-21,Sexta,12:30:00,RN,110,34.9,MOSSORO,Não guardar distância de segurança,Colisão traseira,Sem Vítimas,Pleno dia,Crescente,Ceu Claro,Simples,Curva,Rural,2013,2,0,0,0,2,0,0,2
1320637,2013-05-19,Domingo,16:45:00,RN,406,170.0,NATAL,Ingestão de álcool,Colisão Transversal,Com Vítimas Feridas,Pleno dia,Decrescente,Ceu Claro,Simples,Reta,Urbano,2013,3,0,2,0,1,0,2,2
1320642,2013-06-25,Terça,12:50:00,RN,101,103.0,PARNAMIRIM,Não guardar distância de segurança,Colisão lateral,Sem Vítimas,Pleno dia,Crescente,Ceu Claro,Dupla,Reta,Urbano,2013,2,0,0,0,2,0,0,2
1320645,2013-06-25,Terça,08:45:00,RN,101,101.9,PARNAMIRIM,Não guardar distância de segurança,Colisão traseira,Com Vítimas Feridas,Pleno dia,Decrescente,Sol,Dupla,Reta,Urbano,2013,2,0,1,0,1,0,1,2
1320796,2013-06-25,Terça,19:15:00,RN,110,47.8,MOSSORO,Não guardar distância de segurança,Colisão traseira,Com Vítimas Feridas,Plena noite,Decrescente,Ceu Claro,Simples,Reta,Urbano,2013,3,0,1,0,1,1,1,3
1320816,2013-06-25,Terça,08:40:00,RN,405,2.0,MOSSORO,Falta de atenção,Colisão lateral,Com Vítimas Feridas,Pleno dia,Decrescente,Ceu Claro,Dupla,Reta,Urbano,2013,2,0,1,0,1,0,1,2
1320826,2013-06-25,Terça,17:30:00,RN,101,105.9,PARNAMIRIM,Outras,Colisão lateral,Sem Vítimas,Anoitecer,Crescente,Ceu Claro,Dupla,Cruzamento,Urbano,2013,2,0,0,0,2,0,0,2
1320849,2013-06-25,Terça,18:40:00,RN,304,36.0,MOSSORO,Falta de atenção,Colisão traseira,Sem Vítimas,Plena noite,Decrescente,Ceu Claro,Dupla,Reta,Urbano,2013,2,0,0,0,2,0,0,2
1321003,2013-06-23,Domingo,13:20:00,RN,304,35.5,MOSSORO,Outras,Colisão lateral,Com Vítimas Feridas,Pleno dia,Crescente,Ceu Claro,Simples,Reta,Urbano,2013,3,0,2,0,1,0,2,2
1321067,2013-06-23,Domingo,06:00:00,RN,304,46.4,MOSSORO,Outras,Colisão com bicicleta,Com Vítimas Feridas,Amanhecer,Crescente,Nevoeiro/neblina,Dupla,Reta,Rural,2013,2,0,1,0,0,1,1,2
1321082,2013-06-24,Segunda,19:00:00,RN,304,61.6,MOSSORO,Animais na Pista,Atropelamento de animal,Com Vítimas Feridas,Plena noite,Crescente,Ceu Claro,Simples,Reta,Rural,2013,1,0,1,0,0,0,1,1
1321111,2013-06-22,Sábado,10:15:00,RN,427,66.1,JARDIM DO SERIDO,Outras,Saída de Pista,Sem Vítimas,Pleno dia,Decrescente,Chuva,Simples,Curva,Rural,2013,1,0,0,0,1,0,0,1
1321381,2013-06-26,Quarta,16:15:00,RN,101,99.9,NATAL,Falta de atenção,Colisão lateral,Sem Vítimas,Pleno dia,Crescente,Ceu Claro,Dupla,Reta,Urbano,2013,2,0,0,0,2,0,0,2
1321419,2013-06-26,Quarta,20:00:00,RN,226,109.1,SANTA CRUZ,Animais na Pista,Atropelamento de animal,Sem Vítimas,Plena noite,Decrescente,Ceu Claro,Simples,Curva,Urbano,2013,1,0,0,0,1,0,0,1
1321424,2013-06-26,Quarta,07:07:00,RN,110,46.1,MOSSORO,Falta de atenção,Colisão traseira,Sem Vítimas,Pleno dia,Crescente,Ceu Claro,Simples,Reta,Urbano,2013,2,0,0,0,2,0,0,2
1321428,2013-06-26,Quarta,15:30:00,RN,101,102.0,PARNAMIRIM,Falta de atenção,Colisão traseira,Sem Vítimas,Pleno dia,Decrescente,Sol,Múltipla,Reta,Urbano,2013,3,0,0,0,1,2,0,3
1321465,2013-06-26,Quarta,18:45:00,RN,304,102.6,ASSU,Animais na Pista,Atropelamento de animal,Com Vítimas Feridas,Plena noite,Decrescente,Ceu Claro,Simples,Reta,Rural,2013,1,0,1,0,0,0,1,1
1321504,2013-06-22,Sábado,18:00:00,RN,406,168.0,SAO GONCALO DO AMARANTE,Outras,Colisão Transversal,Com Vítimas Feridas,Plena noite,Decrescente,Ceu Claro,Simples,Reta,Urbano,2013,2,0,1,0,0,1,1,2
1321530,2013-06-26,Quarta,14:50:00,RN,101,95.5,NATAL,Não guardar distância de segurança,Colisão traseira,Sem Vítimas,Pleno dia,Crescente,Sol,Dupla,Reta,Urbano,2013,4,0,0,0,3,1,0,4
1321589,2013-06-24,Segunda,18:33:00,RN,304,176.3,PEDRO AVELINO,Outras,Colisão lateral,Com Vítimas Feridas,Plena noite,Decrescente,Ceu Claro,Dupla,Reta,Rural,2013,5,0,4,0,1,0,4,3
1321610,2013-06-16,Domingo,14:20:00,RN,304,230.2,RIACHUELO,Outras,Capotamento,Com Vítimas Feridas,Pleno dia,Decrescente,Ceu Claro,Simples,Curva,Rural,2013,1,0,0,1,0,0,1,1
1321637,2013-06-27,Quinta,07:25:00,RN,101,83.0,SAO GONCALO DO AMARANTE,Outras,Colisão traseira,Sem Vítimas,Pleno dia,Crescente,Ceu Claro,Dupla,Reta,Urbano,2013,2,0,0,0,2,0,0,2
1321666,2013-06-27,Quinta,08:50:00,RN,226,111.9,SANTA CRUZ,Falta de atenção,Colisão Transversal,Com Vítimas Feridas,Pleno dia,Decrescente,Ceu Claro,Simples,Reta,Urbano,2013,2,0,0,1,1,0,1,2
1321718,2013-06-23,Domingo,16:20:00,RN,304,243.7,RIACHUELO,Não guardar distância de segurança,Colisão traseira,Sem Vítimas,Pleno dia,Crescente,Sol,Simples,Reta,Rural,2013,2,0,0,0,2,0,0,2
1321769,2013-06-27,Quinta,13:40:00,RN,110,8.5,MOSSORO,Falta de atenção,Colisão Transversal,Sem Vítimas,Pleno dia,Decrescente,Ceu Claro,Simples,Reta,Rural,2013,3,0,0,0,3,0,0,3
1321797,2013-06-07,Sexta,19:40:00,RN,304,53.5,MOSSORO,Defeito na via,Colisão lateral,Com Vítimas Feridas,Plena noite,Crescente,Ceu Claro,Simples,Reta,Rural,2013,4,0,2,0,2,0,2,2
1321853,2013-06-23,Domingo,17:55:00,RN,101,124.7,SAO JOSE DE MIPIBU,Outras,Colisão frontal,Com Vítimas Feridas,Anoitecer,Crescente,Ceu Claro,Dupla,Cruzamento,Urbano,2013,2,0,0,1,1,0,1,2
1321877,2013-06-27,Quinta,15:53:00,RN,304,35.7,MOSSORO,Outras,Colisão Transversal,Sem Vítimas,Pleno dia,Decrescente,Ceu Claro,Dupla,Reta,Urbano,2013,3,0,0,0,3,0,0,3
1321884,2013-06-24,Segunda,15:30:00,RN,101,94.9,NATAL,Não guardar distância de segurança,Colisão traseira,Com Vítimas Feridas,Pleno dia,Crescente,Ceu Claro,Dupla,Reta,Urbano,2013,2,0,1,0,1,0,1,2
1321896,2013-06-23,Domingo,19:45:00,RN,101,122.6,SAO JOSE DE MIPIBU,Outras,Atropelamento de pessoa,Com Vítimas Fatais,Plena noite,Crescente,Ceu Claro,Dupla,Curva,Urbano,2013,2,1,0,0,0,1,0,1
1321897,2013-06-27,Quinta,08:40:00,RN,101,147.6,GOIANINHA,Desobediência à sinalização,Colisão Transversal,Com Vítimas Feridas,Pleno dia,Crescente,Ceu Claro,Dupla,Reta,Urbano,2013,2,0,1,0,1,0,1,2
1321907,2013-06-27,Quinta,13:15:00,RN,304,285.0,MACAIBA,Outras,Danos Eventuais,Com Vítimas Feridas,Pleno dia,Crescente,Sol,Simples,Reta,Rural,2013,2,0,0,1,1,0,1,2
1322021,2013-06-24,Segunda,17:20:00,RN,101,107.7,PARNAMIRIM,Outras,Colisão lateral,Sem Vítimas,Anoitecer,Decrescente,Ceu Claro,Simples,Cruzamento,Urbano,2013,2,0,0,0,2,0,0,2
1322033,2013-06-24,Segunda,15:30:00,RN,101,100.0,PARNAMIRIM,Não guardar distância de segurança,Colisão traseira,Sem Vítimas,Pleno dia,Decrescente,Ceu Claro,Dupla,Curva,Urbano,2013,2,0,0,0,2,0,0,2
1322038,2013-06-28,Sexta,05:45:00,RN,101,97.1,NATAL,Falta de atenção,Colisão Transversal,Sem Vítimas,Amanhecer,Crescente,Ceu Claro,Múltipla,Reta,Urbano,2013,2,0,0,0,2,0,0,2
1322057,2013-06-28,Sexta,05:00:00,RN,101,151.0,GOIANINHA,Animais na Pista,Atropelamento de animal,Sem Vítimas,Amanhecer,Decrescente,Ceu Claro,Dupla,Reta,Urbano,2013,1,0,0,0,1,0,0,1
1322199,2013-06-27,Quinta,18:50:00,RN,406,140.0,TAIPU,Ingestão de álcool,Colisão Transversal,Sem Vítimas,Plena noite,Decrescente,Ceu Claro,Simples,Reta,Rural,2013,3,0,0,0,3,0,0,3