id,data_inversa,dia_semana,horario,uf,br,km,municipio,causa_acidente,tipo_acidente,classificacao_acidente,fase_dia,sentido_via,condicao_metereologica,tipo_pista,tracado_via,uso_solo,ano,pessoas,mortos,feridos_leves,feridos_graves,ilesos,ignorados,feridos,veiculos
1334610,2013-07-16,Terça,05:15:00,RN,304,236.0,RIACHUELO,Ingestão de álcool,Colisão lateral,Sem Vítimas,Amanhecer,Decrescente,Ceu Claro,Simples,Curva,Rural,2013,2,0,0,0,2,0,0,2
1334635,2013-07-17,Quarta,22:30:00,RN,427,31.3,ACARI,Outras,Tombamento,Com Vítimas Fatais,Plena noite,Decrescente,Ceu Claro,Simples,Reta,Rural,2013,1,1,0,0,0,0,0,1
1334649,2013-07-21,Domingo,17:40:00,RN,405,156.5,RAFAEL FERNANDES,Outras,Colisão frontal,Com Vítimas Fatais,Anoitecer,Decrescente,Nublado,Simples,Reta,Rural,2013,2,1,0,0,0,1,0,2
1334722,2013-07-18,Quinta,17:40:00,RN,101,103.0,NATAL,Falta de atenção,Colisão traseira,Sem Vítimas,Anoitecer,Decrescente,Chuva,Dupla,Reta,Rural,2013,2,0,0,0,2,0,0,2
1334822,2013-07-22,Segunda,08:40:00,RN,101,107.0,PARNAMIRIM,Não guardar distância de segurança,Colisão traseira,Sem Vítimas,Pleno dia,Decrescente,Ceu Claro,Dupla,Cruzamento,Urbano,2013,2,0,0,0,2,0,0,2
1334888,2013-07-18,Quinta,21:00:00,RN,406,134.3,TAIPU,Defeito mecânico em veículo,Capotamento,Sem Vítimas,Plena noite,Crescente,Chuva,Simples,Reta,Rural,2013,1,0,0,0,1,0,0,1
1335053,2013-07-22,Segunda,18:00:00,RN,406,150.0,CEARA-MIRIM,Falta de atenção,Colisão Transversal,Com Vítimas Feridas,Plena noite,Decrescente,Ceu Claro,Simples,Reta,Urbano,2013,2,0,0,1,1,0,1,2
1335063,2013-07-19,Sexta,17:00:00,RN,101,96.7,NATAL,Falta de atenção,Colisão lateral,Sem Vítimas,Pleno dia,Crescente,Nublado,Dupla,Curva,Urbano,2013,2,0,0,0,2,0,0,2
1335205,2013-07-22,Segunda,22:35:00,RN,101,99.8,PARNAMIRIM,Não guardar distância de segurança,Colisão lateral,Sem Vítimas,Plena noite,Decrescente,Ignorada,Múltipla,Curva,Urbano,2013,2,0,0,0,2,0,0,2
1335269,2013-07-23,Terça,06:45:00,RN,101,85.0,NATAL,Não guardar distância de segurança,Colisão traseira,Sem Vítimas,Pleno dia,Crescente,Sol,Dupla,Reta,Urbano,2013,2,0,0,0,2,0,0,2
1335311,2013-07-23,Terça,07:30:00,RN,101,82.5,SAO GONCALO DO AMARANTE,Falta de atenção,Colisão traseira,Sem Vítimas,Pleno dia,Crescente,Sol,Dupla,Reta,Urbano,2013,2,0,0,0,2,0,0,2
1335440,2013-07-15,Segunda,10:45:00,RN,304,191.1,LAJES,Outras,Colisão frontal,Com Vítimas Fatais,Pleno dia,Crescente,Sol,Simples,Curva,Urbano,2013,6,2,0,1,3,0,1,2
1335446,2013-04-15,Segunda,17:50:00,RN,226,4.1,NATAL,Outras,Colisão Transversal,Com Vítimas Feridas,Anoitecer,Decrescente,Ceu Claro,Simples,Cruzamento,Urbano,2013,3,0,2,0,1,0,2,2
1335548,2013-07-23,Terça,08:20:00,RN,226,75.2,TANGARA,Outras,Colisão frontal,Com Vítimas Fatais,Pleno dia,Crescente,Sol,Simples,Reta,Rural,2013,2,1,0,0,1,0,0,2
1335561,2013-07-23,Terça,10:55:00,RN,101,96.1,NATAL,Falta de atenção,Colisão lateral,Sem Vítimas,Pleno dia,Decrescente,Sol,Simples,Reta,Urbano,2013,2,0,0,0,2,0,0,2
1335563,2013-07-23,Terça,14:00:00,RN,101,137.9,ARES,Velocidade incompatível,Atropelamento de pessoa,Com Vítimas Fatais,Pleno dia,Decrescente,Sol,Dupla,Reta,Rural,2013,3,1,2,0,0,0,2,1
1335613,2013-07-20,Sábado,05:35:00,RN,304,28.0,MOSSORO,Defeito mecânico em veículo,Queda de motocicleta / bicicleta / veículo,Com Vítimas Feridas,Amanhecer,Decrescente,Ceu Claro,Simples,Reta,Rural,2013,2,0,2,0,0,0,2,1
1335655,2013-07-19,Sexta,17:00:00,RN,101,96.5,NATAL,Falta de atenção,Colisão traseira,Sem Vítimas,Anoitecer,Crescente,Ceu Claro,Dupla,Reta,Urbano,2013,2,0,0,0,2,0,0,2
1335743,2013-07-19,Sexta,20:30:00,RN,427,100.5,CAICO,Ingestão de álcool,Colisão lateral,Com Vítimas Feridas,Plena noite,Crescente,Ceu Claro,Simples,Reta,Urbano,2013,3,0,0,1,2,0,1,2
1335771,2013-07-16,Terça,03:10:00,RN,101,81.7,SAO GONCALO DO AMARANTE,Falta de atenção,Colisão com objeto fixo,Sem Vítimas,Amanhecer,Crescente,Vento,Dupla,Reta,Urbano,2013,1,0,0,0,1,0,0,1
1335985,2013-07-24,Quarta,08:40:00,RN,101,85.5,NATAL,Não guardar distância de segurança,Colisão lateral,Sem Vítimas,Pleno dia,Decrescente,Ceu Claro,Dupla,Reta,Urbano,2013,2,0,0,0,2,0,0,2
1336038,2013-07-22,Segunda,18:45:00,RN,304,89.3,ASSU,Outras,Colisão frontal,Com Vítimas Fatais,Pleno dia,Decrescente,Ceu Claro,Simples,Reta,Rural,2013,4,2,0,0,1,1,0,3
1336062,2013-07-20,Sábado,20:15:00,RN,226,3.5,NATAL,Ultrapassagem indevida,Colisão frontal,Com Vítimas Feridas,Plena noite,Crescente,Ceu Claro,Simples,Reta,Urbano,2013,2,0,0,1,1,0,1,2
1336101,2013-07-21,Domingo,17:55:00,RN,304,44.9,MOSSORO,Falta de atenção,Colisão Transversal,Sem Vítimas,Plena noite,Decrescente,Ceu Claro,Dupla,Reta,Urbano,2013,2,0,0,0,1,1,0,2
1336134,2013-07-24,Quarta,15:30:00,RN,101,100.0,NATAL,Não guardar distância de segurança,Colisão traseira,Sem Vítimas,Pleno dia,Crescente,Ceu Claro,Dupla,Reta,Urbano,2013,2,0,0,0,2,0,0,2
1336200,2013-07-24,Quarta,14:50:00,RN,110,43.4,MOSSORO,Defeito mecânico em veículo,Saída de Pista,Sem Vítimas,Pleno dia,Crescente,Sol,Simples,Curva,Rural,2013,1,0,0,0,1,0,0,1
1336217,2013-07-24,Quarta,18:50:00,RN,101,96.0,NATAL,Falta de atenção,Colisão traseira,Sem Vítimas,Pleno dia,Crescente,Ceu Claro,Dupla,Reta,Urbano,2013,2,0,0,0,2,0,0,2
1336227,2013-07-24,Quarta,14:45:00,RN,101,100.6,PARNAMIRIM,Falta de atenção,Colisão frontal,Com Vítimas Feridas,Pleno dia,Crescente,Sol,Dupla,Curva,Urbano,2013,2,0,0,1,1,0,1,2
1336280,2013-07-04,Quinta,17:45:00,RN,101,78.5,NATAL,Animais na Pista,Atropelamento de animal,Com Vítimas Feridas,Pleno dia,Decrescente,Ceu Claro,Dupla,Reta,Urbano,2013,1,0,1,0,0,0,1,1
1336433,2013-07-25,Quinta,07:10:00,RN,304,295.4,MACAIBA,Falta de atenção,Colisão traseira,Sem Vítimas,Pleno dia,Crescente,Ceu Claro,Simples,Reta,Urbano,2013,3,0,0,0,1,2,0,3
1336571,2013-07-25,Quinta,11:30:00,RN,226,127.0,LAJES PINTADAS,Ultrapassagem indevida,Colisão lateral,Sem Vítimas,Pleno dia,Crescente,Ceu Claro,Simples,Reta,Rural,2013,2,0,0,0,2,0,0,2
1336586,2013-07-25,Quinta,11:30:00,RN,101,100.0,PARNAMIRIM,Falta de atenção,Colisão traseira,Sem Vítimas,Pleno dia,Decrescente,Nublado,Dupla,Reta,Urbano,2013,2,0,0,0,2,0,0,2
1336608,2013-07-21,Domingo,17:10:00,RN,304,296.5,MACAIBA,Não guardar distância de segurança,Colisão traseira,Sem Vítimas,Anoitecer,Crescente,Nublado,Simples,Reta,Urbano,2013,3,0,0,0,3,0,0,3
1336615,2013-07-21,Domingo,20:40:00,RN,304,232.2,CAICARA DO RIO DO VENTO,Outras,Tombamento,Sem Vítimas,Plena noite,Decrescente,Chuva,Simples,Curva,Rural,2013,1,0,0,0,1,0,0,1
1336647,2013-07-18,Quinta,23:36:00,RN,101,96.9,NATAL,Outras,Colisão lateral,Com Vítimas Feridas,Plena noite,Crescente,Chuva,Dupla,Curva,Urbano,2013,2,0,0,1,0,1,1,2
1336677,2013-07-21,Domingo,17:40:00,RN,304,296.0,MACAIBA,Não guardar distância de segurança,Colisão traseira,Sem Vítimas,Anoitecer,Crescente,Nublado,Simples,Reta,Urbano,2013,3,0,0,0,3,0,0,3
1336679,2013-07-25,Quinta,14:10:00,RN,101,124.7,SAO JOSE DE MIPIBU,Desobediência à sinalização,Colisão Transversal,Com Vítimas Feridas,Pleno dia,Decrescente,Nublado,Múltipla,Cruzamento,Urbano,2013,2,0,1,0,1,0,1,2
1336790,2013-07-25,Quinta,17:55:00,RN,101,80.3,NATAL,Outras,Atropelamento de pessoa,Com Vítimas Feridas,Anoitecer,Decrescente,Ceu Claro,Dupla,Reta,Urbano,2013,2,0,1,1,0,0,2,1
1336830,2013-07-25,Quinta,20:30:00,RN,304,38.7,MOSSORO,Falta de atenção,Colisão Transversal,Sem Vítimas,Plena noite,Crescente,Ceu Claro,Dupla,Reta,Urbano,2013,2,0,0,0,2,0,0,2
1336871,2013-07-25,Quinta,22:40:00,RN,405,0.6,MOSSORO,Desobediência à sinalização,Colisão lateral,Com Vítimas Feridas,Plena noite,Crescente,Ceu Claro,Simples,Cruzamento,Urbano,2013,3,0,2,0,1,0,2,2
1336941,2013-07-18,Quinta,16:45:00,RN,405,112.0,ITAU,Outras,Colisão frontal,Com Vítimas Feridas,Anoitecer,Decrescente,Ceu Claro,Simples,Cruzamento,Rural,2013,2,0,0,1,0,1,1,2
1336986,2013-07-26,Sexta,08:00:00,RN,101,82.6,NATAL,Ultrapassagem indevida,Colisão Transversal,Com Vítimas Feridas,Pleno dia,Decrescente,Chuva,Dupla,Reta,Urbano,2013,2,0,1,0,0,1,1,2
1337061,2013-07-26,Sexta,10:40:00,RN,101,82.8,NATAL,Outras,Colisão Transversal,Sem Vítimas,Pleno dia,Decrescente,Chuva,Dupla,Reta,Urbano,2013,2,0,0,0,2,0,0,2
1337069,2013-07-26,Sexta,10:00:00,RN,101,100.0,PARNAMIRIM,Falta de atenção,Colisão lateral,Sem Vítimas,Pleno dia,Decrescente,Chuva,Dupla,Reta,Urbano,2013,2,0,0,0,1,1,0,2
1337070,2013-07-22,Segunda,16:20:00,RN,405,2.0,MOSSORO,Ingestão de álcool,Colisão Transversal,Com Vítimas Feridas,Pleno dia,Crescente,Ceu Claro,Dupla,Reta,Urbano,2013,2,0,1,1,0,0,2,2
1337119,2013-07-24,Quarta,16:45:00,RN,304,297.0,MACAIBA,Falta de atenção,Colisão lateral,Com Vítimas Feridas,Pleno dia,Decrescente,Ceu Claro,Dupla,Cruzamento,Urbano,2013,3,0,2,0,1,0,2,2
1337143,2013-07-23,Terça,13:00:00,RN,304,48.0,MOSSORO,Falta de atenção,Colisão traseira,Com Vítimas Feridas,Pleno dia,Crescente,Sol,Simples,Curva,Urbano,2013,2,0,1,0,0,1,1,2
1337234,2013-07-26,Sexta,14:45:00,RN,406,168.0,SAO GONCALO DO AMARANTE,Falta de atenção,Colisão lateral,Com Vítimas Feridas,Pleno dia,Decrescente,Ceu Claro,Simples,Reta,Rural,2013,2,0,0,2,0,0,2,2
1337273,2013-07-26,Sexta,14:00:00,RN,405,47.8,FELIPE GUERRA,Animais na Pista,Atropelamento de animal,Sem Vítimas,Pleno dia,Crescente,Ceu Claro,Simples,Reta,Rural,2013,2,0,0,0,2,0,0,1
1337305,2013-07-26,Sexta,13:00:00,RN,101,97.2,NATAL,Não guardar distância de segurança,Colisão traseira,Sem Vítimas,Pleno dia,Crescente,Ceu Claro,Dupla,Reta,Urbano,2013,2,0,0,0,2,0,0,2
1337349,2013-07-26,Sexta,16:30:00,RN,101,97.3,NATAL,Falta de atenção,Colisão traseira,Sem Vítimas,Pleno dia,Decrescente,Sol,Dupla,Reta,Urbano,2013,2,0,0,0,2,0,0,2
1337394,2013-07-26,Sexta,17:00:00,RN,101,98.8,NATAL,Falta de atenção,Atropelamento de pessoa,Sem Vítimas,Anoitecer,Crescente,Ceu Claro,Múltipla,Reta,Urbano,2013,2,0,0,0,1,1,0,1
1337403,2013-07-26,Sexta,18:00:00,RN,304,302.6,MACAIBA,Outras,Colisão Transversal,Sem Vítimas,Plena noite,Decrescente,Nublado,Dupla,Reta,Urbano,2013,2,0,0,0,2,0,0,2
1337414,2013-07-26,Sexta,20:15:00,RN,304,254.5,SANTA MARIA,Animais na Pista,Atropelamento de animal,Sem Vítimas,Plena noite,Decrescente,Ceu Claro,Simples,Reta,Rural,2013,1,0,0,0,1,0,0,1
1337505,2013-07-26,Sexta,10:40:00,RN,226,271.6,TRIUNFO POTIGUAR,Defeito na via,Saída de Pista,Com Vítimas Feridas,Pleno dia,Crescente,Ceu Claro,Simples,Reta,Rural,2013,1,0,1,0,0,0,1,1
1337590,2013-07-27,Sábado,08:20:00,RN,304,73.0,MOSSORO,Defeito mecânico em veículo,Capotamento,Com Vítimas Feridas,Pleno dia,Decrescente,Ceu Claro,Simples,Reta,Rural,2013,4,0,3,0,1,0,3,1
1337650,2013-07-27,Sábado,08:30:00,RN,101,102.9,PARNAMIRIM,Outras,Colisão lateral,Sem Vítimas,Pleno dia,Decrescente,Ceu Claro,Múltipla,Reta,Urbano,2013,2,0,0,0,2,0,0,2
1337655,2013-07-23,Terça,19:30:00,RN,406,168.0,SAO GONCALO DO AMARANTE,Falta de atenção,Colisão Transversal,Com Vítimas Feridas,Plena noite,Crescente,Nublado,Simples,Reta,Urbano,2013,2,0,2,0,0,0,2,2
1337667,2013-07-20,Sábado,02:00:00,RN,268,149.8,CEARA-MIRIM,Outras,Colisão frontal,Com Vítimas Feridas,Plena noite,Crescente,Ceu Claro,Simples,Reta,Rural,2013,2,0,0,1,1,0,1,2
1337694,2013-07-20,Sábado,04:30:00,RN,101,81.9,SAO GONCALO DO AMARANTE,Outras,Colisão com objeto fixo,Com Vítimas Feridas,Amanhecer,Crescente,Chuva,Dupla,Reta,Urbano,2013,2,0,0,2,0,0,2,1
1337713,2013-07-27,Sábado,11:45:00,RN,405,0.7,MOSSORO,Falta de atenção,Colisão traseira,Sem Vítimas,Pleno dia,Crescente,Sol,Dupla,Reta,Urbano,2013,3,0,0,0,3,0,0,2
1337763,2013-07-27,Sábado,14:30:00,RN,226,7.0,NATAL,Outras,Colisão frontal,Com Vítimas Feridas,Pleno dia,Crescente,Sol,Simples,Reta,Rural,2013,3,0,0,2,1,0,2,2
1337789,2013-07-27,Sábado,15:45:00,RN,101,99.8,NATAL,Não guardar distância de segurança,Colisão traseira,Sem Vítimas,Pleno dia,Decrescente,Nublado,Simples,Reta,Urbano,2013,2,0,0,0,2,0,0,2
83039432,2013-07-28,Domingo,06:30:00,RN,304,15.3,MOSSORO,Defeito mecânico em veículo,Saída de Pista,Sem Vítimas,Pleno dia,Decrescente,Ceu Claro,Simples,Reta,Rural,2013,1,0,0,0,1,0,0,1
83039575,2013-07-28,Domingo,16:30:00,RN,304,295.0,MACAIBA,Não guardar distância de segurança,Colisão traseira,Sem Vítimas,Pleno dia,Crescente,Sol,Simples,Reta,Urbano,2013,6,0,0,0,6,0,0,3
83039700,2013-07-28,Domingo,18:55:00,RN,304,48.0,MOSSORO,Falta de atenção,Colisão Transversal,Com Vítimas Feridas,Plena noite,Crescente,Ceu Claro,Simples,Reta,Urbano,2013,2,0,2,0,0,0,2,2
83039728,2013-07-28,Domingo,20:05:00,RN,304,33.9,MOSSORO,Outras,Queda de motocicleta / bicicleta / veículo,Com Vítimas Feridas,Plena noite,Decrescente,Ceu Claro,Dupla,Reta,Urbano,2013,1,0,0,1,0,0,1,1
83039745,2013-07-28,Domingo,15:30:00,RN,304,295.0,MACAIBA,Falta de atenção,Colisão traseira,Sem Vítimas,Pleno dia,Crescente,Ceu Claro,Simples,Reta,Urbano,2013,2,0,0,0,2,0,0,2
83039761,2013-07-28,Domingo,19:10:00,RN,427,39.3,ACARI,Outras,Colisão com bicicleta,Com Vítimas Feridas,Plena noite,Decrescente,Ceu Claro,Simples,Reta,Rural,2013,2,0,1,0,0,1,1,2
83039793,2013-07-28,Domingo,21:00:00,RN,304,183.0,ANGICOS,Ingestão de álcool,Tombamento,Com Vítimas Feridas,Plena noite,Decrescente,Ceu Claro,Simples,Reta,Rural,2013,1,0,0,1,0,0,1,1
83039794,2013-07-28,Domingo,17:40:00,RN,226,3.5,NATAL,Falta de atenção,Colisão Transversal,Com Vítimas Feridas,Plena noite,Crescente,Ceu Claro,Simples,Cruzamento,Urbano,2013,3,0,1,1,1,0,2,2
83039824,2013-07-24,Quarta,19:45:00,RN,406,169.0,SAO GONCALO DO AMARANTE,Ultrapassagem indevida,Colisão lateral,Com Vítimas Feridas,Plena noite,Crescente,Ceu Claro,Simples,Reta,Urbano,2013,3,0,0,2,0,1,2,2
83039918,2013-07-26,Sexta,00:50:00,RN,405,134.1,SAO FRANCISCO DO OESTE,Dormindo,Colisão frontal,Com Vítimas Fatais,Plena noite,Decrescente,Ceu Claro,Simples,Reta,Rural,2013,3,1,1,1,0,0,2,2
83039932,2013-07-23,Terça,11:55:00,RN,304,36.4,MOSSORO,Falta de atenção,Colisão lateral,Sem Vítimas,Pleno dia,Crescente,Ceu Claro,Múltipla,Reta,Urbano,2013,2,0,0,0,2,0,0,2
83040015,2013-07-29,Segunda,07:00:00,RN,101,107.7,PARNAMIRIM,Outras,Colisão lateral,Com Vítimas Feridas,Pleno dia,Decrescente,Nublado,Dupla,Reta,Urbano,2013,3,0,2,0,1,0,2,2
83040268,2013-07-29,Segunda,12:50:00,RN,101,97.2,NATAL,Outras,Colisão frontal,Sem Vítimas,Pleno dia,Decrescente,Nublado,Dupla,Reta,Urbano,2013,2,0,0,0,2,0,0,2
83040299,2013-07-29,Segunda,18:40:00,RN,101,94.0,NATAL,Falta de atenção,Colisão traseira,Sem Vítimas,Plena noite,Crescente,Ceu Claro,Dupla,Reta,Urbano,2013,3,0,0,0,3,0,0,3
83040300,2013-07-28,Domingo,01:50:00,RN,304,108.8,ASSU,Outras,Colisão frontal,Ignorado,Plena noite,Decrescente,Ceu Claro,Simples,Reta,Rural,2013,2,0,0,0,0,2,0,2
83040381,2013-07-29,Segunda,19:10:00,RN,226,177.2,CURRAIS NOVOS,Falta de atenção,Colisão lateral,Com Vítimas Feridas,Plena noite,Crescente,Ceu Claro,Simples,Cruzamento,Urbano,2013,2,0,1,0,1,0,1,2
83040397,2013-07-29,Segunda,13:55:00,RN,101,97.9,NATAL,Outras,Colisão Transversal,Sem Vítimas,Pleno dia,Decrescente,Sol,Múltipla,Cruzamento,Urbano,2013,2,0,0,0,2,0,0,2
83040499,2013-07-30,Terça,07:10:00,RN,101,79.0,NATAL,Não guardar distância de segurança,Colisão traseira,Com Vítimas Feridas,Pleno dia,Decrescente,Ceu Claro,Dupla,Reta,Urbano,2013,3,0,1,0,2,0,1,2
83040524,2013-07-27,Sábado,15:29:00,RN,427,98.0,CAICO,Falta de atenção,Colisão Transversal,Com Vítimas Feridas,Pleno dia,Crescente,Ceu Claro,Simples,Curva,Urbano,2013,2,0,2,0,0,0,2,2
83040586,2013-07-30,Terça,09:30:00,RN,101,100.0,NATAL,Falta de atenção,Colisão traseira,Sem Vítimas,Pleno dia,Decrescente,Ceu Claro,Dupla,Cruzamento,Urbano,2013,2,0,0,0,2,0,0,2
83040605,2013-07-26,Sexta,19:00:00,RN,101,101.8,PARNAMIRIM,Não guardar distância de segurança,Colisão traseira,Sem Vítimas,Plena noite,Decrescente,Nublado,Dupla,Reta,Urbano,2013,2,0,0,0,2,0,0,2
83040720,2013-07-30,Terça,14:15:00,RN,101,106.9,PARNAMIRIM,Falta de atenção,Colisão Transversal,Com Vítimas Feridas,Pleno dia,Decrescente,Sol,Dupla,Reta,Urbano,2013,2,0,1,0,1,0,1,2
83040811,2013-07-30,Terça,14:40:00,RN,101,135.1,ARES,Falta de atenção,Colisão traseira,Sem Vítimas,Pleno dia,Decrescente,Ceu Claro,Dupla,Reta,Rural,2013,2,0,0,0,2,0,0,2
83040861,2013-07-30,Terça,20:30:00,RN,101,107.2,PARNAMIRIM,Falta de atenção,Colisão lateral,Com Vítimas Feridas,Plena noite,Decrescente,Nublado,Dupla,Reta,Urbano,2013,2,0,1,0,1,0,1,2
83040936,2013-07-30,Terça,13:00:00,RN,304,35.3,MOSSORO,Não guardar distância de segurança,Colisão traseira,Sem Vítimas,Pleno dia,Crescente,Sol,Simples,Cruzamento,Urbano,2013,2,0,0,0,2,0,0,2
83040950,2013-07-30,Terça,15:30:00,RN,226,177.4,CURRAIS NOVOS,Não guardar distância de segurança,Colisão lateral,Sem Vítimas,Pleno dia,Crescente,Ceu Claro,Dupla,Reta,Urbano,2013,2,0,0,0,2,0,0,2
83041024,2013-07-28,Domingo,02:45:00,RN,101,118.8,SAO JOSE DE MIPIBU,Outras,Colisão com objeto fixo,Com Vítimas Feridas,Plena noite,Decrescente,Ceu Claro,Dupla,Reta,Rural,2013,2,0,2,0,0,0,2,1
83041098,2013-07-31,Quarta,10:40:00,RN,304,31.0,MOSSORO,Desobediência à sinalização,Colisão lateral,Com Vítimas Feridas,Pleno dia,Decrescente,Ceu Claro,Simples,Reta,Urbano,2013,2,0,1,0,1,0,1,2
83041149,2013-07-23,Terça,20:15:00,RN,101,149.1,GOIANINHA,Animais na Pista,Colisão com objeto fixo,Com Vítimas Feridas,Plena noite,Crescente,Nublado,Dupla,Reta,Urbano,2013,1,0,1,0,0,0,1,1
83041182,2013-07-31,Quarta,07:00:00,RN,406,117.0,POCO BRANCO,Outras,Atropelamento de pessoa,Com Vítimas Fatais,Pleno dia,Crescente,Ceu Claro,Simples,Reta,Rural,2013,2,1,0,0,0,1,0,1
83041187,2013-07-31,Quarta,11:05:00,RN,304,47.3,MOSSORO,Falta de atenção,Colisão traseira,Com Vítimas Feridas,Pleno dia,Crescente,Sol,Dupla,Reta,Urbano,2013,3,0,1,0,2,0,1,2
83041205,2013-07-31,Quarta,11:40:00,RN,304,106.3,ASSU,Falta de atenção,Colisão Transversal,Com Vítimas Feridas,Pleno dia,Decrescente,Ceu Claro,Simples,Reta,Urbano,2013,2,0,1,0,1,0,1,2
83041250,2013-07-31,Quarta,16:10:00,RN,101,99.7,NATAL,Falta de atenção,Colisão lateral,Sem Vítimas,Pleno dia,Crescente,Ceu Claro,Dupla,Reta,Urbano,2013,2,0,0,0,2,0,0,2
83041252,2013-07-31,Quarta,13:45:00,RN,101,99.9,NATAL,Falta de atenção,Colisão traseira,Sem Vítimas,Pleno dia,Crescente,Sol,Múltipla,Reta,Urbano,2013,3,0,0,0,3,0,0,3
83041304,2013-07-31,Quarta,14:45:00,RN,101,95.4,NATAL,Não guardar distância de segurança,Colisão traseira,Sem Vítimas,Pleno dia,Crescente,Sol,Múltipla,Reta,Urbano,2013,2,0,0,0,1,1,0,2
83041313,2013-07-31,Quarta,17:15:00,RN,226,4.8,NATAL,Outras,Colisão lateral,Com Vítimas Feridas,Pleno dia,Decrescente,Ceu Claro,Simples,Reta,Urbano,2013,2,0,1,0,1,0,1,2
83041369,2013-07-31,Quarta,18:45:00,RN,101,100.1,PARNAMIRIM,Não guardar distância de segurança,Colisão traseira,Sem Vítimas,Plena noite,Decrescente,Ceu Claro,Dupla,Reta,Urbano,2013,3,0,0,0,2,1,0,3
83041418,2013-07-31,Quarta,14:10:00,RN,226,1.8,NATAL,Outras,Colisão lateral,Com Vítimas Feridas,Pleno dia,Crescente,Sol,Dupla,Reta,Urbano,2013,2,0,1,0,1,0,1,2
83041431,2013-07-31,Quarta,20:10:00,RN,406,159.4,CEARA-MIRIM,Animais na Pista,Atropelamento de animal,Com Vítimas Feridas,Plena noite,Decrescente,Vento,Simples,Reta,Rural,2013,1,0,0,1,0,0,1,1
83041469,2013-07-30,Terça,22:25:00,RN,101,107.8,PARNAMIRIM,Falta de atenção,Colisão Transversal,Sem Vítimas,Plena noite,Crescente,Nevoeiro/neblina,Dupla,Cruzamento,Urbano,2013,2,0,0,0,2,0,0,2
83041483,2013-07-30,Terça,18:30:00,RN,304,35.3,MOSSORO,Não guardar distância de segurança,Colisão traseira,Sem Vítimas,Plena noite,Crescente,Ceu Claro,Simples,Cruzamento,Urbano,2013,2,0,0,0,2,0,0,2
83041538,2013-07-20,Sábado,08:20:00,RN,427,66.1,JARDIM DO SERIDO,Outras,Capotamento,Com Vítimas Feridas,Pleno dia,Crescente,Ceu Claro,Simples,Curva,Rural,2013,1,0,1,0,0,0,1,1
83041649,2013-08-01,Quinta,12:00:00,RN,304,305.0,PARNAMIRIM,Não guardar distância de segurança,Colisão traseira,Com Vítimas Feridas,Pleno dia,Crescente,Ceu Claro,Dupla,Reta,Urbano,2013,2,0,1,0,1,0,1,2
83041710,2013-08-01,Quinta,09:00:00,RN,101,101.8,PARNAMIRIM,Falta de atenção,Colisão lateral,Com Vítimas Feridas,Pleno dia,Crescente,Ceu Claro,Dupla,Reta,Urbano,2013,2,0,1,0,1,0,1,2
83041712,2013-07-16,Terça,15:30:00,RN,226,82.5,TANGARA,Outras,Colisão traseira,Com Vítimas Feridas,Pleno dia,Crescente,Ceu Claro,Simples,Reta,Rural,2013,2,0,1,0,0,1,1,2
83041783,2013-08-01,Quinta,14:05:00,RN,304,307.5,PARNAMIRIM,Falta de atenção,Colisão traseira,Sem Vítimas,Pleno dia,Decrescente,Ceu Claro,Múltipla,Reta,Urbano,2013,2,0,0,0,2,0,0,2
83041810,2013-07-28,Domingo,21:00:00,RN,406,31.8,GUAMARE,Animais na Pista,Atropelamento de animal,Com Vítimas Fatais,Plena noite,Decrescente,Ceu Claro,Simples,Reta,Urbano,2013,2,1,0,1,0,0,1,1
83041896,2013-07-24,Quarta,18:25:00,RN,304,106.8,ASSU,Outras,Colisão traseira,Com Vítimas Feridas,Plena noite,Decrescente,Ceu Claro,Simples,Reta,Rural,2013,3,0,1,1,0,1,2,2
83041909,2013-07-30,Terça,15:45:00,RN,304,36.0,MOSSORO,Outras,Saída de Pista,Sem Vítimas,Pleno dia,Decrescente,Ceu Claro,Dupla,Cruzamento,Urbano,2013,1,0,0,0,1,0,0,1
83041913,2013-08-01,Quinta,13:13:00,RN,304,48.6,MOSSORO,Falta de atenção,Colisão lateral,Sem Vítimas,Pleno dia,Decrescente,Ceu Claro,Dupla,Cruzamento,Urbano,2013,2,0,0,0,2,0,0,2
83041918,2013-08-01,Quinta,13:00:00,RN,304,38.9,MOSSORO,Outras,Colisão Transversal,Sem Vítimas,Pleno dia,Decrescente,Ceu Claro,Dupla,Cruzamento,Urbano,2013,4,0,0,0,4,0,0,2
83041921,2013-08-01,Quinta,23:00:00,RN,406,163.2,SAO GONCALO DO AMARANTE,Falta de atenção,Colisão Transversal,Com Vítimas Feridas,Plena noite,Decrescente,Ceu Claro,Simples,Reta,Rural,2013,2,0,2,0,0,0,2,2
83041985,2013-07-31,Quarta,11:50:00,RN,101,95.6,NATAL,Não guardar distância de segurança,Colisão traseira,Sem Vítimas,Pleno dia,Crescente,Ceu Claro,Simples,Reta,Urbano,2013,2,0,0,0,2,0,0,2
83041993,2013-07-29,Segunda,06:40:00,RN,101,106.0,PARNAMIRIM,Falta de atenção,Colisão traseira,Sem Vítimas,Pleno dia,Decrescente,Ceu Claro,Dupla,Reta,Urbano,2013,2,0,0,0,2,0,0,2