id,data_inversa,dia_semana,horario,uf,br,km,municipio,causa_acidente,tipo_acidente,classificacao_acidente,fase_dia,sentido_via,condicao_metereologica,tipo_pista,tracado_via,uso_solo,ano,pessoas,mortos,feridos_leves,feridos_graves,ilesos,ignorados,feridos,veiculos
83042014,2013-07-29,Segunda,17:35:00,RN,101,94.4,NATAL,Falta de atenção,Colisão traseira,Sem Vítimas,Anoitecer,Crescente,Ceu Claro,Múltipla,Reta,Urbano,2013,2,0,0,0,2,0,0,2
83042020,2013-07-31,Quarta,15:45:00,RN,101,97.5,NATAL,Não guardar distância de segurança,Colisão lateral,Sem Vítimas,Pleno dia,Crescente,Ceu Claro,Múltipla,Reta,Urbano,2013,2,0,0,0,2,0,0,2
83042174,2013-07-31,Quarta,06:00:00,RN,427,1.9,CURRAIS NOVOS,Desobediência à sinalização,Colisão frontal,Com Vítimas Fatais,Pleno dia,Decrescente,Ceu Claro,Simples,Reta,Urbano,2013,2,1,1,0,0,0,1,2
83042212,2013-08-02,Sexta,13:40:00,RN,101,100.0,NATAL,Outras,Colisão traseira,Sem Vítimas,Pleno dia,Crescente,Sol,Dupla,Cruzamento,Urbano,2013,2,0,0,0,2,0,0,2
83042224,2013-08-02,Sexta,14:20:00,RN,101,99.9,NATAL,Não guardar distância de segurança,Colisão lateral,Sem Vítimas,Pleno dia,Crescente,Ceu Claro,Dupla,Cruzamento,Urbano,2013,2,0,0,0,2,0,0,2
83042323,2013-08-02,Sexta,18:50:00,RN,101,106.2,PARNAMIRIM,Outras,Atropelamento de pessoa,Com Vítimas Feridas,Plena noite,Crescente,Ceu Claro,Dupla,Cruzamento,Urbano,2013,2,0,0,1,0,1,1,1
83042326,2013-08-02,Sexta,18:30:00,RN,101,96.9,NATAL,Outras,Colisão lateral,Sem Vítimas,Plena noite,Crescente,Ceu Claro,Múltipla,Reta,Urbano,2013,2,0,0,0,2,0,0,2
83042335,2013-08-02,Sexta,18:30:00,RN,304,35.5,MOSSORO,Falta de atenção,Colisão traseira,Sem Vítimas,Plena noite,Decrescente,Ceu Claro,Simples,Reta,Urbano,2013,2,0,0,0,2,0,0,2
83042474,2013-07-30,Terça,08:57:00,RN,101,99.0,NATAL,Não guardar distância de segurança,Colisão traseira,Sem Vítimas,Pleno dia,Decrescente,Sol,Dupla,Cruzamento,Urbano,2013,2,0,0,0,2,0,0,2
83042482,2013-07-30,Terça,10:08:00,RN,101,98.0,NATAL,Não guardar distância de segurança,Colisão traseira,Sem Vítimas,Pleno dia,Decrescente,Sol,Dupla,Cruzamento,Urbano,2013,2,0,0,0,2,0,0,2
83042531,2013-08-03,Sábado,08:00:00,RN,226,2.0,NATAL,Não guardar distância de segurança,Colisão traseira,Sem Vítimas,Pleno dia,Crescente,Ceu Claro,Simples,Reta,Urbano,2013,2,0,0,0,2,0,0,2
83042586,2013-08-02,Sexta,19:00:00,RN,110,47.5,MOSSORO,Falta de atenção,Colisão Transversal,Sem Vítimas,Plena noite,Crescente,Ceu Claro,Simples,Reta,Urbano,2013,2,0,0,0,2,0,0,2
83042597,2013-08-03,Sábado,07:20:00,RN,101,107.0,PARNAMIRIM,Falta de atenção,Colisão lateral,Com Vítimas Feridas,Pleno dia,Decrescente,Ceu Claro,Dupla,Cruzamento,Urbano,2013,3,0,2,0,1,0,2,2
83042634,2013-08-03,Sábado,11:20:00,RN,101,35.0,RIO DO FOGO,Outras,Colisão traseira,Com Vítimas Feridas,Pleno dia,Crescente,Ceu Claro,Simples,Cruzamento,Rural,2013,2,0,0,1,1,0,1,2
83042748,2013-08-03,Sábado,18:35:00,RN,406,164.0,SAO GONCALO DO AMARANTE,Defeito mecânico em veículo,Capotamento,Com Vítimas Feridas,Plena noite,Decrescente,Ceu Claro,Simples,Reta,Rural,2013,1,0,0,1,0,0,1,1
83042755,2013-08-03,Sábado,18:00:00,RN,101,156.6,PARNAMIRIM,Falta de atenção,Saída de Pista,Sem Vítimas,Anoitecer,Crescente,Ceu Claro,Dupla,Reta,Urbano,2013,1,0,0,0,1,0,0,1
83042768,2013-08-03,Sábado,15:00:00,RN,406,163.0,SAO GONCALO DO AMARANTE,Defeito na via,Queda de motocicleta / bicicleta / veículo,Com Vítimas Feridas,Pleno dia,Decrescente,Ceu Claro,Simples,Reta,Rural,2013,3,0,2,0,1,0,2,2
83042789,2013-08-03,Sábado,17:25:00,RN,101,102.1,PARNAMIRIM,Outras,Colisão com objeto fixo,Sem Vítimas,Pleno dia,Decrescente,Ceu Claro,Dupla,Reta,Urbano,2013,1,0,0,0,1,0,0,1
83042792,2013-08-03,Sábado,15:20:00,RN,101,55.3,CEARA-MIRIM,Outras,Capotamento,Com Vítimas Feridas,Pleno dia,Decrescente,Ceu Claro,Simples,Reta,Rural,2013,1,0,0,1,0,0,1,1
83042959,2013-08-04,Domingo,05:40:00,RN,406,149.1,CEARA-MIRIM,Ingestão de álcool,Queda de motocicleta / bicicleta / veículo,Com Vítimas Feridas,Amanhecer,Decrescente,Ceu Claro,Simples,Reta,Urbano,2013,2,0,2,0,0,0,2,1
83043040,2013-07-31,Quarta,07:35:00,RN,304,32.0,MOSSORO,Velocidade incompatível,Colisão lateral,Sem Vítimas,Pleno dia,Decrescente,Ceu Claro,Simples,Reta,Urbano,2013,2,0,0,0,2,0,0,2
83043049,2013-08-04,Domingo,07:20:00,RN,405,27.7,GOVERNADOR DIX-SEPT ROSADO,Velocidade incompatível,Colisão frontal,Com Vítimas Feridas,Pleno dia,Crescente,Ceu Claro,Simples,Reta,Rural,2013,3,0,0,1,2,0,1,3
83043131,2013-08-02,Sexta,17:40:00,RN,304,37.4,MOSSORO,Falta de atenção,Colisão traseira,Sem Vítimas,Anoitecer,Crescente,Ceu Claro,Simples,Curva,Urbano,2013,3,0,0,0,3,0,0,2
83043141,2013-08-04,Domingo,11:30:00,RN,226,10.1,MACAIBA,Falta de atenção,Colisão traseira,Com Vítimas Feridas,Pleno dia,Decrescente,Sol,Simples,Curva,Rural,2013,3,0,2,0,1,0,2,2
83043162,2013-08-04,Domingo,15:30:00,RN,101,103.0,PARNAMIRIM,Não guardar distância de segurança,Colisão traseira,Sem Vítimas,Pleno dia,Decrescente,Ceu Claro,Múltipla,Reta,Urbano,2013,2,0,0,0,2,0,0,2
83043183,2013-08-04,Domingo,13:35:00,RN,226,2.0,NATAL,Outras,Colisão lateral,Com Vítimas Feridas,Pleno dia,Crescente,Sol,Dupla,Cruzamento,Urbano,2013,2,0,0,1,1,0,1,2
83043203,2013-08-04,Domingo,16:00:00,RN,101,101.9,PARNAMIRIM,Falta de atenção,Colisão traseira,Sem Vítimas,Pleno dia,Decrescente,Ceu Claro,Dupla,Reta,Urbano,2013,3,0,0,0,3,0,0,3
83043334,2013-08-03,Sábado,19:30:00,RN,101,106.0,PARNAMIRIM,Outras,Colisão traseira,Sem Vítimas,Plena noite,Decrescente,Ceu Claro,Dupla,Curva,Urbano,2013,5,0,0,0,3,2,0,5
83043349,2013-08-04,Domingo,17:00:00,RN,101,146.0,GOIANINHA,Não guardar distância de segurança,Colisão lateral,Com Vítimas Feridas,Anoitecer,Crescente,Nublado,Dupla,Reta,Urbano,2013,2,0,0,1,1,0,1,2
83043365,2013-08-04,Domingo,16:30:00,RN,101,154.1,GOIANINHA,Falta de atenção,Colisão lateral,Com Vítimas Feridas,Pleno dia,Crescente,Sol,Dupla,Reta,Rural,2013,7,0,4,0,3,0,4,2
83043392,2013-08-04,Domingo,19:40:00,RN,304,119.0,ITAJA,Outras,Colisão Transversal,Sem Vítimas,Plena noite,Decrescente,Ceu Claro,Simples,Cruzamento,Urbano,2013,2,0,0,0,1,1,0,2
83043476,2013-08-05,Segunda,06:40:00,RN,406,137.3,TAIPU,Não guardar distância de segurança,Colisão traseira,Sem Vítimas,Amanhecer,Decrescente,Ceu Claro,Simples,Reta,Rural,2013,2,0,0,0,2,0,0,2
83043648,2013-08-05,Segunda,10:20:00,RN,304,36.3,MOSSORO,Falta de atenção,Colisão lateral,Sem Vítimas,Pleno dia,Decrescente,Sol,Dupla,Reta,Urbano,2013,2,0,0,0,2,0,0,2
83043654,2013-06-12,Quarta,15:30:00,RN,304,306.0,PARNAMIRIM,Outras,Colisão frontal,Com Vítimas Fatais,Pleno dia,Crescente,Chuva,Dupla,Reta,Urbano,2013,8,6,0,2,0,0,2,2
83043748,2013-08-03,Sábado,01:30:00,RN,226,93.0,TANGARA,Ingestão de álcool,Colisão com objeto fixo,Sem Vítimas,Plena noite,Decrescente,Ceu Claro,Simples,Curva,Rural,2013,1,0,0,0,1,0,0,1
83043824,2013-08-03,Sábado,17:40:00,RN,304,43.0,MOSSORO,Desobediência à sinalização,Colisão Transversal,Com Vítimas Feridas,Pleno dia,Decrescente,Ceu Claro,Dupla,Reta,Rural,2013,2,0,1,0,1,0,1,2
83043841,2013-08-05,Segunda,18:00:00,RN,101,101.0,PARNAMIRIM,Não guardar distância de segurança,Colisão traseira,Sem Vítimas,Plena noite,Decrescente,Nublado,Múltipla,Curva,Urbano,2013,2,0,0,0,2,0,0,2
83043989,2013-08-03,Sábado,22:40:00,RN,405,78.9,APODI,Outras,Colisão frontal,Com Vítimas Feridas,Plena noite,Crescente,Ceu Claro,Simples,Reta,Rural,2013,2,0,0,1,1,0,1,2
83044010,2013-07-02,Terça,17:50:00,RN,101,81.2,NATAL,Outras,Colisão Transversal,Com Vítimas Feridas,Plena noite,Decrescente,Nublado,Dupla,Reta,Urbano,2013,2,0,1,1,0,0,2,2
83044048,2013-08-06,Terça,07:20:00,RN,101,98.2,NATAL,Outras,Colisão lateral,Sem Vítimas,Pleno dia,Decrescente,Ceu Claro,Dupla,Curva,Urbano,2013,2,0,0,0,2,0,0,2
83044064,2013-08-06,Terça,10:00:00,RN,304,39.0,MOSSORO,Falta de atenção,Colisão Transversal,Com Vítimas Feridas,Plena noite,Crescente,Ceu Claro,Simples,Reta,Urbano,2013,2,0,1,0,0,1,1,2
83044114,2013-08-06,Terça,08:50:00,RN,304,296.9,MACAIBA,Falta de atenção,Colisão traseira,Sem Vítimas,Pleno dia,Decrescente,Ceu Claro,Simples,Reta,Urbano,2013,3,0,0,0,3,0,0,3
83044160,2013-07-15,Segunda,07:20:00,RN,226,167.1,CURRAIS NOVOS,Outras,Capotamento,Com Vítimas Fatais,Pleno dia,Decrescente,Ceu Claro,Simples,Curva,Rural,2013,1,1,0,0,0,0,0,1
83044171,2013-08-06,Terça,10:50:00,RN,101,97.0,NATAL,Falta de atenção,Colisão lateral,Sem Vítimas,Pleno dia,Crescente,Ceu Claro,Múltipla,Reta,Urbano,2013,2,0,0,0,2,0,0,2
83044211,2013-08-04,Domingo,00:50:00,RN,427,14.9,ACARI,Outras,Capotamento,Com Vítimas Feridas,Plena noite,Decrescente,Ignorada,Simples,Curva,Rural,2013,2,0,2,0,0,0,2,1
83044255,2013-08-06,Terça,17:41:00,RN,304,37.5,MOSSORO,Falta de atenção,Colisão Transversal,Com Vítimas Feridas,Anoitecer,Crescente,Ceu Claro,Dupla,Reta,Urbano,2013,2,0,1,0,1,0,1,2
83044296,2013-08-06,Terça,13:15:00,RN,101,97.0,NATAL,Falta de atenção,Colisão traseira,Sem Vítimas,Pleno dia,Decrescente,Ceu Claro,Múltipla,Cruzamento,Urbano,2013,2,0,0,0,2,0,0,2
83044302,2013-08-06,Terça,09:50:00,RN,304,296.0,MACAIBA,Falta de atenção,Colisão Transversal,Com Vítimas Feridas,Pleno dia,Decrescente,Ceu Claro,Simples,Reta,Urbano,2013,3,0,0,2,1,0,2,2
83044444,2013-08-06,Terça,21:40:00,RN,304,37.0,MOSSORO,Falta de atenção,Colisão Transversal,Sem Vítimas,Plena noite,Crescente,Ceu Claro,Dupla,Reta,Urbano,2013,2,0,0,0,1,1,0,2
83044465,2013-08-06,Terça,09:50:00,RN,226,16.6,MACAIBA,Outras,Colisão lateral,Com Vítimas Feridas,Pleno dia,Crescente,Sol,Simples,Cruzamento,Urbano,2013,3,0,2,0,1,0,2,2
83044512,2013-08-07,Quarta,07:00:00,RN,101,99.8,NATAL,Não guardar distância de segurança,Colisão traseira,Sem Vítimas,Pleno dia,Crescente,Sol,Dupla,Cruzamento,Urbano,2013,2,0,0,0,2,0,0,2
83044528,2013-08-07,Quarta,06:30:00,RN,110,50.3,MOSSORO,Falta de atenção,Colisão traseira,Com Vítimas Feridas,Pleno dia,Decrescente,Ceu Claro,Dupla,Reta,Urbano,2013,2,0,2,0,0,0,2,2
83044569,2013-07-15,Segunda,17:30:00,RN,304,47.0,MOSSORO,Falta de atenção,Colisão traseira,Sem Vítimas,Anoitecer,Decrescente,Ceu Claro,Simples,Curva,Urbano,2013,2,0,0,0,2,0,0,2
83044611,2013-08-05,Segunda,16:00:00,RN,405,106.9,ITAU,Outras,Saída de Pista,Com Vítimas Fatais,Pleno dia,Crescente,Ignorada,Simples,Curva,Rural,2013,2,1,1,0,0,0,1,1
83044622,2013-08-07,Quarta,06:30:00,RN,101,79.0,NATAL,Outras,Colisão com bicicleta,Com Vítimas Feridas,Pleno dia,Crescente,Ceu Claro,Dupla,Reta,Urbano,2013,2,0,0,1,1,0,1,2
83044730,2013-08-07,Quarta,13:20:00,RN,101,97.0,NATAL,Falta de atenção,Colisão lateral,Sem Vítimas,Pleno dia,Crescente,Ceu Claro,Simples,Curva,Urbano,2013,2,0,0,0,2,0,0,2
83044800,2013-08-07,Quarta,18:30:00,RN,101,99.5,NATAL,Falta de atenção,Colisão traseira,Sem Vítimas,Plena noite,Decrescente,Ceu Claro,Múltipla,Cruzamento,Urbano,2013,2,0,0,0,2,0,0,2
83044918,2013-07-30,Terça,08:00:00,RN,427,98.7,CAICO,Desobediência à sinalização,Colisão traseira,Com Vítimas Feridas,Pleno dia,Decrescente,Sol,Simples,Reta,Urbano,2013,2,0,0,1,1,0,1,2
83044948,2013-08-07,Quarta,16:30:00,RN,101,97.0,NATAL,Falta de atenção,Colisão lateral,Sem Vítimas,Pleno dia,Crescente,Ceu Claro,Dupla,Cruzamento,Urbano,2013,2,0,0,0,2,0,0,2
83044969,2013-08-06,Terça,13:00:00,RN,101,103.9,PARNAMIRIM,Desobediência à sinalização,Colisão lateral,Sem Vítimas,Pleno dia,Decrescente,Ceu Claro,Dupla,Reta,Urbano,2013,2,0,0,0,2,0,0,2
83045001,2013-08-05,Segunda,05:00:00,RN,304,271.5,SAO PAULO DO POTENGI,Outras,Colisão Transversal,Sem Vítimas,Amanhecer,Crescente,Sol,Simples,Reta,Rural,2013,2,0,0,0,1,1,0,2
83045024,2013-08-04,Domingo,14:28:00,RN,406,55.0,GUAMARE,Falta de atenção,Colisão frontal,Com Vítimas Fatais,Pleno dia,Crescente,Ceu Claro,Simples,Reta,Rural,2013,2,1,0,0,1,0,0,2
83045068,2013-08-08,Quinta,06:40:00,RN,101,96.6,NATAL,Falta de atenção,Colisão traseira,Sem Vítimas,Pleno dia,Decrescente,Sol,Múltipla,Cruzamento,Urbano,2013,2,0,0,0,2,0,0,2
83045123,2013-08-08,Quinta,06:50:00,RN,101,96.6,NATAL,Outras,Colisão lateral,Sem Vítimas,Pleno dia,Decrescente,Ceu Claro,Dupla,Reta,Urbano,2013,2,0,0,0,2,0,0,2
83045145,2013-08-05,Segunda,07:10:00,RN,304,35.0,MOSSORO,Desobediência à sinalização,Colisão Transversal,Com Vítimas Feridas,Pleno dia,Crescente,Sol,Simples,Reta,Urbano,2013,2,0,1,0,1,0,1,2
83045209,2013-08-08,Quinta,11:30:00,RN,406,103.8,JOAO CAMARA,Outras,Colisão Transversal,Com Vítimas Feridas,Pleno dia,Crescente,Sol,Simples,Cruzamento,Urbano,2013,2,0,0,1,0,1,1,2
83045211,2013-08-08,Quinta,14:55:00,RN,101,97.9,NATAL,Não guardar distância de segurança,Colisão traseira,Sem Vítimas,Pleno dia,Crescente,Sol,Múltipla,Reta,Urbano,2013,2,0,0,0,2,0,0,2
83045241,2013-08-08,Quinta,11:10:00,RN,110,48.1,MOSSORO,Falta de atenção,Colisão traseira,Sem Vítimas,Pleno dia,Decrescente,Sol,Simples,Reta,Urbano,2013,2,0,0,0,2,0,0,2
83045278,2013-08-04,Domingo,20:00:00,RN,304,35.5,MOSSORO,Falta de atenção,Colisão com objeto fixo,Com Vítimas Feridas,Plena noite,Decrescente,Ceu Claro,Dupla,Reta,Urbano,2013,1,0,1,0,0,0,1,1
83045304,2013-08-02,Sexta,20:10:00,RN,304,115.6,ASSU,Falta de atenção,Colisão lateral,Com Vítimas Feridas,Plena noite,Decrescente,Ceu Claro,Simples,Reta,Urbano,2013,2,0,0,1,1,0,1,2
83045432,2013-08-08,Quinta,21:40:00,RN,101,85.0,SAO GONCALO DO AMARANTE,Não guardar distância de segurança,Colisão traseira,Sem Vítimas,Plena noite,Crescente,Chuva,Dupla,Curva,Urbano,2013,5,0,0,0,5,0,0,5
83045512,2013-08-09,Sexta,08:00:00,RN,101,81.1,NATAL,Falta de atenção,Colisão traseira,Sem Vítimas,Pleno dia,Decrescente,Nublado,Dupla,Reta,Urbano,2013,2,0,0,0,2,0,0,2
83045517,2013-08-09,Sexta,04:55:00,RN,101,107.0,PARNAMIRIM,Outras,Colisão com bicicleta,Com Vítimas Feridas,Amanhecer,Crescente,Nevoeiro/neblina,Dupla,Reta,Urbano,2013,2,0,1,0,1,0,1,2
83045523,2013-07-29,Segunda,06:00:00,RN,406,150.3,CEARA-MIRIM,Outras,Colisão lateral,Com Vítimas Feridas,Pleno dia,Crescente,Ceu Claro,Simples,Reta,Urbano,2013,2,0,0,1,0,1,1,2
83045655,2013-08-05,Segunda,18:10:00,RN,405,115.2,ITAU,Outras,Queda de motocicleta / bicicleta / veículo,Com Vítimas Fatais,Plena noite,Crescente,Ceu Claro,Simples,Reta,Rural,2013,1,1,0,0,0,0,0,1
83045787,2013-08-09,Sexta,15:35:00,RN,304,210.1,LAJES,Não guardar distância de segurança,Colisão traseira,Sem Vítimas,Pleno dia,Decrescente,Sol,Simples,Reta,Rural,2013,2,0,0,0,2,0,0,2
83045826,2013-08-09,Sexta,13:20:00,RN,226,110.0,SANTA CRUZ,Falta de atenção,Colisão traseira,Com Vítimas Feridas,Pleno dia,Decrescente,Sol,Simples,Reta,Urbano,2013,2,0,1,0,1,0,1,2
83045842,2013-01-18,Sexta,18:30:00,RN,101,101.8,PARNAMIRIM,Desobediência à sinalização,Colisão Transversal,Com Vítimas Feridas,Plena noite,Crescente,Ceu Claro,Dupla,Cruzamento,Urbano,2013,2,0,1,0,1,0,1,2
83045855,2013-08-05,Segunda,07:15:00,RN,101,84.9,SAO GONCALO DO AMARANTE,Outras,Colisão lateral,Sem Vítimas,Pleno dia,Crescente,Ceu Claro,Dupla,Reta,Urbano,2013,2,0,0,0,2,0,0,2
83045907,2013-08-09,Sexta,08:00:00,RN,101,103.0,PARNAMIRIM,Falta de atenção,Colisão lateral,Com Vítimas Feridas,Pleno dia,Crescente,Nublado,Dupla,Reta,Urbano,2013,3,0,1,0,0,2,1,3
83046008,2013-08-09,Sexta,17:15:00,RN,304,38.5,MOSSORO,Velocidade incompatível,Colisão traseira,Sem Vítimas,Anoitecer,Decrescente,Ceu Claro,Dupla,Reta,Urbano,2013,3,0,0,0,3,0,0,2
83046075,2013-08-06,Terça,14:50:00,RN,304,307.1,PARNAMIRIM,Velocidade incompatível,Colisão traseira,Com Vítimas Feridas,Pleno dia,Crescente,Sol,Múltipla,Reta,Urbano,2013,4,0,0,2,2,0,2,3
83046080,2013-08-06,Terça,08:15:00,RN,101,84.1,SAO GONCALO DO AMARANTE,Outras,Colisão traseira,Sem Vítimas,Pleno dia,Crescente,Ceu Claro,Dupla,Reta,Urbano,2013,2,0,0,0,1,1,0,2
83046232,2013-08-10,Sábado,12:10:00,RN,101,101.9,PARNAMIRIM,Falta de atenção,Colisão traseira,Sem Vítimas,Pleno dia,Decrescente,Ceu Claro,Múltipla,Reta,Urbano,2013,2,0,0,0,2,0,0,2
83046262,2013-08-10,Sábado,20:15:00,RN,101,84.7,SAO GONCALO DO AMARANTE,Velocidade incompatível,Saída de Pista,Sem Vítimas,Plena noite,Crescente,Ceu Claro,Dupla,Curva,Urbano,2013,1,0,0,0,1,0,0,1
83046265,2013-08-10,Sábado,17:00:00,RN,304,112.4,ASSU,Falta de atenção,Colisão Transversal,Sem Vítimas,Pleno dia,Decrescente,Ceu Claro,Simples,Reta,Rural,2013,2,0,0,0,2,0,0,2
83046282,2013-08-10,Sábado,20:20:00,RN,101,79.6,NATAL,Outras,Colisão traseira,Com Vítimas Feridas,Plena noite,Crescente,Ceu Claro,Dupla,Reta,Urbano,2013,3,0,1,0,1,1,1,2
83046362,2013-08-10,Sábado,09:00:00,RN,101,138.7,GOIANINHA,Outras,Capotamento,Com Vítimas Feridas,Pleno dia,Decrescente,Chuva,Dupla,Curva,Rural,2013,3,0,2,0,1,0,2,1
83046363,2013-08-10,Sábado,19:50:00,RN,101,99.5,NATAL,Outras,Colisão traseira,Sem Vítimas,Plena noite,Decrescente,Nevoeiro/neblina,Dupla,Reta,Urbano,2013,2,0,0,0,1,1,0,2
83046364,2013-08-10,Sábado,22:20:00,RN,101,79.2,NATAL,Outras,Colisão traseira,Sem Vítimas,Plena noite,Decrescente,Ceu Claro,Dupla,Cruzamento,Rural,2013,2,0,0,0,2,0,0,2
83046453,2013-08-10,Sábado,23:27:00,RN,101,99.9,NATAL,Ingestão de álcool,Colisão Transversal,Sem Vítimas,Plena noite,Decrescente,Ceu Claro,Dupla,Reta,Urbano,2013,3,0,0,0,3,0,0,2
83046515,2013-08-07,Quarta,07:45:00,RN,405,2.2,MOSSORO,Falta de atenção,Colisão Transversal,Com Vítimas Feridas,Pleno dia,Decrescente,Sol,Dupla,Reta,Urbano,2013,2,0,1,0,1,0,1,2
83046650,2013-08-11,Domingo,07:00:00,RN,226,69.2,SERRA CAIADA,Falta de atenção,Colisão traseira,Com Vítimas Feridas,Pleno dia,Crescente,Sol,Simples,Cruzamento,Urbano,2013,2,0,1,0,0,1,1,2
83046679,2013-08-11,Domingo,08:30:00,RN,226,117.9,SANTA CRUZ,Desobediência à sinalização,Colisão Transversal,Com Vítimas Fatais,Pleno dia,Decrescente,Ceu Claro,Simples,Reta,Rural,2013,3,2,0,0,1,0,0,2
83046702,2013-08-11,Domingo,16:50:00,RN,304,35.4,MOSSORO,Não guardar distância de segurança,Colisão traseira,Sem Vítimas,Pleno dia,Crescente,Sol,Dupla,Cruzamento,Urbano,2013,3,0,0,0,3,0,0,3
83046757,2013-08-07,Quarta,14:55:00,RN,101,96.0,NATAL,Não guardar distância de segurança,Colisão lateral,Sem Vítimas,Pleno dia,Crescente,Ceu Claro,Dupla,Reta,Urbano,2013,2,0,0,0,2,0,0,2
83046797,2013-08-11,Domingo,18:15:00,RN,101,102.8,PARNAMIRIM,Não guardar distância de segurança,Colisão traseira,Sem Vítimas,Plena noite,Decrescente,Ceu Claro,Múltipla,Reta,Urbano,2013,7,0,0,0,7,0,0,4
83046806,2013-08-11,Domingo,18:50:00,RN,101,104.7,PARNAMIRIM,Não guardar distância de segurança,Colisão lateral,Sem Vítimas,Plena noite,Decrescente,Ceu Claro,Dupla,Curva,Urbano,2013,2,0,0,0,2,0,0,2
83046966,2013-08-09,Sexta,06:45:00,RN,101,97.0,NATAL,Não guardar distância de segurança,Colisão traseira,Sem Vítimas,Pleno dia,Decrescente,Sol,Dupla,Reta,Urbano,2013,2,0,0,0,2,0,0,2
83047023,2013-08-09,Sexta,06:20:00,RN,101,108.7,PARNAMIRIM,Falta de atenção,Colisão traseira,Sem Vítimas,Pleno dia,Decrescente,Chuva,Dupla,Curva,Urbano,2013,2,0,0,0,2,0,0,2
83047037,2013-08-10,Sábado,23:00:00,RN,304,37.4,MOSSORO,Falta de atenção,Colisão com objeto fixo,Com Vítimas Feridas,Plena noite,Crescente,Ceu Claro,Dupla,Reta,Urbano,2013,1,0,1,0,0,0,1,1
83047083,2013-08-12,Segunda,09:55:00,RN,101,104.0,PARNAMIRIM,Falta de atenção,Colisão traseira,Sem Vítimas,Pleno dia,Crescente,Ceu Claro,Dupla,Cruzamento,Urbano,2013,2,0,0,0,2,0,0,2
83047106,2013-08-12,Segunda,09:55:00,RN,101,109.0,PARNAMIRIM,Falta de atenção,Colisão traseira,Sem Vítimas,Pleno dia,Crescente,Ceu Claro,Dupla,Reta,Rural,2013,2,0,0,0,2,0,0,2
83047149,2013-08-12,Segunda,08:30:00,RN,304,295.7,MACAIBA,Não guardar distância de segurança,Colisão traseira,Sem Vítimas,Pleno dia,Crescente,Sol,Simples,Reta,Urbano,2013,3,0,0,0,2,1,0,3
83047165,2013-08-12,Segunda,13:15:00,RN,101,97.9,NATAL,Não guardar distância de segurança,Colisão traseira,Sem Vítimas,Pleno dia,Decrescente,Ceu Claro,Dupla,Reta,Urbano,2013,2,0,0,0,2,0,0,2
83047184,2013-08-12,Segunda,14:10:00,RN,101,102.5,PARNAMIRIM,Falta de atenção,Colisão traseira,Sem Vítimas,Pleno dia,Decrescente,Ceu Claro,Dupla,Reta,Urbano,2013,3,0,0,0,2,1,0,3
83047261,2013-08-12,Segunda,15:15:00,RN,101,109.0,PARNAMIRIM,Falta de atenção,Colisão lateral,Sem Vítimas,Pleno dia,Crescente,Ceu Claro,Dupla,Reta,Urbano,2013,2,0,0,0,2,0,0,2
83047338,2013-08-10,Sábado,16:50:00,RN,304,268.9,MACAIBA,Defeito mecânico em veículo,Capotamento,Com Vítimas Feridas,Pleno dia,Decrescente,Ceu Claro,Simples,Curva,Rural,2013,2,0,1,1,0,0,2,1
83047340,2013-08-12,Segunda,01:00:00,RN,427,0.8,CURRAIS NOVOS,Ingestão de álcool,Colisão com objeto móvel,Com Vítimas Feridas,Plena noite,Crescente,Ceu Claro,Simples,Curva,Urbano,2013,2,0,1,0,1,0,1,2
83047358,2013-08-09,Sexta,16:50:00,RN,101,84.6,SAO GONCALO DO AMARANTE,Outras,Colisão lateral,Sem Vítimas,Pleno dia,Decrescente,Ceu Claro,Dupla,Reta,Urbano,2013,2,0,0,0,2,0,0,2
83047397,2013-08-13,Terça,08:25:00,RN,101,119.0,SAO JOSE DE MIPIBU,Outras,Colisão com objeto fixo,Sem Vítimas,Pleno dia,Decrescente,Chuva,Dupla,Reta,Rural,2013,1,0,0,0,1,0,0,1
83047409,2013-08-08,Quinta,16:00:00,RN,304,99.0,ASSU,Defeito mecânico em veículo,Saída de Pista,Sem Vítimas,Pleno dia,Decrescente,Ceu Claro,Dupla,Reta,Rural,2013,1,0,0,0,1,0,0,1
83047422,2013-08-13,Terça,08:45:00,RN,101,98.0,NATAL,Falta de atenção,Colisão traseira,Sem Vítimas,Pleno dia,Decrescente,Nublado,Dupla,Reta,Urbano,2013,2,0,0,0,2,0,0,2
83047434,2013-08-13,Terça,09:50:00,RN,101,96.7,NATAL,Falta de atenção,Colisão traseira,Sem Vítimas,Pleno dia,Crescente,Ceu Claro,Dupla,Reta,Urbano,2013,2,0,0,0,2,0,0,2
83047443,2013-08-13,Terça,10:10:00,RN,304,35.2,MOSSORO,Outras,Queda de motocicleta / bicicleta / veículo,Com Vítimas Feridas,Pleno dia,Decrescente,Ceu Claro,Dupla,Cruzamento,Urbano,2013,1,0,0,1,0,0,1,1
83047495,2013-08-09,Sexta,14:20:00,RN,101,109.8,PARNAMIRIM,Falta de atenção,Colisão Transversal,Sem Vítimas,Pleno dia,Decrescente,Chuva,Dupla,Cruzamento,Urbano,2013,2,0,0,0,1,1,0,2