id,data_inversa,dia_semana,horario,uf,br,km,municipio,causa_acidente,tipo_acidente,classificacao_acidente,fase_dia,sentido_via,condicao_metereologica,tipo_pista,tracado_via,uso_solo,ano,pessoas,mortos,feridos_leves,feridos_graves,ilesos,ignorados,feridos,veiculos
83047621,2013-08-13,Terça,08:00:00,RN,406,99.0,JOAO CAMARA,Defeito mecânico em veículo,Colisão com objeto móvel,Sem Vítimas,Pleno dia,Decrescente,Ceu Claro,Simples,Curva,Rural,2013,3,0,0,0,3,0,0,3
83047678,2013-08-10,Sábado,15:55:00,RN,427,147.0,SERRA NEGRA DO NORTE,Outras,Colisão Transversal,Com Vítimas Feridas,Pleno dia,Decrescente,Ceu Claro,Simples,Reta,Urbano,2013,2,0,0,1,1,0,1,2
83047713,2013-08-13,Terça,18:10:00,RN,226,109.6,SANTA CRUZ,Animais na Pista,Atropelamento de animal,Com Vítimas Feridas,Anoitecer,Crescente,Ceu Claro,Simples,Reta,Urbano,2013,1,0,1,0,0,0,1,1
83047716,2013-08-09,Sexta,20:30:00,RN,304,95.7,ASSU,Não guardar distância de segurança,Colisão traseira,Sem Vítimas,Plena noite,Crescente,Ceu Claro,Simples,Reta,Rural,2013,2,0,0,0,2,0,0,2
83047742,2013-08-12,Segunda,18:50:00,RN,427,66.2,JARDIM DO SERIDO,Falta de atenção,Capotamento,Sem Vítimas,Plena noite,Decrescente,Ceu Claro,Simples,Curva,Rural,2013,1,0,0,0,1,0,0,1
83047758,2013-08-13,Terça,12:40:00,RN,101,95.5,NATAL,Outras,Colisão traseira,Sem Vítimas,Pleno dia,Decrescente,Nublado,Múltipla,Reta,Urbano,2013,2,0,0,0,2,0,0,2
83047804,2013-08-13,Terça,22:30:00,RN,101,82.5,NATAL,Não guardar distância de segurança,Colisão traseira,Sem Vítimas,Plena noite,Decrescente,Ceu Claro,Dupla,Reta,Urbano,2013,2,0,0,0,2,0,0,2
83047842,2013-08-13,Terça,19:00:00,RN,110,48.0,MOSSORO,Não guardar distância de segurança,Colisão traseira,Sem Vítimas,Plena noite,Crescente,Ceu Claro,Dupla,Reta,Urbano,2013,2,0,0,0,2,0,0,2
83047890,2013-08-08,Quinta,17:30:00,RN,101,106.0,NATAL,Falta de atenção,Colisão Transversal,Sem Vítimas,Pleno dia,Crescente,Ceu Claro,Dupla,Cruzamento,Urbano,2013,2,0,0,0,2,0,0,2
83047892,2013-08-08,Quinta,18:40:00,RN,101,97.1,NATAL,Outras,Colisão lateral,Sem Vítimas,Pleno dia,Decrescente,Ceu Claro,Dupla,Cruzamento,Urbano,2013,2,0,0,0,2,0,0,2
83047961,2013-08-12,Segunda,15:45:00,RN,406,132.0,TAIPU,Outras,Colisão lateral,Sem Vítimas,Pleno dia,Decrescente,Sol,Simples,Reta,Rural,2013,2,0,0,0,2,0,0,2
83047976,2013-08-14,Quarta,08:34:00,RN,101,94.5,NATAL,Falta de atenção,Colisão lateral,Sem Vítimas,Pleno dia,Decrescente,Nublado,Múltipla,Cruzamento,Urbano,2013,2,0,0,0,2,0,0,2
83048043,2013-08-12,Segunda,19:05:00,RN,101,96.9,NATAL,Falta de atenção,Colisão lateral,Sem Vítimas,Plena noite,Crescente,Ignorada,Múltipla,Reta,Urbano,2013,2,0,0,0,2,0,0,2
83048115,2013-08-10,Sábado,14:30:00,RN,101,98.1,NATAL,Falta de atenção,Colisão lateral,Sem Vítimas,Pleno dia,Crescente,Sol,Múltipla,Cruzamento,Urbano,2013,2,0,0,0,2,0,0,2
83048307,2013-08-14,Quarta,18:30:00,RN,101,102.8,PARNAMIRIM,Não guardar distância de segurança,Colisão lateral,Com Vítimas Feridas,Plena noite,Crescente,Ceu Claro,Múltipla,Reta,Urbano,2013,2,0,1,0,1,0,1,2
83048438,2013-08-14,Quarta,07:30:00,RN,304,43.1,MOSSORO,Falta de atenção,Colisão Transversal,Sem Vítimas,Pleno dia,Crescente,Ceu Claro,Simples,Reta,Urbano,2013,2,0,0,0,2,0,0,2
83048510,2013-08-14,Quarta,06:21:00,RN,110,46.9,MOSSORO,Falta de atenção,Colisão com bicicleta,Com Vítimas Feridas,Pleno dia,Crescente,Ceu Claro,Simples,Cruzamento,Urbano,2013,2,0,0,1,1,0,1,2
83048600,2013-08-11,Domingo,17:35:00,RN,101,106.9,PARNAMIRIM,Falta de atenção,Colisão lateral,Sem Vítimas,Plena noite,Decrescente,Ceu Claro,Dupla,Reta,Urbano,2013,2,0,0,0,2,0,0,2
83048620,2013-08-12,Segunda,12:30:00,RN,101,99.7,NATAL,Falta de atenção,Colisão traseira,Com Vítimas Feridas,Pleno dia,Crescente,Sol,Dupla,Reta,Urbano,2013,3,0,1,0,2,0,1,2
83048766,2013-08-15,Quinta,14:30:00,RN,427,107.3,CAICO,Outras,Capotamento,Com Vítimas Fatais,Pleno dia,Crescente,Ceu Claro,Simples,Reta,Rural,2013,1,1,0,0,0,0,0,1
83048770,2013-08-15,Quinta,17:40:00,RN,304,39.0,MOSSORO,Falta de atenção,Colisão traseira,Com Vítimas Feridas,Pleno dia,Crescente,Sol,Dupla,Curva,Urbano,2013,2,0,2,0,0,0,2,2
83048784,2013-08-15,Quinta,15:50:00,RN,226,175.1,CURRAIS NOVOS,Falta de atenção,Colisão frontal,Com Vítimas Feridas,Pleno dia,Decrescente,Ceu Claro,Simples,Reta,Urbano,2013,4,0,3,1,0,0,4,2
83048855,2013-08-15,Quinta,08:10:00,RN,101,99.9,NATAL,Falta de atenção,Colisão traseira,Sem Vítimas,Pleno dia,Decrescente,Ceu Claro,Múltipla,Reta,Urbano,2013,2,0,0,0,2,0,0,2
83048867,2013-08-12,Segunda,17:10:00,RN,304,40.8,MOSSORO,Falta de atenção,Colisão traseira,Sem Vítimas,Anoitecer,Decrescente,Ceu Claro,Dupla,Reta,Urbano,2013,2,0,0,0,2,0,0,2
83048890,2013-08-15,Quinta,20:00:00,RN,406,150.0,CEARA-MIRIM,Outras,Colisão frontal,Com Vítimas Feridas,Plena noite,Crescente,Ceu Claro,Simples,Reta,Urbano,2013,3,0,1,1,1,0,2,2
83048954,2013-08-15,Quinta,14:45:00,RN,304,136.2,ANGICOS,Defeito mecânico em veículo,Incêndio,Sem Vítimas,Pleno dia,Crescente,Sol,Simples,Reta,Rural,2013,1,0,0,0,1,0,0,1
83048957,2013-08-15,Quinta,17:30:00,RN,226,2.3,NATAL,Outras,Colisão traseira,Sem Vítimas,Anoitecer,Crescente,Ceu Claro,Simples,Reta,Urbano,2013,4,0,0,0,3,1,0,3
83048976,2013-08-16,Sexta,00:10:00,RN,226,177.1,CURRAIS NOVOS,Ingestão de álcool,Colisão Transversal,Com Vítimas Feridas,Plena noite,Crescente,Ceu Claro,Dupla,Reta,Urbano,2013,3,0,0,1,2,0,1,2
83049122,2013-08-12,Segunda,11:13:00,RN,406,103.1,JOAO CAMARA,Falta de atenção,Colisão Transversal,Com Vítimas Feridas,Pleno dia,Decrescente,Ceu Claro,Simples,Reta,Urbano,2013,2,0,1,0,1,0,1,2
83049166,2013-08-16,Sexta,10:45:00,RN,101,116.3,SAO JOSE DE MIPIBU,Falta de atenção,Colisão lateral,Sem Vítimas,Pleno dia,Crescente,Ceu Claro,Dupla,Reta,Urbano,2013,2,0,0,0,2,0,0,2
83049256,2013-08-14,Quarta,07:15:00,RN,304,259.8,SANTA MARIA,Falta de atenção,Atropelamento de pessoa,Com Vítimas Fatais,Pleno dia,Decrescente,Ceu Claro,Simples,Reta,Urbano,2013,2,1,0,0,1,0,0,1
83049410,2013-08-16,Sexta,18:15:00,RN,406,154.5,CEARA-MIRIM,Não guardar distância de segurança,Colisão traseira,Sem Vítimas,Plena noite,Decrescente,Ceu Claro,Simples,Reta,Urbano,2013,2,0,0,0,2,0,0,2
83049415,2013-08-15,Quinta,18:40:00,RN,304,46.0,MOSSORO,Falta de atenção,Colisão traseira,Sem Vítimas,Anoitecer,Crescente,Ceu Claro,Simples,Cruzamento,Urbano,2013,2,0,0,0,2,0,0,2
83049429,2013-08-16,Sexta,18:00:00,RN,304,176.8,ANGICOS,Outras,Atropelamento de animal,Sem Vítimas,Anoitecer,Decrescente,Ceu Claro,Simples,Reta,Rural,2013,1,0,0,0,1,0,0,1
83049456,2013-08-16,Sexta,19:15:00,RN,101,106.0,PARNAMIRIM,Falta de atenção,Colisão lateral,Sem Vítimas,Plena noite,Decrescente,Ceu Claro,Dupla,Reta,Urbano,2013,2,0,0,0,2,0,0,2
83049497,2013-08-16,Sexta,20:30:00,RN,304,36.5,MOSSORO,Falta de atenção,Queda de motocicleta / bicicleta / veículo,Com Vítimas Feridas,Plena noite,Decrescente,Ceu Claro,Dupla,Reta,Urbano,2013,1,0,1,0,0,0,1,1
83049498,2013-08-16,Sexta,18:03:00,RN,101,81.8,SAO GONCALO DO AMARANTE,Não guardar distância de segurança,Colisão traseira,Com Vítimas Feridas,Plena noite,Decrescente,Vento,Dupla,Reta,Urbano,2013,4,0,1,0,3,0,1,3
83049576,2013-08-16,Sexta,06:00:00,RN,101,101.9,PARNAMIRIM,Falta de atenção,Colisão traseira,Sem Vítimas,Pleno dia,Decrescente,Ceu Claro,Dupla,Reta,Urbano,2013,2,0,0,0,2,0,0,2
83049582,2013-08-16,Sexta,19:50:00,RN,101,94.4,NATAL,Falta de atenção,Colisão traseira,Sem Vítimas,Pleno dia,Crescente,Ceu Claro,Dupla,Cruzamento,Urbano,2013,2,0,0,0,2,0,0,2
83049613,2013-08-16,Sexta,13:30:00,RN,101,130.0,SAO JOSE DE MIPIBU,Falta de atenção,Colisão lateral,Sem Vítimas,Pleno dia,Crescente,Sol,Dupla,Reta,Rural,2013,2,0,0,0,2,0,0,2
83049669,2013-08-13,Terça,08:20:00,RN,101,103.7,PARNAMIRIM,Falta de atenção,Atropelamento de pessoa,Sem Vítimas,Plena noite,Decrescente,Ceu Claro,Dupla,Reta,Urbano,2013,2,0,0,0,2,0,0,1
83049789,2013-08-15,Quinta,18:30:00,RN,101,94.4,NATAL,Não guardar distância de segurança,Colisão lateral,Sem Vítimas,Plena noite,Crescente,Ceu Claro,Dupla,Reta,Urbano,2013,2,0,0,0,2,0,0,2
83049806,2013-08-17,Sábado,09:00:00,RN,406,165.0,SAO GONCALO DO AMARANTE,Falta de atenção,Colisão traseira,Sem Vítimas,Pleno dia,Crescente,Ceu Claro,Simples,Reta,Rural,2013,2,0,0,0,2,0,0,2
83049811,2013-08-17,Sábado,03:50:00,RN,304,47.0,MOSSORO,Velocidade incompatível,Colisão com objeto fixo,Com Vítimas Feridas,Plena noite,Decrescente,Ceu Claro,Dupla,Reta,Urbano,2013,1,0,0,1,0,0,1,1
83049848,2013-08-14,Quarta,22:40:00,RN,304,46.2,MOSSORO,Animais na Pista,Atropelamento de animal,Com Vítimas Feridas,Plena noite,Crescente,Ceu Claro,Dupla,Reta,Urbano,2013,2,0,1,0,1,0,1,1
83049890,2013-08-17,Sábado,12:30:00,RN,304,191.0,LAJES,Dormindo,Colisão frontal,Sem Vítimas,Pleno dia,Decrescente,Ceu Claro,Simples,Reta,Urbano,2013,2,0,0,0,2,0,0,2
83049994,2013-08-14,Quarta,17:15:00,RN,110,48.5,MOSSORO,Falta de atenção,Colisão lateral,Sem Vítimas,Plena noite,Crescente,Ceu Claro,Simples,Reta,Urbano,2013,2,0,0,0,2,0,0,2
83049995,2013-08-09,Sexta,15:00:00,RN,406,113.0,JOAO CAMARA,Outras,Tombamento,Sem Vítimas,Pleno dia,Decrescente,Ceu Claro,Simples,Reta,Urbano,2013,1,0,0,0,1,0,0,1
83050055,2013-08-17,Sábado,19:30:00,RN,304,34.0,MOSSORO,Outras,Saída de Pista,Ignorado,Plena noite,Crescente,Ceu Claro,Dupla,Reta,Urbano,2013,1,0,0,0,0,1,0,1
83050058,2013-08-13,Terça,17:50:00,RN,101,102.5,NATAL,Não guardar distância de segurança,Colisão lateral,Sem Vítimas,Anoitecer,Decrescente,Ceu Claro,Dupla,Reta,Urbano,2013,2,0,0,0,2,0,0,2
83050089,2013-08-18,Domingo,02:15:00,RN,304,35.8,MOSSORO,Falta de atenção,Colisão com objeto fixo,Com Vítimas Feridas,Plena noite,Decrescente,Ceu Claro,Dupla,Reta,Urbano,2013,1,0,1,0,0,0,1,1
83050124,2013-08-17,Sábado,22:00:00,RN,427,96.5,CAICO,Ingestão de álcool,Colisão frontal,Com Vítimas Feridas,Plena noite,Decrescente,Ceu Claro,Simples,Curva,Urbano,2013,2,0,0,1,1,0,1,2
83050126,2013-08-18,Domingo,03:20:00,RN,101,79.6,NATAL,Outras,Colisão Transversal,Com Vítimas Feridas,Plena noite,Decrescente,Nublado,Dupla,Reta,Urbano,2013,2,0,0,1,1,0,1,2
83050158,2013-08-18,Domingo,03:00:00,RN,101,146.0,GOIANINHA,Outras,Saída de Pista,Com Vítimas Feridas,Plena noite,Crescente,Chuva,Dupla,Reta,Urbano,2013,2,0,0,2,0,0,2,1
83050369,2013-08-18,Domingo,10:15:00,RN,226,0.4,NATAL,Outras,Colisão frontal,Com Vítimas Fatais,Pleno dia,Decrescente,Ceu Claro,Simples,Curva,Urbano,2013,2,1,0,0,1,0,0,2
83050439,2013-08-18,Domingo,19:00:00,RN,101,82.0,SAO GONCALO DO AMARANTE,Não guardar distância de segurança,Colisão traseira,Sem Vítimas,Pleno dia,Crescente,Chuva,Dupla,Reta,Urbano,2013,2,0,0,0,2,0,0,2
83050466,2013-08-18,Domingo,16:15:00,RN,427,97.8,CAICO,Ingestão de álcool,Colisão lateral,Com Vítimas Feridas,Pleno dia,Crescente,Nublado,Simples,Reta,Urbano,2013,3,0,2,0,1,0,2,2
83050483,2013-08-18,Domingo,16:30:00,RN,101,82.9,SAO GONCALO DO AMARANTE,Desobediência à sinalização,Colisão lateral,Com Vítimas Feridas,Pleno dia,Crescente,Ceu Claro,Simples,Cruzamento,Urbano,2013,2,0,1,0,1,0,1,2
83050494,2013-08-14,Quarta,15:30:00,RN,226,2.0,NATAL,Falta de atenção,Colisão traseira,Sem Vítimas,Pleno dia,Decrescente,Chuva,Dupla,Reta,Urbano,2013,2,0,0,0,2,0,0,2
83050509,2013-08-18,Domingo,16:15:00,RN,110,2.5,AREIA BRANCA,Ingestão de álcool,Colisão Transversal,Com Vítimas Feridas,Pleno dia,Crescente,Ceu Claro,Simples,Reta,Urbano,2013,2,0,1,0,0,1,1,2
83050527,2013-08-18,Domingo,18:00:00,RN,101,130.5,SAO JOSE DE MIPIBU,Falta de atenção,Colisão com objeto fixo,Com Vítimas Feridas,Plena noite,Decrescente,Chuva,Dupla,Curva,Rural,2013,3,0,2,0,1,0,2,1
83050631,2013-08-19,Segunda,02:30:00,RN,304,35.2,MOSSORO,Ingestão de álcool,Colisão com objeto fixo,Com Vítimas Fatais,Plena noite,Decrescente,Ceu Claro,Simples,Curva,Urbano,2013,2,1,1,0,0,0,1,1
83050648,2013-08-18,Domingo,16:40:00,RN,304,295.7,MACAIBA,Não guardar distância de segurança,Colisão traseira,Sem Vítimas,Pleno dia,Crescente,Chuva,Simples,Reta,Rural,2013,2,0,0,0,2,0,0,2
83050700,2013-08-19,Segunda,06:20:00,RN,101,106.0,PARNAMIRIM,Falta de atenção,Colisão lateral,Sem Vítimas,Pleno dia,Decrescente,Ceu Claro,Dupla,Reta,Urbano,2013,2,0,0,0,2,0,0,2
83050740,2013-08-19,Segunda,09:20:00,RN,101,94.2,NATAL,Falta de atenção,Colisão traseira,Com Vítimas Feridas,Pleno dia,Decrescente,Ceu Claro,Múltipla,Reta,Urbano,2013,2,0,1,0,1,0,1,2
83050763,2013-08-10,Sábado,19:55:00,RN,101,99.5,NATAL,Não guardar distância de segurança,Colisão traseira,Sem Vítimas,Plena noite,Decrescente,Ceu Claro,Dupla,Reta,Urbano,2013,2,0,0,0,2,0,0,2
83050843,2013-08-19,Segunda,12:05:00,RN,101,121.0,SAO JOSE DE MIPIBU,Outras,Saída de Pista,Com Vítimas Feridas,Pleno dia,Crescente,Sol,Dupla,Reta,Rural,2013,1,0,1,0,0,0,1,1
83050881,2013-08-19,Segunda,07:00:00,RN,226,68.1,SERRA CAIADA,Outras,Colisão lateral,Sem Vítimas,Pleno dia,Crescente,Sol,Simples,Cruzamento,Rural,2013,2,0,0,0,2,0,0,2
83050891,2013-08-17,Sábado,04:25:00,RN,101,111.8,PARNAMIRIM,Animais na Pista,Atropelamento de animal,Sem Vítimas,Amanhecer,Crescente,Ceu Claro,Dupla,Reta,Rural,2013,1,0,0,0,1,0,0,1
83050931,2013-08-17,Sábado,03:10:00,RN,304,32.5,MOSSORO,Ingestão de álcool,Colisão Transversal,Com Vítimas Feridas,Plena noite,Crescente,Ceu Claro,Simples,Reta,Urbano,2013,3,0,1,0,2,0,1,2
83050944,2013-08-19,Segunda,16:20:00,RN,101,108.7,PARNAMIRIM,Não guardar distância de segurança,Colisão lateral,Sem Vítimas,Pleno dia,Crescente,Ceu Claro,Dupla,Reta,Urbano,2013,2,0,0,0,2,0,0,2
83051022,2013-08-15,Quinta,08:15:00,RN,101,84.9,SAO GONCALO DO AMARANTE,Falta de atenção,Colisão lateral,Sem Vítimas,Pleno dia,Crescente,Ceu Claro,Dupla,Reta,Urbano,2013,2,0,0,0,2,0,0,2
83051024,2013-08-19,Segunda,17:25:00,RN,226,177.4,CURRAIS NOVOS,Defeito mecânico em veículo,Colisão lateral,Sem Vítimas,Anoitecer,Decrescente,Ceu Claro,Dupla,Cruzamento,Urbano,2013,2,0,0,0,2,0,0,2
83051042,2013-08-19,Segunda,14:30:00,RN,101,99.9,PARNAMIRIM,Falta de atenção,Colisão traseira,Sem Vítimas,Pleno dia,Decrescente,Sol,Dupla,Reta,Urbano,2013,2,0,0,0,2,0,0,2
83051071,2013-08-17,Sábado,18:30:00,RN,101,115.0,SAO JOSE DE MIPIBU,Outras,Tombamento,Com Vítimas Feridas,Plena noite,Crescente,Ceu Claro,Dupla,Reta,Urbano,2013,1,0,1,0,0,0,1,1
83051074,2013-08-19,Segunda,14:20:00,RN,101,80.0,NATAL,Outras,Colisão Transversal,Com Vítimas Feridas,Pleno dia,Decrescente,Ceu Claro,Dupla,Cruzamento,Urbano,2013,2,0,1,0,1,0,1,2
83051094,2013-08-19,Segunda,07:35:00,RN,406,126.0,POCO BRANCO,Falta de atenção,Colisão frontal,Com Vítimas Feridas,Pleno dia,Crescente,Ceu Claro,Simples,Curva,Rural,2013,4,0,1,0,3,0,1,3
83051135,2013-08-09,Sexta,13:15:00,RN,101,101.3,PARNAMIRIM,Falta de atenção,Colisão traseira,Sem Vítimas,Pleno dia,Crescente,Nublado,Múltipla,Cruzamento,Urbano,2013,2,0,0,0,2,0,0,2
83051218,2013-08-20,Terça,03:00:00,RN,226,90.5,TANGARA,Animais na Pista,Atropelamento de animal,Sem Vítimas,Plena noite,Decrescente,Ceu Claro,Simples,Curva,Rural,2013,2,0,0,0,2,0,0,2
83051317,2013-08-06,Terça,18:30:00,RN,406,103.8,JOAO CAMARA,Falta de atenção,Colisão lateral,Com Vítimas Feridas,Plena noite,Decrescente,Ceu Claro,Simples,Reta,Urbano,2013,2,0,1,0,1,0,1,2
83051321,2013-08-18,Domingo,04:30:00,RN,101,78.6,NATAL,Outras,Atropelamento de pessoa,Com Vítimas Feridas,Pleno dia,Decrescente,Ceu Claro,Dupla,Reta,Rural,2013,2,0,0,1,0,1,1,1
83051364,2013-08-18,Domingo,18:30:00,RN,226,68.3,SERRA CAIADA,Ultrapassagem indevida,Colisão frontal,Com Vítimas Fatais,Plena noite,Crescente,Chuva,Simples,Reta,Rural,2013,2,1,0,0,1,0,0,2
83051399,2013-08-20,Terça,12:00:00,RN,101,106.8,PARNAMIRIM,Não guardar distância de segurança,Colisão lateral,Sem Vítimas,Pleno dia,Decrescente,Ceu Claro,Dupla,Cruzamento,Urbano,2013,2,0,0,0,2,0,0,2
83051523,2013-08-20,Terça,14:00:00,RN,101,94.0,NATAL,Não guardar distância de segurança,Colisão traseira,Sem Vítimas,Pleno dia,Decrescente,Ceu Claro,Dupla,Curva,Urbano,2013,2,0,0,0,2,0,0,2
83051537,2013-08-20,Terça,15:00:00,RN,101,104.0,PARNAMIRIM,Outras,Colisão lateral,Sem Vítimas,Pleno dia,Decrescente,Ceu Claro,Dupla,Cruzamento,Urbano,2013,2,0,0,0,2,0,0,2
83051551,2013-08-20,Terça,15:30:00,RN,101,96.5,NATAL,Outras,Colisão lateral,Sem Vítimas,Pleno dia,Crescente,Ceu Claro,Dupla,Reta,Urbano,2013,2,0,0,0,2,0,0,2
83051558,2013-08-20,Terça,16:30:00,RN,101,96.0,NATAL,Falta de atenção,Colisão lateral,Sem Vítimas,Pleno dia,Decrescente,Ceu Claro,Dupla,Cruzamento,Urbano,2013,2,0,0,0,2,0,0,2
83051584,2013-08-19,Segunda,07:50:00,RN,304,44.9,MOSSORO,Falta de atenção,Colisão traseira,Sem Vítimas,Pleno dia,Crescente,Ceu Claro,Dupla,Reta,Rural,2013,2,0,0,0,2,0,0,2
83051702,2013-08-20,Terça,18:30:00,RN,110,59.6,MOSSORO,Animais na Pista,Atropelamento de animal,Com Vítimas Feridas,Plena noite,Crescente,Ceu Claro,Simples,Reta,Rural,2013,2,0,0,2,0,0,2,1
83051807,2013-08-17,Sábado,15:15:00,RN,101,98.0,NATAL,Outras,Colisão traseira,Sem Vítimas,Pleno dia,Crescente,Ceu Claro,Dupla,Reta,Urbano,2013,3,0,0,0,3,0,0,3
83051809,2013-08-21,Quarta,06:45:00,RN,101,125.0,SAO JOSE DE MIPIBU,Falta de atenção,Colisão lateral,Com Vítimas Feridas,Pleno dia,Crescente,Ceu Claro,Dupla,Cruzamento,Urbano,2013,3,0,3,0,0,0,3,2
83051817,2013-08-18,Domingo,23:20:00,RN,110,48.0,MOSSORO,Velocidade incompatível,Colisão com objeto fixo,Sem Vítimas,Plena noite,Decrescente,Ceu Claro,Dupla,Reta,Urbano,2013,2,0,0,0,2,0,0,1
83051841,2013-08-17,Sábado,10:20:00,RN,304,36.1,MOSSORO,Ingestão de álcool,Saída de Pista,Com Vítimas Feridas,Pleno dia,Decrescente,Ceu Claro,Dupla,Cruzamento,Urbano,2013,1,0,1,0,0,0,1,1
83051863,2013-08-21,Quarta,08:45:00,RN,304,252.1,SANTA MARIA,Falta de atenção,Colisão traseira,Sem Vítimas,Pleno dia,Decrescente,Ceu Claro,Simples,Reta,Rural,2013,2,0,0,0,2,0,0,2
83051937,2013-08-17,Sábado,20:15:00,RN,304,302.2,MACAIBA,Ingestão de álcool,Colisão traseira,Com Vítimas Feridas,Plena noite,Crescente,Ceu Claro,Dupla,Reta,Urbano,2013,3,0,0,2,1,0,2,2
83051960,2013-08-18,Domingo,15:40:00,RN,304,271.5,SANTA MARIA,Animais na Pista,Capotamento,Com Vítimas Feridas,Pleno dia,Decrescente,Chuva,Simples,Reta,Rural,2013,3,0,1,1,1,0,2,1
83051963,2013-08-21,Quarta,10:15:00,RN,304,33.0,MOSSORO,Falta de atenção,Colisão lateral,Sem Vítimas,Pleno dia,Decrescente,Sol,Simples,Curva,Urbano,2013,2,0,0,0,2,0,0,2
83051995,2013-08-18,Domingo,04:40:00,RN,304,305.8,PARNAMIRIM,Ingestão de álcool,Queda de motocicleta / bicicleta / veículo,Com Vítimas Feridas,Amanhecer,Crescente,Ceu Claro,Dupla,Reta,Rural,2013,2,0,0,2,0,0,2,1
83052039,2013-08-21,Quarta,10:30:00,RN,304,269.0,SAO PEDRO,Defeito mecânico em veículo,Colisão traseira,Sem Vítimas,Pleno dia,Decrescente,Ceu Claro,Simples,Reta,Rural,2013,2,0,0,0,2,0,0,2
83052220,2013-08-21,Quarta,22:16:00,RN,101,105.9,PARNAMIRIM,Falta de atenção,Colisão lateral,Sem Vítimas,Plena noite,Crescente,Vento,Dupla,Reta,Urbano,2013,2,0,0,0,2,0,0,2
83052281,2013-08-21,Quarta,22:05:00,RN,101,99.7,PARNAMIRIM,Não guardar distância de segurança,Colisão traseira,Sem Vítimas,Plena noite,Decrescente,Ceu Claro,Dupla,Reta,Urbano,2013,3,0,0,0,3,0,0,3
83052382,2013-08-18,Domingo,23:50:00,RN,304,65.6,MOSSORO,Animais na Pista,Atropelamento de animal,Sem Vítimas,Plena noite,Decrescente,Ceu Claro,Simples,Reta,Rural,2013,1,0,0,0,1,0,0,1
83052383,2013-08-22,Quinta,07:20:00,RN,101,98.0,NATAL,Outras,Colisão lateral,Com Vítimas Feridas,Pleno dia,Decrescente,Ceu Claro,Dupla,Reta,Urbano,2013,2,0,1,0,1,0,1,2
83052389,2013-08-22,Quinta,10:15:00,RN,101,104.0,PARNAMIRIM,Falta de atenção,Colisão lateral,Sem Vítimas,Plena noite,Decrescente,Ceu Claro,Dupla,Reta,Urbano,2013,2,0,0,0,2,0,0,2
83052425,2013-08-22,Quinta,11:55:00,RN,101,98.0,NATAL,Falta de atenção,Colisão traseira,Sem Vítimas,Pleno dia,Decrescente,Sol,Dupla,Reta,Urbano,2013,2,0,0,0,2,0,0,2
83052507,2013-08-20,Terça,05:10:00,RN,110,10.9,AREIA BRANCA,Dormindo,Saída de Pista,Sem Vítimas,Amanhecer,Decrescente,Sol,Simples,Curva,Rural,2013,1,0,0,0,1,0,0,1
83052562,2013-08-15,Quinta,15:44:00,RN,101,95.9,NATAL,Não guardar distância de segurança,Colisão traseira,Sem Vítimas,Pleno dia,Crescente,Ceu Claro,Simples,Cruzamento,Urbano,2013,2,0,0,0,2,0,0,2
83052691,2013-08-22,Quinta,12:20:00,RN,226,104.3,SANTA CRUZ,Falta de atenção,Colisão lateral,Com Vítimas Feridas,Pleno dia,Decrescente,Sol,Simples,Reta,Rural,2013,3,0,0,1,2,0,1,3
83052704,2013-08-22,Quinta,22:00:00,RN,101,96.1,NATAL,Desobediência à sinalização,Colisão Transversal,Sem Vítimas,Plena noite,Decrescente,Nublado,Dupla,Reta,Urbano,2013,2,0,0,0,2,0,0,2
83052706,2013-08-22,Quinta,22:30:00,RN,406,78.4,JOAO CAMARA,Outras,Incêndio,Sem Vítimas,Plena noite,Decrescente,Ceu Claro,Simples,Reta,Rural,2013,1,0,0,0,1,0,0,1
83052799,2013-08-15,Quinta,19:20:00,RN,101,94.8,NATAL,Não guardar distância de segurança,Colisão traseira,Sem Vítimas,Plena noite,Decrescente,Ceu Claro,Múltipla,Reta,Urbano,2013,2,0,0,0,2,0,0,2
83052897,2013-08-22,Quinta,14:30:00,RN,110,48.1,MOSSORO,Não guardar distância de segurança,Colisão lateral,Com Vítimas Feridas,Pleno dia,Decrescente,Ceu Claro,Simples,Cruzamento,Urbano,2013,4,0,1,0,2,1,1,3
83052898,2013-08-18,Domingo,14:30:00,RN,101,95.0,NATAL,Falta de atenção,Colisão traseira,Sem Vítimas,Pleno dia,Crescente,Chuva,Dupla,Curva,Urbano,2013,2,0,0,0,2,0,0,2
83052904,2013-08-23,Sexta,08:10:00,RN,226,8.0,NATAL,Outras,Colisão traseira,Sem Vítimas,Pleno dia,Crescente,Ceu Claro,Simples,Reta,Urbano,2013,2,0,0,0,1,1,0,2
83052923,2013-08-23,Sexta,07:20:00,RN,101,103.0,PARNAMIRIM,Falta de atenção,Colisão traseira,Com Vítimas Feridas,Pleno dia,Crescente,Sol,Dupla,Reta,Urbano,2013,2,0,1,0,1,0,1,2
83052946,2013-08-18,Domingo,17:00:00,RN,226,16.0,MACAIBA,Outras,Colisão Transversal,Sem Vítimas,Anoitecer,Crescente,Chuva,Simples,Cruzamento,Urbano,2013,2,0,0,0,2,0,0,2