id,data_inversa,dia_semana,horario,uf,br,km,municipio,causa_acidente,tipo_acidente,classificacao_acidente,fase_dia,sentido_via,condicao_metereologica,tipo_pista,tracado_via,uso_solo,ano,pessoas,mortos,feridos_leves,feridos_graves,ilesos,ignorados,feridos,veiculos
83053020,2013-08-23,Sexta,11:30:00,RN,406,100.0,JOAO CAMARA,Falta de atenção,Colisão Transversal,Com Vítimas Feridas,Pleno dia,Decrescente,Ceu Claro,Simples,Reta,Urbano,2013,2,0,0,1,1,0,1,2
83053091,2013-08-23,Sexta,07:55:00,RN,304,36.0,MOSSORO,Falta de atenção,Colisão lateral,Sem Vítimas,Amanhecer,Decrescente,Ceu Claro,Simples,Reta,Urbano,2013,2,0,0,0,2,0,0,2
83053116,2013-08-23,Sexta,19:05:00,RN,110,53.0,MOSSORO,Animais na Pista,Atropelamento de animal,Sem Vítimas,Plena noite,Decrescente,Ceu Claro,Simples,Reta,Rural,2013,1,0,0,0,1,0,0,1
83053212,2013-08-23,Sexta,21:30:00,RN,101,97.0,NATAL,Falta de atenção,Colisão traseira,Sem Vítimas,Plena noite,Decrescente,Ceu Claro,Dupla,Reta,Urbano,2013,2,0,0,0,2,0,0,2
83053236,2013-08-23,Sexta,22:30:00,RN,405,1.0,MOSSORO,Outras,Colisão Transversal,Com Vítimas Feridas,Plena noite,Decrescente,Ceu Claro,Dupla,Reta,Urbano,2013,2,0,0,1,0,1,1,2
83053247,2013-08-23,Sexta,16:00:00,RN,304,32.7,MOSSORO,Não guardar distância de segurança,Colisão traseira,Sem Vítimas,Pleno dia,Crescente,Ceu Claro,Dupla,Reta,Urbano,2013,2,0,0,0,2,0,0,2
83053269,2013-08-24,Sábado,00:40:00,RN,226,176.7,CURRAIS NOVOS,Ingestão de álcool,Colisão Transversal,Com Vítimas Feridas,Plena noite,Crescente,Ceu Claro,Dupla,Cruzamento,Urbano,2013,2,0,0,1,1,0,1,2
83053274,2013-08-23,Sexta,18:30:00,RN,110,48.0,MOSSORO,Outras,Colisão frontal,Com Vítimas Feridas,Plena noite,Crescente,Ceu Claro,Simples,Cruzamento,Urbano,2013,3,0,2,0,1,0,2,2
83053481,2013-08-24,Sábado,12:10:00,RN,304,298.7,MACAIBA,Ultrapassagem indevida,Colisão lateral,Sem Vítimas,Pleno dia,Decrescente,Sol,Dupla,Reta,Rural,2013,2,0,0,0,2,0,0,2
83053514,2013-08-21,Quarta,05:45:00,RN,101,77.3,NATAL,Falta de atenção,Colisão lateral,Com Vítimas Feridas,Pleno dia,Decrescente,Ceu Claro,Dupla,Reta,Rural,2013,2,0,1,0,0,1,1,2
83053529,2013-08-24,Sábado,11:05:00,RN,101,101.6,PARNAMIRIM,Não guardar distância de segurança,Colisão traseira,Sem Vítimas,Pleno dia,Crescente,Nublado,Múltipla,Reta,Urbano,2013,2,0,0,0,2,0,0,2
83053535,2013-08-24,Sábado,14:02:00,RN,101,83.0,NATAL,Não guardar distância de segurança,Colisão traseira,Com Vítimas Feridas,Pleno dia,Decrescente,Sol,Dupla,Reta,Urbano,2013,2,0,1,0,1,0,1,2
83053539,2013-08-24,Sábado,11:30:00,RN,101,102.1,PARNAMIRIM,Falta de atenção,Colisão traseira,Sem Vítimas,Pleno dia,Crescente,Sol,Dupla,Reta,Urbano,2013,2,0,0,0,2,0,0,2
83053541,2013-08-24,Sábado,11:45:00,RN,101,101.9,PARNAMIRIM,Não guardar distância de segurança,Colisão traseira,Sem Vítimas,Pleno dia,Crescente,Nublado,Dupla,Reta,Urbano,2013,2,0,0,0,1,1,0,2
83053655,2013-08-24,Sábado,16:10:00,RN,101,99.8,NATAL,Falta de atenção,Colisão traseira,Sem Vítimas,Pleno dia,Crescente,Sol,Dupla,Reta,Urbano,2013,2,0,0,0,2,0,0,2
83053680,2013-08-24,Sábado,20:15:00,RN,101,106.6,PARNAMIRIM,Ingestão de álcool,Atropelamento de pessoa,Com Vítimas Feridas,Plena noite,Decrescente,Ceu Claro,Dupla,Reta,Urbano,2013,2,0,1,0,1,0,1,1
83053692,2013-08-24,Sábado,13:00:00,RN,101,97.0,NATAL,Falta de atenção,Colisão traseira,Sem Vítimas,Pleno dia,Crescente,Ceu Claro,Dupla,Reta,Urbano,2013,2,0,0,0,2,0,0,2
83053695,2013-08-24,Sábado,18:00:00,RN,101,97.0,NATAL,Falta de atenção,Colisão traseira,Sem Vítimas,Pleno dia,Crescente,Ceu Claro,Dupla,Cruzamento,Urbano,2013,2,0,0,0,2,0,0,2
83053761,2013-08-08,Quinta,08:10:00,RN,304,35.0,MOSSORO,Desobediência à sinalização,Colisão Transversal,Com Vítimas Feridas,Pleno dia,Decrescente,Ceu Claro,Dupla,Cruzamento,Urbano,2013,2,0,1,0,0,1,1,2
83053804,2013-08-23,Sexta,15:13:00,RN,304,34.1,MOSSORO,Outras,Colisão lateral,Sem Vítimas,Pleno dia,Crescente,Sol,Simples,Reta,Urbano,2013,2,0,0,0,2,0,0,2
83053805,2013-08-21,Quarta,15:50:00,RN,304,272.5,SAO PEDRO,Não guardar distância de segurança,Colisão traseira,Sem Vítimas,Pleno dia,Crescente,Ceu Claro,Simples,Reta,Rural,2013,2,0,0,0,2,0,0,2
83053817,2013-08-24,Sábado,22:00:00,RN,304,47.5,MOSSORO,Falta de atenção,Colisão Transversal,Sem Vítimas,Plena noite,Decrescente,Ceu Claro,Simples,Reta,Urbano,2013,2,0,0,0,1,1,0,2
83053859,2013-08-23,Sexta,17:50:00,RN,101,111.0,PARNAMIRIM,Outras,Colisão traseira,Com Vítimas Feridas,Anoitecer,Decrescente,Ceu Claro,Dupla,Reta,Urbano,2013,2,0,1,0,1,0,1,2
83053872,2013-08-21,Quarta,20:30:00,RN,101,99.9,PARNAMIRIM,Outras,Colisão traseira,Com Vítimas Feridas,Plena noite,Decrescente,Ceu Claro,Dupla,Reta,Urbano,2013,2,0,0,1,1,0,1,2
83054066,2013-08-10,Sábado,20:45:00,RN,101,106.0,PARNAMIRIM,Falta de atenção,Atropelamento de pessoa,Com Vítimas Feridas,Plena noite,Decrescente,Ceu Claro,Dupla,Reta,Urbano,2013,2,0,0,1,1,0,1,1
83054104,2013-08-25,Domingo,19:30:00,RN,226,5.8,MACAIBA,Outras,Colisão com objeto fixo,Com Vítimas Feridas,Plena noite,Decrescente,Vento,Simples,Curva,Urbano,2013,2,0,1,0,0,1,1,1
83054115,2013-08-25,Domingo,19:15:00,RN,406,166.0,NATAL,Ingestão de álcool,Colisão frontal,Com Vítimas Feridas,Plena noite,Decrescente,Ceu Claro,Simples,Reta,Urbano,2013,2,0,0,1,1,0,1,2
83054315,2013-08-26,Segunda,07:00:00,RN,406,169.0,SAO GONCALO DO AMARANTE,Falta de atenção,Colisão Transversal,Com Vítimas Feridas,Pleno dia,Decrescente,Ceu Claro,Simples,Reta,Urbano,2013,2,0,0,1,1,0,1,2
83054325,2013-08-26,Segunda,06:50:00,RN,101,99.9,PARNAMIRIM,Outras,Colisão lateral,Sem Vítimas,Pleno dia,Crescente,Nublado,Dupla,Cruzamento,Urbano,2013,2,0,0,0,2,0,0,2
83054560,2013-08-26,Segunda,07:35:00,RN,101,99.3,NATAL,Falta de atenção,Colisão lateral,Sem Vítimas,Pleno dia,Decrescente,Ceu Claro,Dupla,Reta,Urbano,2013,2,0,0,0,1,1,0,2
83054623,2013-08-26,Segunda,15:25:00,RN,110,47.1,MOSSORO,Não guardar distância de segurança,Colisão traseira,Sem Vítimas,Pleno dia,Decrescente,Sol,Simples,Reta,Urbano,2013,3,0,0,0,3,0,0,3
83054624,2013-08-26,Segunda,10:20:00,RN,110,50.0,MOSSORO,Não guardar distância de segurança,Colisão traseira,Com Vítimas Feridas,Pleno dia,Crescente,Ceu Claro,Dupla,Reta,Urbano,2013,2,0,1,0,1,0,1,2
83054653,2013-08-26,Segunda,10:50:00,RN,110,35.5,MOSSORO,Falta de atenção,Saída de Pista,Sem Vítimas,Pleno dia,Decrescente,Ceu Claro,Simples,Reta,Rural,2013,2,0,0,0,2,0,0,2
83054768,2013-08-27,Terça,00:45:00,RN,304,80.3,MOSSORO,Outras,Saída de Pista,Sem Vítimas,Plena noite,Crescente,Ceu Claro,Simples,Reta,Rural,2013,2,0,0,0,2,0,0,2
83054817,2013-08-23,Sexta,20:20:00,RN,226,1.2,NATAL,Falta de atenção,Colisão lateral,Com Vítimas Feridas,Plena noite,Crescente,Ceu Claro,Dupla,Reta,Urbano,2013,2,0,1,0,1,0,1,2
83054891,2013-08-27,Terça,07:00:00,RN,101,95.3,NATAL,Outras,Colisão frontal,Com Vítimas Feridas,Pleno dia,Crescente,Ceu Claro,Simples,Cruzamento,Urbano,2013,2,0,0,1,1,0,1,2
83054892,2013-08-27,Terça,08:35:00,RN,101,98.4,NATAL,Não guardar distância de segurança,Colisão traseira,Sem Vítimas,Pleno dia,Decrescente,Ceu Claro,Dupla,Reta,Urbano,2013,2,0,0,0,2,0,0,2
83054897,2013-08-22,Quinta,22:50:00,RN,304,224.0,CAICARA DO RIO DO VENTO,Outras,Derramamento de Carga,Sem Vítimas,Plena noite,Decrescente,Ceu Claro,Simples,Reta,Rural,2013,1,0,0,0,1,0,0,1
83054978,2013-04-02,Terça,18:40:00,RN,304,36.5,MOSSORO,Falta de atenção,Queda de motocicleta / bicicleta / veículo,Com Vítimas Feridas,Plena noite,Crescente,Ceu Claro,Simples,Reta,Urbano,2013,1,0,1,0,0,0,1,1
83054997,2013-08-23,Sexta,14:40:00,RN,304,34.1,MOSSORO,Outras,Derramamento de Carga,Sem Vítimas,Pleno dia,Crescente,Sol,Simples,Curva,Urbano,2013,1,0,0,0,1,0,0,1
83055005,2013-08-24,Sábado,18:05:00,RN,304,48.0,MOSSORO,Falta de atenção,Queda de motocicleta / bicicleta / veículo,Com Vítimas Feridas,Plena noite,Decrescente,Ceu Claro,Simples,Reta,Urbano,2013,2,0,2,0,0,0,2,1
83055021,2013-08-27,Terça,08:00:00,RN,101,100.0,PARNAMIRIM,Não guardar distância de segurança,Colisão lateral,Com Vítimas Feridas,Pleno dia,Crescente,Ceu Claro,Dupla,Reta,Urbano,2013,2,0,1,0,1,0,1,2
83055034,2013-08-27,Terça,09:30:00,RN,101,108.6,PARNAMIRIM,Outras,Colisão Transversal,Com Vítimas Feridas,Pleno dia,Decrescente,Ceu Claro,Dupla,Curva,Urbano,2013,2,0,1,0,1,0,1,2
83055059,2013-08-27,Terça,13:40:00,RN,101,85.0,SAO GONCALO DO AMARANTE,Não guardar distância de segurança,Colisão Transversal,Sem Vítimas,Pleno dia,Crescente,Ceu Claro,Dupla,Reta,Urbano,2013,2,0,0,0,2,0,0,2
83055106,2013-08-27,Terça,16:00:00,RN,101,106.0,PARNAMIRIM,Defeito mecânico em veículo,Colisão traseira,Sem Vítimas,Pleno dia,Decrescente,Ceu Claro,Dupla,Cruzamento,Urbano,2013,2,0,0,0,2,0,0,2
83055160,2013-08-27,Terça,12:30:00,RN,101,106.0,PARNAMIRIM,Outras,Colisão lateral,Com Vítimas Feridas,Pleno dia,Crescente,Ceu Claro,Simples,Reta,Urbano,2013,2,0,1,0,0,1,1,2
83055216,2013-08-27,Terça,05:20:00,RN,304,118.7,ASSU,Outras,Saída de Pista,Sem Vítimas,Amanhecer,Crescente,Ceu Claro,Simples,Reta,Rural,2013,1,0,0,0,1,0,0,1
83055220,2013-08-27,Terça,18:30:00,RN,101,138.3,GOIANINHA,Dormindo,Saída de Pista,Sem Vítimas,Plena noite,Crescente,Ceu Claro,Dupla,Reta,Rural,2013,1,0,0,0,1,0,0,1
83055285,2013-08-23,Sexta,11:50:00,RN,304,43.0,MOSSORO,Falta de atenção,Colisão Transversal,Sem Vítimas,Pleno dia,Decrescente,Ceu Claro,Simples,Cruzamento,Urbano,2013,6,0,0,0,6,0,0,2
83055328,2013-08-23,Sexta,22:40:00,RN,406,7.0,MACAU,Falta de atenção,Colisão Transversal,Com Vítimas Fatais,Plena noite,Decrescente,Ceu Claro,Simples,Reta,Rural,2013,3,2,0,0,1,0,0,2
83055388,2013-08-24,Sábado,15:25:00,RN,226,81.2,TANGARA,Outras,Colisão frontal,Com Vítimas Fatais,Pleno dia,Crescente,Sol,Simples,Reta,Rural,2013,2,1,0,0,1,0,0,2
83055548,2013-08-28,Quarta,11:30:00,RN,101,104.4,PARNAMIRIM,Falta de atenção,Colisão lateral,Sem Vítimas,Pleno dia,Decrescente,Sol,Dupla,Curva,Urbano,2013,2,0,0,0,2,0,0,2
83055669,2013-08-28,Quarta,18:15:00,RN,101,95.3,NATAL,Falta de atenção,Colisão Transversal,Sem Vítimas,Plena noite,Crescente,Ceu Claro,Dupla,Cruzamento,Urbano,2013,2,0,0,0,2,0,0,2
83055692,2013-08-28,Quarta,07:15:00,RN,101,106.8,PARNAMIRIM,Falta de atenção,Colisão traseira,Sem Vítimas,Pleno dia,Decrescente,Nublado,Dupla,Reta,Urbano,2013,4,0,0,0,3,1,0,4
83055730,2013-08-28,Quarta,07:40:00,RN,101,106.0,PARNAMIRIM,Desobediência à sinalização,Colisão Transversal,Sem Vítimas,Pleno dia,Decrescente,Sol,Dupla,Reta,Urbano,2013,2,0,0,0,2,0,0,2
83055754,2013-08-28,Quarta,18:30:00,RN,406,106.7,JOAO CAMARA,Não guardar distância de segurança,Colisão traseira,Com Vítimas Fatais,Plena noite,Crescente,Ceu Claro,Simples,Reta,Rural,2013,2,1,0,0,1,0,0,2
83055803,2013-08-25,Domingo,03:58:00,RN,101,83.0,NATAL,Falta de atenção,Colisão com objeto fixo,Ignorado,Plena noite,Decrescente,Ceu Claro,Dupla,Reta,Urbano,2013,1,0,0,0,0,1,0,1
83055920,2013-08-29,Quinta,07:50:00,RN,101,98.9,NATAL,Outras,Colisão lateral,Com Vítimas Feridas,Pleno dia,Decrescente,Chuva,Múltipla,Reta,Urbano,2013,3,0,1,0,2,0,1,3
83055939,2013-08-29,Quinta,06:50:00,RN,101,106.5,PARNAMIRIM,Não guardar distância de segurança,Colisão traseira,Sem Vítimas,Pleno dia,Decrescente,Chuva,Dupla,Reta,Urbano,2013,3,0,0,0,3,0,0,3
83055958,2013-08-29,Quinta,07:30:00,RN,101,97.3,NATAL,Falta de atenção,Colisão lateral,Sem Vítimas,Pleno dia,Decrescente,Chuva,Dupla,Reta,Urbano,2013,2,0,0,0,2,0,0,2
83056004,2013-08-27,Terça,04:30:00,RN,304,212.5,CAICARA DO RIO DO VENTO,Dormindo,Colisão traseira,Com Vítimas Feridas,Amanhecer,Crescente,Ceu Claro,Simples,Reta,Rural,2013,3,0,2,0,1,0,2,2
83056078,2013-08-28,Quarta,07:10:00,RN,226,126.3,LAJES PINTADAS,Defeito mecânico em veículo,Tombamento,Sem Vítimas,Pleno dia,Decrescente,Ceu Claro,Simples,Reta,Rural,2013,1,0,0,0,1,0,0,1
83056088,2013-08-29,Quinta,14:00:00,RN,101,96.0,NATAL,Não guardar distância de segurança,Colisão traseira,Sem Vítimas,Pleno dia,Decrescente,Chuva,Dupla,Reta,Urbano,2013,2,0,0,0,2,0,0,2
83056163,2013-08-29,Quinta,07:01:00,RN,304,47.6,MOSSORO,Não guardar distância de segurança,Colisão traseira,Com Vítimas Feridas,Pleno dia,Crescente,Nublado,Simples,Cruzamento,Urbano,2013,2,0,1,0,1,0,1,2
83056169,2013-08-29,Quinta,11:05:00,RN,101,137.1,ARES,Outras,Capotamento,Com Vítimas Feridas,Pleno dia,Decrescente,Chuva,Dupla,Reta,Rural,2013,5,0,2,0,3,0,2,1
83056212,2013-08-29,Quinta,13:10:00,RN,101,96.8,NATAL,Não guardar distância de segurança,Colisão traseira,Sem Vítimas,Pleno dia,Decrescente,Chuva,Dupla,Reta,Urbano,2013,2,0,0,0,2,0,0,2
83056254,2013-08-27,Terça,09:30:00,RN,101,146.9,GOIANINHA,Ultrapassagem indevida,Colisão lateral,Com Vítimas Feridas,Pleno dia,Decrescente,Sol,Dupla,Reta,Urbano,2013,2,0,0,1,1,0,1,2
83056255,2013-08-29,Quinta,00:22:00,RN,304,131.9,IPANGUACU,Falta de atenção,Colisão lateral,Sem Vítimas,Plena noite,Decrescente,Ceu Claro,Simples,Reta,Rural,2013,2,0,0,0,2,0,0,2
83056382,2013-08-29,Quinta,07:15:00,RN,304,58.3,MOSSORO,Falta de atenção,Saída de Pista,Com Vítimas Feridas,Pleno dia,Decrescente,Nublado,Simples,Reta,Rural,2013,5,0,3,1,1,0,4,1
83056383,2013-08-29,Quinta,21:00:00,RN,427,99.0,CAICO,Não guardar distância de segurança,Colisão traseira,Sem Vítimas,Plena noite,Crescente,Ceu Claro,Simples,Reta,Urbano,2013,2,0,0,0,2,0,0,2
83056389,2013-08-30,Sexta,00:05:00,RN,304,290.1,MACAIBA,Outras,Tombamento,Sem Vítimas,Plena noite,Crescente,Nublado,Simples,Reta,Rural,2013,1,0,0,0,1,0,0,1
83056668,2013-08-30,Sexta,15:30:00,RN,304,125.3,ITAJA,Ultrapassagem indevida,Colisão lateral,Com Vítimas Feridas,Pleno dia,Crescente,Chuva,Simples,Curva,Rural,2013,2,0,0,1,1,0,1,2
83056692,2013-08-30,Sexta,06:43:00,RN,101,137.6,ARES,Outras,Capotamento,Com Vítimas Feridas,Pleno dia,Crescente,Chuva,Dupla,Curva,Rural,2013,3,0,2,0,1,0,2,1
83056699,2013-08-30,Sexta,12:00:00,RN,101,99.9,NATAL,Outras,Colisão lateral,Sem Vítimas,Pleno dia,Crescente,Chuva,Dupla,Reta,Urbano,2013,2,0,0,0,2,0,0,2
83056707,2013-08-30,Sexta,13:10:00,RN,101,96.8,NATAL,Outras,Colisão lateral,Sem Vítimas,Pleno dia,Crescente,Chuva,Dupla,Reta,Urbano,2013,2,0,0,0,2,0,0,2
83056727,2013-08-30,Sexta,12:35:00,RN,101,100.1,PARNAMIRIM,Falta de atenção,Colisão traseira,Sem Vítimas,Pleno dia,Decrescente,Chuva,Dupla,Reta,Urbano,2013,2,0,0,0,2,0,0,2
83056774,2013-08-30,Sexta,18:30:00,RN,226,90.0,TANGARA,Falta de atenção,Tombamento,Sem Vítimas,Anoitecer,Crescente,Chuva,Simples,Reta,Rural,2013,1,0,0,0,1,0,0,1
83056842,2013-08-30,Sexta,20:50:00,RN,101,105.4,PARNAMIRIM,Ingestão de álcool,Colisão traseira,Com Vítimas Feridas,Plena noite,Decrescente,Chuva,Dupla,Reta,Urbano,2013,2,0,1,0,1,0,1,2
83056855,2013-08-30,Sexta,18:00:00,RN,101,107.0,PARNAMIRIM,Não guardar distância de segurança,Colisão traseira,Sem Vítimas,Plena noite,Crescente,Chuva,Dupla,Cruzamento,Urbano,2013,2,0,0,0,2,0,0,2
83056865,2013-08-30,Sexta,10:50:00,RN,304,275.9,MACAIBA,Velocidade incompatível,Capotamento,Sem Vítimas,Pleno dia,Crescente,Chuva,Simples,Reta,Rural,2013,1,0,0,0,1,0,0,1
83056875,2013-08-30,Sexta,17:50:00,RN,101,97.0,NATAL,Não guardar distância de segurança,Colisão traseira,Sem Vítimas,Anoitecer,Decrescente,Chuva,Dupla,Reta,Urbano,2013,2,0,0,0,2,0,0,2
83056897,2013-08-30,Sexta,09:15:00,RN,101,138.5,MACAIBA,Velocidade incompatível,Capotamento,Sem Vítimas,Pleno dia,Decrescente,Chuva,Dupla,Curva,Rural,2013,1,0,0,0,1,0,0,1
83056929,2013-08-30,Sexta,23:22:00,RN,226,177.4,CURRAIS NOVOS,Falta de atenção,Colisão Transversal,Sem Vítimas,Plena noite,Crescente,Nublado,Dupla,Curva,Urbano,2013,2,0,0,0,2,0,0,2
83057051,2013-08-31,Sábado,11:00:00,RN,226,126.6,LAJES PINTADAS,Velocidade incompatível,Saída de Pista,Com Vítimas Feridas,Pleno dia,Crescente,Nublado,Simples,Curva,Rural,2013,1,0,1,0,0,0,1,1
83057077,2013-04-02,Terça,18:40:00,RN,304,36.5,MOSSORO,Falta de atenção,Queda de motocicleta / bicicleta / veículo,Com Vítimas Feridas,Plena noite,Crescente,Ceu Claro,Dupla,Reta,Urbano,2013,1,0,1,0,0,0,1,1
83057096,2013-08-31,Sábado,12:15:00,RN,101,101.9,PARNAMIRIM,Outras,Danos Eventuais,Com Vítimas Feridas,Pleno dia,Decrescente,Nublado,Múltipla,Cruzamento,Urbano,2013,2,0,1,0,1,0,1,2
83057097,2013-08-31,Sábado,10:15:00,RN,101,101.4,PARNAMIRIM,Falta de atenção,Colisão traseira,Sem Vítimas,Pleno dia,Crescente,Nublado,Dupla,Reta,Urbano,2013,2,0,0,0,2,0,0,2
83057212,2013-08-31,Sábado,15:45:00,RN,101,109.8,PARNAMIRIM,Ingestão de álcool,Saída de Pista,Sem Vítimas,Pleno dia,Crescente,Chuva,Múltipla,Reta,Rural,2013,1,0,0,0,1,0,0,1
83057314,2013-08-31,Sábado,20:20:00,RN,101,113.2,SAO JOSE DE MIPIBU,Animais na Pista,Atropelamento de animal,Sem Vítimas,Plena noite,Decrescente,Nublado,Dupla,Reta,Rural,2013,1,0,0,0,1,0,0,1
83057356,2013-08-31,Sábado,18:30:00,RN,101,97.8,NATAL,Falta de atenção,Colisão traseira,Sem Vítimas,Plena noite,Decrescente,Nublado,Múltipla,Reta,Urbano,2013,2,0,0,0,1,1,0,2
83057363,2013-08-31,Sábado,21:35:00,RN,101,115.2,SAO JOSE DE MIPIBU,Ingestão de álcool,Capotamento,Ignorado,Plena noite,Decrescente,Nublado,Dupla,Reta,Rural,2013,1,0,0,0,0,1,0,1
83057448,2013-08-31,Sábado,17:30:00,RN,405,151.8,PAU DOS FERROS,Falta de atenção,Colisão Transversal,Com Vítimas Feridas,Anoitecer,Crescente,Ceu Claro,Simples,Curva,Urbano,2013,2,0,1,1,0,0,2,2
83057582,2013-09-01,Domingo,09:15:00,RN,226,4.2,NATAL,Outras,Colisão lateral,Sem Vítimas,Pleno dia,Crescente,Sol,Simples,Cruzamento,Urbano,2013,2,0,0,0,2,0,0,2
83057585,2013-09-01,Domingo,06:30:00,RN,406,95.0,JOAO CAMARA,Outras,Capotamento,Sem Vítimas,Pleno dia,Crescente,Ceu Claro,Simples,Curva,Rural,2013,1,0,0,0,1,0,0,1
83057634,2013-09-01,Domingo,13:40:00,RN,226,178.2,CURRAIS NOVOS,Falta de atenção,Colisão lateral,Sem Vítimas,Pleno dia,Crescente,Ceu Claro,Dupla,Cruzamento,Urbano,2013,2,0,0,0,2,0,0,2
83057652,2013-09-01,Domingo,15:40:00,RN,304,41.0,MOSSORO,Ingestão de álcool,Saída de Pista,Sem Vítimas,Pleno dia,Decrescente,Ceu Claro,Simples,Reta,Urbano,2013,1,0,0,0,1,0,0,1
83057727,2013-09-01,Domingo,15:50:00,RN,101,96.2,NATAL,Falta de atenção,Colisão lateral,Sem Vítimas,Pleno dia,Decrescente,Ceu Claro,Dupla,Cruzamento,Urbano,2013,2,0,0,0,2,0,0,2
83057737,2013-09-01,Domingo,16:30:00,RN,226,12.7,MACAIBA,Outras,Colisão lateral,Sem Vítimas,Pleno dia,Decrescente,Sol,Simples,Reta,Urbano,2013,2,0,0,0,2,0,0,2
83057841,2013-09-01,Domingo,16:15:00,RN,406,128.2,TAIPU,Outras,Capotamento,Com Vítimas Feridas,Pleno dia,Crescente,Sol,Simples,Curva,Rural,2013,1,0,0,1,0,0,1,1
83057864,2013-09-01,Domingo,21:40:00,RN,101,149.3,GOIANINHA,Outras,Colisão traseira,Com Vítimas Feridas,Plena noite,Decrescente,Ignorada,Dupla,Reta,Urbano,2013,2,0,1,1,0,0,2,2
83057881,2013-09-01,Domingo,00:20:00,RN,110,49.6,MOSSORO,Ingestão de álcool,Colisão Transversal,Sem Vítimas,Plena noite,Decrescente,Ceu Claro,Dupla,Reta,Urbano,2013,2,0,0,0,2,0,0,2
83057935,2013-08-28,Quarta,17:00:00,RN,101,107.5,PARNAMIRIM,Outras,Colisão lateral,Sem Vítimas,Pleno dia,Decrescente,Sol,Dupla,Reta,Urbano,2013,2,0,0,0,2,0,0,2
83058034,2013-08-28,Quarta,13:00:00,RN,304,42.1,MOSSORO,Defeito mecânico em veículo,Saída de Pista,Sem Vítimas,Pleno dia,Decrescente,Ceu Claro,Dupla,Reta,Rural,2013,1,0,0,0,1,0,0,1
83058051,2013-09-02,Segunda,10:45:00,RN,101,107.7,PARNAMIRIM,Falta de atenção,Colisão lateral,Sem Vítimas,Pleno dia,Crescente,Ceu Claro,Dupla,Reta,Urbano,2013,2,0,0,0,2,0,0,2
83058061,2013-09-02,Segunda,09:40:00,RN,101,99.9,NATAL,Falta de atenção,Colisão traseira,Sem Vítimas,Pleno dia,Crescente,Ceu Claro,Múltipla,Reta,Urbano,2013,2,0,0,0,2,0,0,2
83058076,2013-09-02,Segunda,13:40:00,RN,406,166.7,SAO GONCALO DO AMARANTE,Falta de atenção,Colisão Transversal,Sem Vítimas,Pleno dia,Crescente,Ceu Claro,Simples,Reta,Rural,2013,2,0,0,0,2,0,0,2
83058101,2013-09-02,Segunda,11:30:00,RN,110,48.2,MOSSORO,Falta de atenção,Colisão traseira,Sem Vítimas,Pleno dia,Decrescente,Ceu Claro,Simples,Reta,Urbano,2013,2,0,0,0,2,0,0,2
83058117,2013-09-02,Segunda,06:00:00,RN,226,75.8,TANGARA,Outras,Colisão Transversal,Sem Vítimas,Pleno dia,Crescente,Ceu Claro,Simples,Curva,Rural,2013,2,0,0,0,2,0,0,2
83058128,2013-09-02,Segunda,10:00:00,RN,406,169.0,SAO GONCALO DO AMARANTE,Outras,Colisão Transversal,Com Vítimas Feridas,Pleno dia,Decrescente,Ceu Claro,Simples,Reta,Urbano,2013,2,0,0,1,1,0,1,2
83058178,2013-09-02,Segunda,08:00:00,RN,304,231.1,RIACHUELO,Animais na Pista,Atropelamento de animal,Sem Vítimas,Pleno dia,Crescente,Sol,Simples,Reta,Rural,2013,1,0,0,0,1,0,0,1
83058189,2013-09-02,Segunda,18:00:00,RN,101,103.0,PARNAMIRIM,Outras,Colisão traseira,Sem Vítimas,Plena noite,Decrescente,Ceu Claro,Dupla,Reta,Urbano,2013,2,0,0,0,1,1,0,2
83058216,2013-09-02,Segunda,18:40:00,RN,101,108.7,PARNAMIRIM,Não guardar distância de segurança,Colisão traseira,Sem Vítimas,Plena noite,Crescente,Ceu Claro,Dupla,Reta,Urbano,2013,2,0,0,0,1,1,0,2
83058354,2013-09-02,Segunda,14:20:00,RN,304,300.5,MACAIBA,Dormindo,Saída de Pista,Com Vítimas Feridas,Pleno dia,Decrescente,Sol,Dupla,Reta,Rural,2013,2,0,2,0,0,0,2,1
83058391,2013-09-02,Segunda,18:30:00,RN,101,97.9,NATAL,Outras,Colisão traseira,Sem Vítimas,Plena noite,Crescente,Ignorada,Dupla,Reta,Urbano,2013,2,0,0,0,2,0,0,2
83058397,2013-09-02,Segunda,12:00:00,RN,304,69.4,MOSSORO,Ultrapassagem indevida,Colisão frontal,Com Vítimas Feridas,Pleno dia,Crescente,Sol,Simples,Reta,Rural,2013,8,0,5,2,0,1,7,3
83058497,2013-09-01,Domingo,00:45:00,RN,304,8.0,MOSSORO,Outras,Colisão lateral,Sem Vítimas,Plena noite,Crescente,Ceu Claro,Simples,Reta,Rural,2013,6,0,0,0,3,3,0,2
83058646,2013-09-03,Terça,07:15:00,RN,101,99.8,PARNAMIRIM,Falta de atenção,Colisão traseira,Sem Vítimas,Pleno dia,Decrescente,Nublado,Múltipla,Reta,Urbano,2013,4,0,0,0,4,0,0,4
83058702,2013-09-03,Terça,18:15:00,RN,110,47.3,MOSSORO,Falta de atenção,Colisão lateral,Sem Vítimas,Plena noite,Crescente,Ceu Claro,Simples,Cruzamento,Urbano,2013,2,0,0,0,2,0,0,2