id,data_inversa,dia_semana,horario,uf,br,km,municipio,causa_acidente,tipo_acidente,classificacao_acidente,fase_dia,sentido_via,condicao_metereologica,tipo_pista,tracado_via,uso_solo,ano,pessoas,mortos,feridos_leves,feridos_graves,ilesos,ignorados,feridos,veiculos
83058709,2013-09-03,Terça,17:40:00,RN,101,80.0,NATAL,Outras,Colisão Transversal,Sem Vítimas,Anoitecer,Decrescente,Chuva,Dupla,Cruzamento,Urbano,2013,2,0,0,0,1,1,0,2
83058719,2013-08-31,Sábado,01:00:00,RN,101,138.5,ARES,Outras,Saída de Pista,Ignorado,Plena noite,Crescente,Nublado,Dupla,Reta,Rural,2013,1,0,0,0,0,1,0,1
83058727,2013-09-03,Terça,09:45:00,RN,101,109.0,PARNAMIRIM,Outras,Colisão lateral,Com Vítimas Feridas,Pleno dia,Crescente,Nublado,Dupla,Reta,Urbano,2013,2,0,1,0,1,0,1,2
83058729,2013-08-30,Sexta,07:40:00,RN,101,150.5,GOIANINHA,Velocidade incompatível,Colisão lateral,Sem Vítimas,Pleno dia,Crescente,Chuva,Dupla,Curva,Rural,2013,2,0,0,0,2,0,0,2
83058745,2013-09-03,Terça,14:30:00,RN,101,107.4,PARNAMIRIM,Outras,Colisão traseira,Sem Vítimas,Pleno dia,Decrescente,Chuva,Dupla,Reta,Urbano,2013,2,0,0,0,2,0,0,2
83058758,2013-08-30,Sexta,23:50:00,RN,101,96.5,NATAL,Velocidade incompatível,Saída de Pista,Ignorado,Plena noite,Crescente,Nublado,Múltipla,Curva,Urbano,2013,1,0,0,0,0,1,0,1
83058877,2013-09-03,Terça,09:35:00,RN,304,121.2,ITAJA,Falta de atenção,Saída de Pista,Com Vítimas Feridas,Pleno dia,Decrescente,Ceu Claro,Simples,Reta,Rural,2013,1,0,1,0,0,0,1,1
83058894,2013-08-31,Sábado,21:50:00,RN,226,3.0,NATAL,Falta de atenção,Colisão lateral,Com Vítimas Feridas,Plena noite,Crescente,Nublado,Simples,Reta,Urbano,2013,2,0,1,0,1,0,1,2
83058906,2013-09-01,Domingo,04:00:00,RN,226,52.0,BOM JESUS,Outras,Queda de motocicleta / bicicleta / veículo,Com Vítimas Fatais,Plena noite,Decrescente,Nublado,Simples,Reta,Rural,2013,2,1,0,0,0,1,0,1
83059001,2013-08-31,Sábado,10:50:00,RN,101,99.6,NATAL,Outras,Atropelamento de pessoa,Com Vítimas Feridas,Pleno dia,Decrescente,Ceu Claro,Múltipla,Reta,Urbano,2013,2,0,0,1,1,0,1,1
83059045,2013-09-04,Quarta,12:15:00,RN,101,103.0,PARNAMIRIM,Falta de atenção,Colisão traseira,Sem Vítimas,Pleno dia,Decrescente,Ceu Claro,Dupla,Curva,Urbano,2013,2,0,0,0,2,0,0,2
83059065,2013-09-04,Quarta,02:30:00,RN,304,306.0,MACAIBA,Defeito na via,Colisão lateral,Sem Vítimas,Plena noite,Crescente,Chuva,Dupla,Reta,Urbano,2013,2,0,0,0,2,0,0,2
83059086,2013-09-04,Quarta,13:30:00,RN,101,107.5,PARNAMIRIM,Não guardar distância de segurança,Colisão traseira,Sem Vítimas,Pleno dia,Decrescente,Sol,Múltipla,Cruzamento,Urbano,2013,2,0,0,0,1,1,0,2
83059112,2013-09-01,Domingo,05:10:00,RN,101,63.8,EXTREMOZ,Dormindo,Saída de Pista,Sem Vítimas,Amanhecer,Crescente,Nublado,Simples,Reta,Rural,2013,1,0,0,0,1,0,0,1
83059172,2013-09-04,Quarta,09:00:00,RN,226,3.2,NATAL,Não guardar distância de segurança,Colisão traseira,Sem Vítimas,Pleno dia,Crescente,Ceu Claro,Dupla,Reta,Urbano,2013,2,0,0,0,2,0,0,2
83059213,2013-09-01,Domingo,01:20:00,RN,226,14.5,MACAIBA,Outras,Colisão Transversal,Sem Vítimas,Plena noite,Crescente,Ceu Claro,Simples,Reta,Urbano,2013,2,0,0,0,2,0,0,2
83059379,2013-08-25,Domingo,09:25:00,RN,101,19.0,RIO DO FOGO,Outras,Saída de Pista,Sem Vítimas,Pleno dia,Decrescente,Chuva,Simples,Reta,Rural,2013,1,0,0,0,1,0,0,1
83059381,2013-09-04,Quarta,13:40:00,RN,406,165.0,SAO GONCALO DO AMARANTE,Outras,Colisão lateral,Com Vítimas Feridas,Pleno dia,Crescente,Ceu Claro,Simples,Reta,Rural,2013,2,0,1,0,0,1,1,2
83059399,2013-09-04,Quarta,18:25:00,RN,406,156.0,CEARA-MIRIM,Ultrapassagem indevida,Colisão lateral,Sem Vítimas,Plena noite,Decrescente,Ceu Claro,Simples,Reta,Rural,2013,2,0,0,0,2,0,0,2
83059626,2013-09-02,Segunda,06:07:00,RN,304,295.6,MACAIBA,Falta de atenção,Colisão traseira,Sem Vítimas,Pleno dia,Crescente,Sol,Simples,Reta,Urbano,2013,3,0,0,0,3,0,0,3
83059641,2013-08-25,Domingo,06:10:00,RN,101,77.0,NATAL,Outras,Capotamento,Sem Vítimas,Amanhecer,Decrescente,Chuva,Dupla,Curva,Urbano,2013,2,0,0,0,1,1,0,1
83059697,2013-09-05,Quinta,12:20:00,RN,101,101.8,PARNAMIRIM,Não guardar distância de segurança,Colisão traseira,Sem Vítimas,Pleno dia,Crescente,Ceu Claro,Dupla,Reta,Urbano,2013,2,0,0,0,2,0,0,2
83059771,2013-09-05,Quinta,15:30:00,RN,101,106.0,PARNAMIRIM,Outras,Colisão traseira,Sem Vítimas,Pleno dia,Decrescente,Sol,Dupla,Cruzamento,Urbano,2013,2,0,0,0,2,0,0,2
83059781,2013-09-05,Quinta,17:30:00,RN,226,112.6,SANTA CRUZ,Falta de atenção,Colisão lateral,Com Vítimas Feridas,Anoitecer,Decrescente,Ceu Claro,Simples,Reta,Urbano,2013,2,0,0,1,1,0,1,2
83059810,2013-09-05,Quinta,19:05:00,RN,304,37.0,MOSSORO,Ingestão de álcool,Colisão lateral,Sem Vítimas,Plena noite,Decrescente,Ceu Claro,Dupla,Reta,Urbano,2013,2,0,0,0,2,0,0,2
83059842,2013-09-05,Quinta,10:30:00,RN,304,24.0,MOSSORO,Velocidade incompatível,Tombamento,Sem Vítimas,Pleno dia,Decrescente,Ceu Claro,Simples,Curva,Rural,2013,1,0,0,0,1,0,0,1
83059894,2013-09-05,Quinta,18:25:00,RN,304,297.2,MACAIBA,Outras,Colisão lateral,Sem Vítimas,Anoitecer,Decrescente,Vento,Simples,Curva,Urbano,2013,2,0,0,0,2,0,0,2
83059904,2013-09-05,Quinta,17:35:00,RN,304,297.2,MACAIBA,Ingestão de álcool,Atropelamento de pessoa,Com Vítimas Feridas,Anoitecer,Decrescente,Ceu Claro,Simples,Reta,Urbano,2013,2,0,1,0,1,0,1,1
83059925,2013-09-05,Quinta,15:10:00,RN,304,37.0,MOSSORO,Falta de atenção,Colisão Transversal,Sem Vítimas,Pleno dia,Crescente,Ceu Claro,Dupla,Reta,Rural,2013,2,0,0,0,2,0,0,2
83059929,2013-09-05,Quinta,23:59:00,RN,304,78.2,MOSSORO,Outras,Tombamento,Sem Vítimas,Plena noite,Crescente,Ceu Claro,Simples,Reta,Rural,2013,1,0,0,0,1,0,0,1
83059958,2013-09-05,Quinta,19:30:00,RN,110,44.5,MOSSORO,Animais na Pista,Atropelamento de animal,Sem Vítimas,Plena noite,Crescente,Ceu Claro,Simples,Reta,Urbano,2013,1,0,0,0,1,0,0,1
83060001,2013-09-05,Quinta,08:15:00,RN,226,176.9,CURRAIS NOVOS,Desobediência à sinalização,Colisão lateral,Com Vítimas Feridas,Pleno dia,Crescente,Ceu Claro,Dupla,Reta,Urbano,2013,2,0,1,0,0,1,1,2
83060173,2013-09-06,Sexta,10:48:00,RN,304,83.6,MOSSORO,Falta de atenção,Colisão traseira,Com Vítimas Feridas,Pleno dia,Decrescente,Ceu Claro,Simples,Reta,Rural,2013,4,0,2,0,2,0,2,2
83060209,2013-09-06,Sexta,08:30:00,RN,101,101.8,PARNAMIRIM,Falta de atenção,Colisão traseira,Sem Vítimas,Pleno dia,Decrescente,Sol,Dupla,Cruzamento,Urbano,2013,3,0,0,0,2,1,0,3
83060212,2013-09-06,Sexta,11:50:00,RN,405,59.8,FELIPE GUERRA,Animais na Pista,Atropelamento de animal,Com Vítimas Feridas,Pleno dia,Crescente,Ceu Claro,Simples,Reta,Rural,2013,4,0,1,2,1,0,3,2
83060242,2013-09-06,Sexta,14:10:00,RN,101,101.5,PARNAMIRIM,Não guardar distância de segurança,Colisão traseira,Sem Vítimas,Pleno dia,Decrescente,Ceu Claro,Dupla,Reta,Urbano,2013,2,0,0,0,2,0,0,2
83060315,2013-09-06,Sexta,15:50:00,RN,427,5.6,CURRAIS NOVOS,Ultrapassagem indevida,Colisão lateral,Sem Vítimas,Pleno dia,Decrescente,Sol,Simples,Reta,Rural,2013,3,0,0,0,2,1,0,3
83060318,2013-09-03,Terça,16:00:00,RN,110,46.9,MOSSORO,Desobediência à sinalização,Colisão Transversal,Com Vítimas Feridas,Pleno dia,Crescente,Ceu Claro,Simples,Cruzamento,Urbano,2013,4,0,1,1,2,0,2,2
83060544,2013-08-19,Segunda,18:20:00,RN,226,0.2,NATAL,Outras,Colisão Transversal,Com Vítimas Feridas,Plena noite,Decrescente,Ceu Claro,Simples,Curva,Urbano,2013,2,0,1,0,1,0,1,2
83060564,2013-09-03,Terça,13:40:00,RN,304,296.9,MACAIBA,Falta de atenção,Colisão traseira,Sem Vítimas,Pleno dia,Crescente,Chuva,Simples,Reta,Urbano,2013,3,0,0,0,3,0,0,3
83060574,2013-09-06,Sexta,21:10:00,RN,101,106.0,PARNAMIRIM,Outras,Colisão lateral,Com Vítimas Feridas,Plena noite,Decrescente,Ceu Claro,Dupla,Cruzamento,Urbano,2013,3,0,2,0,1,0,2,2
83060638,2013-08-30,Sexta,12:40:00,RN,101,83.0,SAO GONCALO DO AMARANTE,Falta de atenção,Colisão traseira,Sem Vítimas,Pleno dia,Crescente,Chuva,Dupla,Reta,Urbano,2013,2,0,0,0,1,1,0,2
83060658,2013-09-07,Sábado,04:20:00,RN,304,276.8,SAO PEDRO,Outras,Colisão frontal,Com Vítimas Fatais,Plena noite,Decrescente,Nublado,Simples,Reta,Rural,2013,2,1,0,0,1,0,0,2
83060681,2013-09-07,Sábado,08:00:00,RN,406,169.0,SAO GONCALO DO AMARANTE,Defeito na via,Danos Eventuais,Sem Vítimas,Plena noite,Crescente,Chuva,Simples,Reta,Urbano,2013,1,0,0,0,1,0,0,1
83060688,2013-08-31,Sábado,05:00:00,RN,406,51.5,JANDAIRA,Defeito mecânico em veículo,Tombamento,Sem Vítimas,Amanhecer,Crescente,Ceu Claro,Simples,Reta,Rural,2013,1,0,0,0,1,0,0,1
83060816,2013-09-07,Sábado,10:50:00,RN,406,133.0,TAIPU,Não guardar distância de segurança,Colisão traseira,Com Vítimas Feridas,Pleno dia,Crescente,Ceu Claro,Simples,Reta,Rural,2013,3,0,1,1,1,0,2,2
83060845,2013-09-05,Quinta,17:45:00,RN,226,8.7,MACAIBA,Animais na Pista,Atropelamento de animal,Sem Vítimas,Anoitecer,Crescente,Ceu Claro,Simples,Reta,Rural,2013,1,0,0,0,1,0,0,1
83060870,2013-09-05,Quinta,17:45:00,RN,226,8.7,MACAIBA,Animais na Pista,Atropelamento de animal,Sem Vítimas,Anoitecer,Crescente,Ceu Claro,Simples,Reta,Rural,2013,1,0,0,0,1,0,0,1
83060921,2013-09-03,Terça,18:00:00,RN,101,104.5,PARNAMIRIM,Falta de atenção,Colisão traseira,Sem Vítimas,Plena noite,Crescente,Chuva,Dupla,Reta,Urbano,2013,3,0,0,0,3,0,0,3
83060994,2013-09-07,Sábado,18:26:00,RN,304,41.3,MOSSORO,Animais na Pista,Atropelamento de animal,Sem Vítimas,Plena noite,Decrescente,Ceu Claro,Dupla,Reta,Urbano,2013,1,0,0,0,1,0,0,1
83061054,2013-09-07,Sábado,19:00:00,RN,101,66.5,EXTREMOZ,Animais na Pista,Atropelamento de animal,Com Vítimas Feridas,Plena noite,Crescente,Ceu Claro,Simples,Reta,Rural,2013,2,0,1,0,1,0,1,2
83061067,2013-09-07,Sábado,22:30:00,RN,101,81.5,NATAL,Desobediência à sinalização,Colisão lateral,Com Vítimas Feridas,Plena noite,Decrescente,Ceu Claro,Dupla,Cruzamento,Urbano,2013,2,0,1,0,1,0,1,2
83061116,2013-08-26,Segunda,06:30:00,RN,406,149.5,CEARA-MIRIM,Falta de atenção,Colisão Transversal,Com Vítimas Feridas,Pleno dia,Crescente,Ceu Claro,Simples,Reta,Urbano,2013,2,0,0,1,1,0,1,2
83061119,2013-09-08,Domingo,01:30:00,RN,226,108.9,SANTA CRUZ,Falta de atenção,Colisão com objeto fixo,Com Vítimas Feridas,Plena noite,Decrescente,Ceu Claro,Simples,Reta,Rural,2013,2,0,2,0,0,0,2,1
83061235,2013-09-08,Domingo,07:15:00,RN,406,166.0,SAO GONCALO DO AMARANTE,Defeito na via,Capotamento,Ignorado,Pleno dia,Crescente,Nublado,Simples,Reta,Rural,2013,1,0,0,0,0,1,0,1
83061296,2013-09-08,Domingo,10:00:00,RN,406,165.0,SAO GONCALO DO AMARANTE,Outras,Colisão lateral,Com Vítimas Feridas,Pleno dia,Crescente,Ceu Claro,Simples,Reta,Urbano,2013,2,0,1,0,1,0,1,2
83061496,2013-09-08,Domingo,18:15:00,RN,101,102.5,PARNAMIRIM,Não guardar distância de segurança,Colisão traseira,Sem Vítimas,Plena noite,Decrescente,Ceu Claro,Múltipla,Reta,Urbano,2013,2,0,0,0,2,0,0,2
83061572,2013-09-08,Domingo,21:15:00,RN,101,149.3,GOIANINHA,Animais na Pista,Atropelamento de animal,Sem Vítimas,Plena noite,Decrescente,Ceu Claro,Dupla,Reta,Urbano,2013,1,0,0,0,1,0,0,1
83061601,2013-09-08,Domingo,19:40:00,RN,226,52.9,BOM JESUS,Não guardar distância de segurança,Colisão traseira,Sem Vítimas,Plena noite,Decrescente,Nublado,Simples,Reta,Urbano,2013,2,0,0,0,2,0,0,2
83061644,2013-09-08,Domingo,18:20:00,RN,226,53.0,BOM JESUS,Animais na Pista,Capotamento,Sem Vítimas,Plena noite,Decrescente,Nublado,Simples,Reta,Rural,2013,3,0,0,0,3,0,0,1
83061654,2013-09-08,Domingo,19:20:00,RN,226,47.4,BOM JESUS,Outras,Colisão com objeto fixo,Com Vítimas Feridas,Plena noite,Decrescente,Nublado,Simples,Reta,Rural,2013,5,0,1,1,3,0,2,1
83061823,2013-09-09,Segunda,06:00:00,RN,226,125.1,LAJES PINTADAS,Animais na Pista,Atropelamento de animal,Sem Vítimas,Pleno dia,Decrescente,Ceu Claro,Simples,Reta,Rural,2013,2,0,0,0,2,0,0,1
83061885,2013-09-09,Segunda,09:40:00,RN,101,97.9,NATAL,Não guardar distância de segurança,Colisão traseira,Sem Vítimas,Pleno dia,Decrescente,Sol,Dupla,Reta,Urbano,2013,2,0,0,0,2,0,0,2
83061918,2013-09-09,Segunda,06:40:00,RN,101,125.0,SAO JOSE DE MIPIBU,Falta de atenção,Queda de motocicleta / bicicleta / veículo,Com Vítimas Feridas,Pleno dia,Crescente,Ceu Claro,Múltipla,Cruzamento,Urbano,2013,3,0,2,0,1,0,2,2
83061963,2013-09-09,Segunda,11:20:00,RN,101,104.4,PARNAMIRIM,Falta de atenção,Queda de motocicleta / bicicleta / veículo,Com Vítimas Feridas,Pleno dia,Crescente,Ceu Claro,Múltipla,Reta,Urbano,2013,1,0,1,0,0,0,1,1
83062053,2013-09-09,Segunda,16:30:00,RN,406,104.5,JOAO CAMARA,Falta de atenção,Colisão Transversal,Sem Vítimas,Pleno dia,Crescente,Sol,Simples,Reta,Urbano,2013,2,0,0,0,2,0,0,2
83062076,2013-09-09,Segunda,13:10:00,RN,110,49.4,MOSSORO,Falta de atenção,Colisão traseira,Sem Vítimas,Pleno dia,Crescente,Sol,Dupla,Reta,Urbano,2013,2,0,0,0,1,1,0,2
83062110,2013-09-09,Segunda,07:30:00,RN,304,296.6,MACAIBA,Outras,Colisão Transversal,Sem Vítimas,Pleno dia,Decrescente,Sol,Simples,Cruzamento,Urbano,2013,2,0,0,0,2,0,0,2
83062150,2013-09-09,Segunda,18:40:00,RN,101,82.3,SAO GONCALO DO AMARANTE,Falta de atenção,Colisão lateral,Com Vítimas Feridas,Plena noite,Crescente,Ceu Claro,Simples,Reta,Urbano,2013,3,0,1,0,1,1,1,3
83062159,2013-09-09,Segunda,15:20:00,RN,101,95.6,NATAL,Falta de atenção,Colisão traseira,Sem Vítimas,Pleno dia,Decrescente,Ceu Claro,Múltipla,Reta,Urbano,2013,3,0,0,0,3,0,0,3
83062231,2013-09-09,Segunda,06:55:00,RN,226,3.2,NATAL,Outras,Colisão Transversal,Com Vítimas Feridas,Pleno dia,Crescente,Ceu Claro,Simples,Reta,Urbano,2013,3,0,1,0,1,1,1,3
83062261,2013-09-09,Segunda,11:25:00,RN,101,94.3,NATAL,Não guardar distância de segurança,Colisão traseira,Sem Vítimas,Pleno dia,Crescente,Sol,Dupla,Reta,Urbano,2013,3,0,0,0,3,0,0,3
83062382,2013-09-06,Sexta,18:30:00,RN,101,96.8,NATAL,Falta de atenção,Colisão traseira,Sem Vítimas,Plena noite,Crescente,Ceu Claro,Dupla,Reta,Urbano,2013,2,0,0,0,2,0,0,2
83062410,2013-09-06,Sexta,22:00:00,RN,101,111.4,PARNAMIRIM,Outras,Colisão com bicicleta,Com Vítimas Fatais,Plena noite,Crescente,Ceu Claro,Dupla,Reta,Rural,2013,2,1,0,0,0,1,0,2
83062476,2013-09-07,Sábado,04:20:00,RN,304,18.9,MOSSORO,Falta de atenção,Colisão lateral,Sem Vítimas,Plena noite,Crescente,Ceu Claro,Simples,Reta,Rural,2013,2,0,0,0,1,1,0,2
83062477,2013-09-07,Sábado,15:15:00,RN,226,68.9,SERRA CAIADA,Outras,Colisão lateral,Sem Vítimas,Pleno dia,Crescente,Ceu Claro,Simples,Curva,Rural,2013,2,0,0,0,2,0,0,2
83062506,2013-09-06,Sexta,13:00:00,RN,304,270.0,SAO PEDRO,Outras,Danos Eventuais,Sem Vítimas,Pleno dia,Crescente,Ceu Claro,Simples,Reta,Rural,2013,2,0,0,0,2,0,0,2
83062538,2013-09-10,Terça,08:15:00,RN,304,194.0,LAJES,Falta de atenção,Colisão Transversal,Sem Vítimas,Pleno dia,Decrescente,Ceu Claro,Simples,Cruzamento,Urbano,2013,2,0,0,0,2,0,0,2
83062720,2013-09-09,Segunda,15:30:00,RN,110,47.8,MOSSORO,Falta de atenção,Colisão traseira,Sem Vítimas,Pleno dia,Crescente,Sol,Simples,Reta,Urbano,2013,2,0,0,0,2,0,0,2
83062721,2013-09-07,Sábado,05:00:00,RN,304,23.0,MOSSORO,Outras,Queda de motocicleta / bicicleta / veículo,Com Vítimas Feridas,Amanhecer,Decrescente,Ceu Claro,Simples,Reta,Rural,2013,1,0,1,0,0,0,1,1
83062736,2013-09-10,Terça,16:20:00,RN,101,103.7,PARNAMIRIM,Falta de atenção,Colisão Transversal,Sem Vítimas,Pleno dia,Crescente,Ceu Claro,Dupla,Cruzamento,Urbano,2013,2,0,0,0,2,0,0,2
83062786,2013-09-10,Terça,18:30:00,RN,101,107.0,PARNAMIRIM,Falta de atenção,Colisão traseira,Sem Vítimas,Plena noite,Decrescente,Nublado,Dupla,Cruzamento,Urbano,2013,2,0,0,0,2,0,0,2
83062803,2013-09-10,Terça,17:45:00,RN,304,50.8,MOSSORO,Outras,Colisão frontal,Com Vítimas Feridas,Anoitecer,Decrescente,Ceu Claro,Simples,Reta,Rural,2013,2,0,0,2,0,0,2,2
83062826,2013-09-10,Terça,17:35:00,RN,101,100.0,PARNAMIRIM,Não guardar distância de segurança,Colisão traseira,Sem Vítimas,Anoitecer,Decrescente,Ceu Claro,Dupla,Reta,Urbano,2013,2,0,0,0,2,0,0,2
83062881,2013-09-03,Terça,18:40:00,RN,101,118.0,SAO JOSE DE MIPIBU,Falta de atenção,Colisão lateral,Sem Vítimas,Plena noite,Crescente,Chuva,Dupla,Reta,Rural,2013,2,0,0,0,2,0,0,2
83062882,2013-09-11,Quarta,08:30:00,RN,405,1.5,MOSSORO,Falta de atenção,Colisão lateral,Com Vítimas Feridas,Pleno dia,Decrescente,Ceu Claro,Dupla,Reta,Urbano,2013,2,0,1,0,1,0,1,2
83062901,2013-09-08,Domingo,17:40:00,RN,110,46.4,MOSSORO,Falta de atenção,Colisão Transversal,Com Vítimas Feridas,Anoitecer,Crescente,Ceu Claro,Simples,Reta,Urbano,2013,4,0,3,0,1,0,3,2
83062974,2013-09-08,Domingo,02:30:00,RN,427,27.5,ACARI,Falta de atenção,Colisão com objeto móvel,Com Vítimas Feridas,Plena noite,Crescente,Ceu Claro,Simples,Reta,Urbano,2013,2,0,2,0,0,0,2,1
83063065,2013-09-10,Terça,06:13:00,RN,304,45.7,MOSSORO,Falta de atenção,Colisão traseira,Com Vítimas Feridas,Pleno dia,Crescente,Sol,Dupla,Reta,Urbano,2013,2,0,1,0,1,0,1,2
83063086,2013-09-11,Quarta,19:00:00,RN,406,165.0,SAO GONCALO DO AMARANTE,Outras,Colisão traseira,Com Vítimas Feridas,Pleno dia,Decrescente,Ceu Claro,Simples,Reta,Rural,2013,2,0,1,0,1,0,1,2
83063089,2013-09-11,Quarta,07:30:00,RN,101,85.4,SAO GONCALO DO AMARANTE,Outras,Colisão Transversal,Sem Vítimas,Pleno dia,Crescente,Ceu Claro,Dupla,Reta,Urbano,2013,2,0,0,0,2,0,0,2
83063129,2013-09-11,Quarta,10:25:00,RN,101,107.0,PARNAMIRIM,Não guardar distância de segurança,Colisão traseira,Sem Vítimas,Pleno dia,Decrescente,Ceu Claro,Dupla,Reta,Urbano,2013,2,0,0,0,2,0,0,2
83063175,2013-09-11,Quarta,21:50:00,RN,405,1.8,MOSSORO,Falta de atenção,Colisão com objeto fixo,Com Vítimas Feridas,Plena noite,Crescente,Ceu Claro,Dupla,Reta,Urbano,2013,2,0,1,0,1,0,1,2
83063195,2013-09-11,Quarta,19:00:00,RN,406,140.0,CEARA-MIRIM,Não guardar distância de segurança,Colisão traseira,Sem Vítimas,Pleno dia,Crescente,Ceu Claro,Simples,Reta,Rural,2013,2,0,0,0,2,0,0,2
83063201,2013-09-11,Quarta,19:00:00,RN,406,169.0,SAO GONCALO DO AMARANTE,Outras,Colisão Transversal,Com Vítimas Feridas,Pleno dia,Decrescente,Ceu Claro,Simples,Reta,Urbano,2013,2,0,0,1,1,0,1,2
83063206,2013-09-11,Quarta,23:30:00,RN,304,95.5,ASSU,Animais na Pista,Saída de Pista,Sem Vítimas,Plena noite,Decrescente,Ceu Claro,Simples,Reta,Rural,2013,1,0,0,0,1,0,0,1
83063248,2013-09-08,Domingo,21:36:00,RN,101,99.8,NATAL,Falta de atenção,Colisão traseira,Sem Vítimas,Plena noite,Crescente,Chuva,Simples,Cruzamento,Urbano,2013,2,0,0,0,2,0,0,2
83063251,2013-09-06,Sexta,17:30:00,RN,101,103.0,PARNAMIRIM,Falta de atenção,Colisão traseira,Sem Vítimas,Anoitecer,Crescente,Ceu Claro,Múltipla,Reta,Urbano,2013,5,0,0,0,5,0,0,5
83063260,2013-09-11,Quarta,06:10:00,RN,101,96.3,NATAL,Não guardar distância de segurança,Colisão lateral,Sem Vítimas,Pleno dia,Decrescente,Ceu Claro,Múltipla,Reta,Urbano,2013,2,0,0,0,2,0,0,2
83063266,2013-09-10,Terça,09:10:00,RN,101,107.3,PARNAMIRIM,Não guardar distância de segurança,Colisão traseira,Sem Vítimas,Pleno dia,Decrescente,Ceu Claro,Dupla,Reta,Urbano,2013,3,0,0,0,3,0,0,3
83063276,2013-07-12,Sexta,22:45:00,RN,101,123.0,SAO JOSE DE MIPIBU,Outras,Atropelamento de pessoa,Com Vítimas Fatais,Plena noite,Crescente,Nublado,Simples,Reta,Rural,2013,2,1,0,0,0,1,0,1
83063293,2013-09-07,Sábado,15:20:00,RN,101,66.3,CEARA-MIRIM,Desobediência à sinalização,Colisão Transversal,Sem Vítimas,Pleno dia,Decrescente,Ceu Claro,Simples,Reta,Rural,2013,2,0,0,0,2,0,0,2
83063295,2013-09-07,Sábado,05:40:00,RN,101,83.7,NATAL,Falta de atenção,Colisão traseira,Com Vítimas Feridas,Pleno dia,Decrescente,Ceu Claro,Dupla,Reta,Urbano,2013,3,0,0,1,1,1,1,2
83063328,2013-09-02,Segunda,17:30:00,RN,101,102.0,PARNAMIRIM,Falta de atenção,Colisão lateral,Sem Vítimas,Anoitecer,Crescente,Ceu Claro,Múltipla,Cruzamento,Urbano,2013,2,0,0,0,2,0,0,2
83063430,2013-09-12,Quinta,06:40:00,RN,101,102.0,PARNAMIRIM,Falta de atenção,Colisão traseira,Sem Vítimas,Pleno dia,Decrescente,Ceu Claro,Múltipla,Reta,Urbano,2013,2,0,0,0,2,0,0,2
83063496,2013-09-08,Domingo,22:30:00,RN,304,113.9,ASSU,Falta de atenção,Saída de Pista,Sem Vítimas,Plena noite,Crescente,Ceu Claro,Simples,Reta,Rural,2013,1,0,0,0,1,0,0,1
83063627,2013-09-11,Quarta,17:20:00,RN,110,46.8,MOSSORO,Desobediência à sinalização,Colisão lateral,Com Vítimas Feridas,Anoitecer,Crescente,Ceu Claro,Simples,Cruzamento,Urbano,2013,2,0,1,0,1,0,1,2
83063736,2013-09-13,Sexta,07:40:00,RN,101,85.0,NATAL,Não guardar distância de segurança,Colisão traseira,Sem Vítimas,Pleno dia,Decrescente,Sol,Dupla,Curva,Urbano,2013,2,0,0,0,2,0,0,2
83063737,2013-09-13,Sexta,10:55:00,RN,406,156.0,CEARA-MIRIM,Não guardar distância de segurança,Colisão traseira,Sem Vítimas,Pleno dia,Decrescente,Sol,Simples,Reta,Rural,2013,3,0,0,0,3,0,0,3
83063891,2013-09-13,Sexta,15:05:00,RN,226,0.8,NATAL,Falta de atenção,Colisão traseira,Sem Vítimas,Pleno dia,Decrescente,Sol,Dupla,Reta,Urbano,2013,2,0,0,0,2,0,0,2
83063996,2013-09-12,Quinta,00:15:00,RN,226,329.3,MESSIAS TARGINO,Outras,Saída de Pista,Com Vítimas Feridas,Plena noite,Crescente,Ceu Claro,Simples,Reta,Rural,2013,1,0,1,0,0,0,1,1
83064067,2013-09-13,Sexta,17:20:00,RN,406,107.0,JOAO CAMARA,Dormindo,Capotamento,Sem Vítimas,Anoitecer,Crescente,Ceu Claro,Simples,Reta,Rural,2013,1,0,0,0,1,0,0,1
83064073,2013-09-13,Sexta,12:55:00,RN,226,1.0,NATAL,Outras,Colisão traseira,Sem Vítimas,Pleno dia,Crescente,Sol,Dupla,Reta,Urbano,2013,3,0,0,0,3,0,0,3
83064110,2013-09-13,Sexta,21:30:00,RN,101,119.4,SAO JOSE DE MIPIBU,Outras,Saída de Pista,Sem Vítimas,Plena noite,Crescente,Chuva,Múltipla,Reta,Rural,2013,1,0,0,0,1,0,0,1
83064117,2013-09-13,Sexta,16:00:00,RN,101,125.7,SAO JOSE DE MIPIBU,Falta de atenção,Colisão lateral,Sem Vítimas,Pleno dia,Decrescente,Nublado,Dupla,Curva,Urbano,2013,2,0,0,0,2,0,0,2
83064120,2013-09-13,Sexta,21:50:00,RN,101,99.6,NATAL,Não guardar distância de segurança,Colisão traseira,Sem Vítimas,Plena noite,Crescente,Chuva,Múltipla,Reta,Urbano,2013,2,0,0,0,2,0,0,2