id,data_inversa,dia_semana,horario,uf,br,km,municipio,causa_acidente,tipo_acidente,classificacao_acidente,fase_dia,sentido_via,condicao_metereologica,tipo_pista,tracado_via,uso_solo,ano,pessoas,mortos,feridos_leves,feridos_graves,ilesos,ignorados,feridos,veiculos
83064326,2013-09-14,Sábado,09:30:00,RN,226,9.8,MACAIBA,Falta de atenção,Colisão com bicicleta,Com Vítimas Feridas,Pleno dia,Decrescente,Ceu Claro,Simples,Reta,Urbano,2013,2,0,0,1,1,0,1,2
83064384,2013-09-14,Sábado,09:50:00,RN,226,48.8,BOM JESUS,Outras,Colisão traseira,Sem Vítimas,Pleno dia,Decrescente,Nublado,Simples,Reta,Urbano,2013,2,0,0,0,2,0,0,2
83064504,2013-09-14,Sábado,10:50:00,RN,101,100.0,NATAL,Falta de atenção,Colisão traseira,Sem Vítimas,Pleno dia,Decrescente,Ceu Claro,Múltipla,Reta,Urbano,2013,2,0,0,0,2,0,0,2
83064543,2013-09-14,Sábado,11:30:00,RN,101,98.5,NATAL,Ingestão de álcool,Colisão lateral,Sem Vítimas,Pleno dia,Decrescente,Sol,Dupla,Reta,Urbano,2013,2,0,0,0,1,1,0,2
83064565,2013-09-14,Sábado,16:30:00,RN,226,45.8,BOM JESUS,Falta de atenção,Colisão Transversal,Com Vítimas Feridas,Pleno dia,Crescente,Ceu Claro,Simples,Reta,Rural,2013,3,0,2,0,1,0,2,2
83064626,2013-09-14,Sábado,19:50:00,RN,427,101.4,CAICO,Falta de atenção,Colisão frontal,Sem Vítimas,Plena noite,Decrescente,Ceu Claro,Simples,Reta,Urbano,2013,2,0,0,0,1,1,0,2
83064640,2013-09-14,Sábado,18:00:00,RN,405,1.5,MOSSORO,Defeito mecânico em veículo,Colisão Transversal,Com Vítimas Feridas,Plena noite,Decrescente,Ceu Claro,Dupla,Reta,Urbano,2013,2,0,0,1,1,0,1,2
83064673,2013-09-14,Sábado,20:30:00,RN,101,95.4,NATAL,Falta de atenção,Colisão lateral,Sem Vítimas,Plena noite,Decrescente,Ceu Claro,Múltipla,Cruzamento,Urbano,2013,2,0,0,0,2,0,0,2
83064761,2013-09-14,Sábado,07:30:00,RN,101,96.0,NATAL,Falta de atenção,Colisão lateral,Com Vítimas Feridas,Pleno dia,Decrescente,Sol,Dupla,Curva,Urbano,2013,3,0,2,0,1,0,2,2
83064791,2013-09-12,Quinta,17:45:00,RN,226,39.0,MACAIBA,Desobediência à sinalização,Atropelamento de pessoa,Com Vítimas Feridas,Plena noite,Decrescente,Ceu Claro,Simples,Reta,Urbano,2013,2,0,1,0,0,1,1,1
83064817,2013-09-15,Domingo,07:05:00,RN,110,45.2,MOSSORO,Outras,Colisão Transversal,Com Vítimas Feridas,Pleno dia,Decrescente,Ceu Claro,Simples,Reta,Urbano,2013,2,0,1,0,1,0,1,2
83064819,2013-07-20,Sábado,16:50:00,RN,304,302.9,MACAIBA,Falta de atenção,Colisão Transversal,Sem Vítimas,Pleno dia,Decrescente,Nublado,Dupla,Reta,Urbano,2013,3,0,0,0,3,0,0,2
83064869,2013-09-11,Quarta,07:00:00,RN,101,109.6,PARNAMIRIM,Falta de atenção,Colisão traseira,Com Vítimas Feridas,Pleno dia,Decrescente,Ceu Claro,Dupla,Reta,Rural,2013,3,0,1,0,1,1,1,2
83064896,2013-09-11,Quarta,13:40:00,RN,101,100.0,PARNAMIRIM,Defeito mecânico em veículo,Capotamento,Com Vítimas Feridas,Pleno dia,Decrescente,Ceu Claro,Múltipla,Reta,Urbano,2013,1,0,1,0,0,0,1,1
83064941,2013-09-13,Sexta,19:45:00,RN,101,124.9,SAO JOSE DE MIPIBU,Outras,Atropelamento de pessoa,Com Vítimas Fatais,Plena noite,Crescente,Ceu Claro,Múltipla,Reta,Urbano,2013,2,1,0,0,1,0,0,1
83064996,2013-09-11,Quarta,18:45:00,RN,101,95.3,NATAL,Outras,Colisão lateral,Sem Vítimas,Plena noite,Crescente,Ceu Claro,Dupla,Curva,Urbano,2013,2,0,0,0,2,0,0,2
83065041,2013-09-13,Sexta,19:10:00,RN,101,97.6,NATAL,Outras,Colisão lateral,Com Vítimas Feridas,Plena noite,Crescente,Ceu Claro,Múltipla,Reta,Urbano,2013,3,0,2,0,1,0,2,2
83065062,2013-09-15,Domingo,15:00:00,RN,101,96.0,NATAL,Outras,Colisão Transversal,Com Vítimas Feridas,Pleno dia,Decrescente,Ceu Claro,Múltipla,Reta,Urbano,2013,2,0,1,0,1,0,1,2
83065166,2013-09-15,Domingo,18:15:00,RN,101,123.0,SAO JOSE DE MIPIBU,Não guardar distância de segurança,Colisão traseira,Sem Vítimas,Plena noite,Decrescente,Ceu Claro,Dupla,Reta,Urbano,2013,2,0,0,0,2,0,0,2
83065203,2013-09-09,Segunda,17:25:00,RN,304,297.5,MACAIBA,Não guardar distância de segurança,Colisão lateral,Sem Vítimas,Anoitecer,Decrescente,Ignorada,Dupla,Cruzamento,Urbano,2013,2,0,0,0,2,0,0,2
83065323,2013-09-16,Segunda,05:00:00,RN,406,105.8,JOAO CAMARA,Animais na Pista,Atropelamento de animal,Com Vítimas Feridas,Amanhecer,Crescente,Ceu Claro,Simples,Reta,Rural,2013,1,0,0,1,0,0,1,1
83065512,2013-09-13,Sexta,13:25:00,RN,101,96.0,NATAL,Desobediência à sinalização,Colisão lateral,Sem Vítimas,Pleno dia,Decrescente,Sol,Dupla,Reta,Urbano,2013,2,0,0,0,2,0,0,2
83065515,2013-09-14,Sábado,23:35:00,RN,101,77.0,NATAL,Ingestão de álcool,Colisão traseira,Com Vítimas Feridas,Plena noite,Decrescente,Chuva,Dupla,Reta,Rural,2013,2,0,0,1,1,0,1,2
83065738,2013-09-16,Segunda,18:30:00,RN,304,297.2,MACAIBA,Ultrapassagem indevida,Colisão lateral,Sem Vítimas,Plena noite,Decrescente,Ceu Claro,Simples,Reta,Urbano,2013,2,0,0,0,2,0,0,2
83065791,2013-09-16,Segunda,07:00:00,RN,101,150.3,GOIANINHA,Falta de atenção,Colisão traseira,Sem Vítimas,Pleno dia,Decrescente,Ceu Claro,Dupla,Reta,Rural,2013,2,0,0,0,1,1,0,2
83065819,2013-09-16,Segunda,15:05:00,RN,101,101.9,PARNAMIRIM,Outras,Colisão Transversal,Com Vítimas Feridas,Pleno dia,Crescente,Ceu Claro,Dupla,Reta,Urbano,2013,3,0,0,1,2,0,1,2
83065828,2013-09-16,Segunda,17:40:00,RN,101,94.4,NATAL,Falta de atenção,Colisão traseira,Sem Vítimas,Anoitecer,Crescente,Ceu Claro,Múltipla,Reta,Urbano,2013,4,0,0,0,4,0,0,4
83065837,2013-09-16,Segunda,20:15:00,RN,101,81.0,NATAL,Falta de atenção,Colisão traseira,Sem Vítimas,Plena noite,Decrescente,Ceu Claro,Dupla,Cruzamento,Urbano,2013,2,0,0,0,2,0,0,2
83065877,2013-09-16,Segunda,18:40:00,RN,101,84.8,NATAL,Outras,Colisão lateral,Com Vítimas Feridas,Plena noite,Decrescente,Ceu Claro,Dupla,Reta,Urbano,2013,2,0,1,0,1,0,1,2
83065986,2013-09-15,Domingo,06:15:00,RN,101,79.8,SAO GONCALO DO AMARANTE,Outras,Capotamento,Com Vítimas Feridas,Pleno dia,Crescente,Nublado,Dupla,Reta,Rural,2013,1,0,0,1,0,0,1,1
83066010,2013-09-10,Terça,18:30:00,RN,226,9.3,MACAIBA,Outras,Atropelamento de pessoa,Com Vítimas Fatais,Plena noite,Decrescente,Ceu Claro,Simples,Reta,Rural,2013,2,1,0,0,0,1,0,1
83066123,2013-09-15,Domingo,16:10:00,RN,110,59.9,MOSSORO,Falta de atenção,Queda de motocicleta / bicicleta / veículo,Com Vítimas Feridas,Pleno dia,Crescente,Ceu Claro,Simples,Reta,Rural,2013,2,0,2,0,0,0,2,1
83066138,2013-09-17,Terça,11:00:00,RN,101,95.0,NATAL,Falta de atenção,Colisão traseira,Sem Vítimas,Pleno dia,Crescente,Ceu Claro,Múltipla,Cruzamento,Urbano,2013,2,0,0,0,2,0,0,2
83066165,2013-09-12,Quinta,14:30:00,RN,101,94.0,NATAL,Falta de atenção,Colisão traseira,Sem Vítimas,Pleno dia,Decrescente,Ceu Claro,Dupla,Reta,Urbano,2013,2,0,0,0,2,0,0,2
83066250,2013-09-17,Terça,08:30:00,RN,101,97.5,NATAL,Falta de atenção,Colisão traseira,Sem Vítimas,Pleno dia,Decrescente,Ceu Claro,Dupla,Cruzamento,Urbano,2013,2,0,0,0,2,0,0,2
83066346,2013-09-17,Terça,18:30:00,RN,101,94.0,NATAL,Falta de atenção,Colisão traseira,Sem Vítimas,Pleno dia,Crescente,Ceu Claro,Dupla,Reta,Urbano,2013,2,0,0,0,2,0,0,2
83066563,2013-09-13,Sexta,15:15:00,RN,101,99.8,PARNAMIRIM,Falta de atenção,Colisão traseira,Sem Vítimas,Pleno dia,Decrescente,Sol,Dupla,Reta,Urbano,2013,2,0,0,0,2,0,0,2
83066594,2013-09-10,Terça,06:45:00,RN,101,98.1,NATAL,Não guardar distância de segurança,Colisão traseira,Sem Vítimas,Pleno dia,Decrescente,Sol,Múltipla,Reta,Urbano,2013,2,0,0,0,2,0,0,2
83066618,2013-09-15,Domingo,06:10:00,RN,101,112.0,PARNAMIRIM,Outras,Saída de Pista,Sem Vítimas,Amanhecer,Crescente,Chuva,Dupla,Reta,Rural,2013,1,0,0,0,1,0,0,1
83066642,2013-09-14,Sábado,09:00:00,RN,101,99.0,NATAL,Falta de atenção,Colisão traseira,Sem Vítimas,Pleno dia,Crescente,Ceu Claro,Múltipla,Reta,Urbano,2013,2,0,0,0,2,0,0,2
83066703,2013-09-18,Quarta,09:30:00,RN,226,96.5,SANTA CRUZ,Ingestão de álcool,Colisão lateral,Com Vítimas Feridas,Pleno dia,Crescente,Ceu Claro,Simples,Reta,Rural,2013,2,0,0,1,1,0,1,2
83066709,2013-08-13,Terça,18:45:00,RN,101,148.5,GOIANINHA,Outras,Colisão frontal,Com Vítimas Feridas,Plena noite,Decrescente,Nublado,Simples,Reta,Urbano,2013,2,0,0,1,0,1,1,2
83066835,2013-09-18,Quarta,11:30:00,RN,101,82.9,NATAL,Outras,Colisão traseira,Sem Vítimas,Pleno dia,Decrescente,Ceu Claro,Dupla,Reta,Urbano,2013,2,0,0,0,2,0,0,2
83066851,2013-09-17,Terça,07:55:00,RN,226,2.9,NATAL,Falta de atenção,Colisão Transversal,Sem Vítimas,Pleno dia,Crescente,Sol,Simples,Reta,Urbano,2013,2,0,0,0,2,0,0,2
83066856,2013-09-14,Sábado,14:40:00,RN,101,95.0,NATAL,Falta de atenção,Colisão lateral,Sem Vítimas,Pleno dia,Crescente,Sol,Múltipla,Reta,Urbano,2013,2,0,0,0,2,0,0,2
83066862,2013-09-14,Sábado,18:10:00,RN,304,36.9,MOSSORO,Falta de atenção,Saída de Pista,Sem Vítimas,Plena noite,Decrescente,Ceu Claro,Dupla,Reta,Urbano,2013,1,0,0,0,1,0,0,1
83066864,2013-09-18,Quarta,17:45:00,RN,304,43.0,MOSSORO,Falta de atenção,Colisão lateral,Sem Vítimas,Anoitecer,Crescente,Ceu Claro,Dupla,Cruzamento,Urbano,2013,2,0,0,0,2,0,0,2
83066867,2013-09-18,Quarta,17:10:00,RN,304,46.5,MOSSORO,Falta de atenção,Colisão Transversal,Com Vítimas Feridas,Pleno dia,Crescente,Ceu Claro,Dupla,Reta,Urbano,2013,2,0,1,0,1,0,1,2
83066947,2013-09-15,Domingo,11:05:00,RN,101,98.8,NATAL,Falta de atenção,Colisão traseira,Com Vítimas Feridas,Pleno dia,Decrescente,Ceu Claro,Múltipla,Reta,Urbano,2013,3,0,0,2,1,0,2,2
83066950,2013-09-13,Sexta,08:30:00,RN,101,95.0,NATAL,Não guardar distância de segurança,Colisão traseira,Sem Vítimas,Pleno dia,Decrescente,Ceu Claro,Dupla,Reta,Urbano,2013,3,0,0,0,3,0,0,3
83066981,2013-09-18,Quarta,11:45:00,RN,101,6.0,TOUROS,Outras,Colisão traseira,Sem Vítimas,Pleno dia,Crescente,Sol,Simples,Reta,Rural,2013,2,0,0,0,2,0,0,2
83067226,2013-09-13,Sexta,16:00:00,RN,101,103.3,PARNAMIRIM,Falta de atenção,Colisão lateral,Sem Vítimas,Pleno dia,Crescente,Ceu Claro,Dupla,Reta,Urbano,2013,2,0,0,0,2,0,0,2
83067231,2013-09-11,Quarta,18:30:00,RN,406,141.0,CEARA-MIRIM,Defeito mecânico em veículo,Saída de Pista,Sem Vítimas,Pleno dia,Decrescente,Ceu Claro,Simples,Reta,Rural,2013,1,0,0,0,1,0,0,1
83067284,2013-09-12,Quinta,17:00:00,RN,101,97.0,NATAL,Falta de atenção,Colisão traseira,Sem Vítimas,Anoitecer,Crescente,Ceu Claro,Múltipla,Reta,Urbano,2013,3,0,0,0,3,0,0,3
83067307,2013-09-19,Quinta,07:40:00,RN,101,97.4,NATAL,Outras,Colisão lateral,Sem Vítimas,Pleno dia,Decrescente,Sol,Dupla,Reta,Urbano,2013,2,0,0,0,2,0,0,2
83067326,2013-09-19,Quinta,13:45:00,RN,101,99.0,NATAL,Falta de atenção,Colisão traseira,Sem Vítimas,Pleno dia,Decrescente,Ceu Claro,Dupla,Reta,Urbano,2013,2,0,0,0,2,0,0,2
83067455,2013-09-19,Quinta,07:40:00,RN,304,35.3,MOSSORO,Falta de atenção,Colisão traseira,Com Vítimas Feridas,Pleno dia,Decrescente,Ceu Claro,Dupla,Curva,Urbano,2013,3,0,2,0,1,0,2,2
83067462,2013-09-19,Quinta,13:45:00,RN,101,107.7,PARNAMIRIM,Falta de atenção,Colisão lateral,Sem Vítimas,Pleno dia,Decrescente,Ceu Claro,Dupla,Cruzamento,Urbano,2013,2,0,0,0,1,1,0,2
83067491,2013-09-19,Quinta,07:50:00,RN,101,95.0,NATAL,Ultrapassagem indevida,Colisão traseira,Sem Vítimas,Pleno dia,Crescente,Ceu Claro,Dupla,Reta,Urbano,2013,2,0,0,0,2,0,0,2
83067508,2013-09-19,Quinta,08:35:00,RN,101,98.7,NATAL,Velocidade incompatível,Atropelamento de pessoa,Com Vítimas Feridas,Pleno dia,Decrescente,Ceu Claro,Múltipla,Reta,Urbano,2013,2,0,0,1,1,0,1,1
83067512,2013-09-19,Quinta,18:45:00,RN,101,96.0,NATAL,Falta de atenção,Colisão traseira,Sem Vítimas,Plena noite,Crescente,Ceu Claro,Múltipla,Reta,Urbano,2013,2,0,0,0,2,0,0,2
83067619,2013-09-19,Quinta,18:55:00,RN,101,95.4,NATAL,Falta de atenção,Colisão traseira,Sem Vítimas,Plena noite,Decrescente,Ceu Claro,Múltipla,Reta,Urbano,2013,2,0,0,0,2,0,0,2
83067735,2013-09-20,Sexta,07:45:00,RN,101,98.0,NATAL,Falta de atenção,Colisão lateral,Sem Vítimas,Pleno dia,Decrescente,Nublado,Múltipla,Cruzamento,Urbano,2013,2,0,0,0,1,1,0,2
83067736,2013-09-20,Sexta,07:15:00,RN,110,48.0,MOSSORO,Não guardar distância de segurança,Colisão traseira,Sem Vítimas,Pleno dia,Decrescente,Ceu Claro,Simples,Reta,Urbano,2013,7,0,0,0,7,0,0,2
83067796,2013-09-20,Sexta,06:10:00,RN,101,80.3,NATAL,Outras,Colisão Transversal,Com Vítimas Feridas,Pleno dia,Decrescente,Ceu Claro,Dupla,Cruzamento,Urbano,2013,2,0,0,1,1,0,1,2
83067874,2013-09-20,Sexta,07:50:00,RN,110,47.3,MOSSORO,Defeito mecânico em veículo,Queda de motocicleta / bicicleta / veículo,Com Vítimas Feridas,Pleno dia,Decrescente,Ceu Claro,Simples,Reta,Urbano,2013,2,0,2,0,0,0,2,1
83067889,2013-09-20,Sexta,11:10:00,RN,101,102.0,PARNAMIRIM,Falta de atenção,Colisão traseira,Sem Vítimas,Pleno dia,Decrescente,Ceu Claro,Dupla,Cruzamento,Urbano,2013,2,0,0,0,2,0,0,2
83067967,2013-09-20,Sexta,17:20:00,RN,101,103.4,PARNAMIRIM,Falta de atenção,Colisão traseira,Sem Vítimas,Anoitecer,Crescente,Ceu Claro,Múltipla,Reta,Urbano,2013,2,0,0,0,2,0,0,2
83068078,2013-09-20,Sexta,18:45:00,RN,304,46.9,MOSSORO,Falta de atenção,Colisão traseira,Sem Vítimas,Plena noite,Decrescente,Ceu Claro,Dupla,Reta,Urbano,2013,3,0,0,0,2,1,0,2
83068141,2013-09-20,Sexta,18:40:00,RN,304,306.9,PARNAMIRIM,Outras,Atropelamento de pessoa,Com Vítimas Fatais,Plena noite,Crescente,Ceu Claro,Dupla,Reta,Urbano,2013,4,1,1,0,2,0,1,1
83068197,2013-09-21,Sábado,02:30:00,RN,427,14.9,ACARI,Dormindo,Capotamento,Sem Vítimas,Plena noite,Decrescente,Ceu Claro,Simples,Curva,Rural,2013,1,0,0,0,1,0,0,1
83068298,2013-09-21,Sábado,07:20:00,RN,101,99.9,NATAL,Não guardar distância de segurança,Colisão traseira,Sem Vítimas,Pleno dia,Crescente,Chuva,Dupla,Reta,Urbano,2013,2,0,0,0,2,0,0,2
83068336,2013-09-21,Sábado,06:45:00,RN,101,99.0,NATAL,Ingestão de álcool,Colisão traseira,Sem Vítimas,Amanhecer,Crescente,Chuva,Múltipla,Reta,Urbano,2013,2,0,0,0,2,0,0,2
83068727,2013-09-21,Sábado,23:07:00,RN,101,96.4,NATAL,Outras,Colisão Transversal,Sem Vítimas,Plena noite,Crescente,Chuva,Múltipla,Reta,Urbano,2013,3,0,0,0,2,1,0,3
83068731,2013-09-21,Sábado,23:08:00,RN,101,96.4,NATAL,Não guardar distância de segurança,Colisão traseira,Sem Vítimas,Plena noite,Crescente,Chuva,Múltipla,Reta,Urbano,2013,3,0,0,0,2,1,0,3
83068983,2013-09-22,Domingo,11:30:00,RN,304,43.0,MOSSORO,Outras,Colisão Transversal,Com Vítimas Feridas,Pleno dia,Crescente,Sol,Dupla,Cruzamento,Rural,2013,2,0,0,1,1,0,1,2
83069000,2013-09-22,Domingo,15:25:00,RN,304,13.8,MOSSORO,Animais na Pista,Capotamento,Sem Vítimas,Pleno dia,Crescente,Ceu Claro,Simples,Reta,Rural,2013,1,0,0,0,1,0,0,1
83069115,2013-09-22,Domingo,17:20:00,RN,101,110.0,PARNAMIRIM,Falta de atenção,Colisão traseira,Sem Vítimas,Anoitecer,Decrescente,Ceu Claro,Dupla,Reta,Urbano,2013,2,0,0,0,2,0,0,2
83069124,2013-09-22,Domingo,17:30:00,RN,101,66.6,EXTREMOZ,Falta de atenção,Colisão Transversal,Sem Vítimas,Anoitecer,Decrescente,Ceu Claro,Simples,Cruzamento,Rural,2013,2,0,0,0,2,0,0,2
83069140,2013-09-22,Domingo,14:20:00,RN,101,84.1,SAO GONCALO DO AMARANTE,Não guardar distância de segurança,Colisão traseira,Com Vítimas Feridas,Pleno dia,Crescente,Sol,Dupla,Reta,Urbano,2013,2,0,0,1,0,1,1,2
83069146,2013-09-22,Domingo,17:20:00,RN,101,112.0,SAO JOSE DE MIPIBU,Falta de atenção,Colisão com bicicleta,Com Vítimas Fatais,Pleno dia,Decrescente,Ceu Claro,Dupla,Reta,Urbano,2013,2,1,0,0,1,0,0,2
83069183,2013-09-19,Quinta,08:15:00,RN,304,288.0,MACAIBA,Outras,Colisão traseira,Sem Vítimas,Pleno dia,Decrescente,Ceu Claro,Simples,Reta,Rural,2013,2,0,0,0,2,0,0,2
83069222,2013-09-22,Domingo,19:40:00,RN,304,260.6,SANTA MARIA,Ingestão de álcool,Colisão lateral,Com Vítimas Feridas,Plena noite,Decrescente,Nublado,Simples,Reta,Rural,2013,2,0,0,1,1,0,1,2
83069260,2013-09-22,Domingo,18:00:00,RN,226,141.5,CAMPO REDONDO,Outras,Colisão Transversal,Com Vítimas Fatais,Plena noite,Crescente,Ceu Claro,Simples,Reta,Rural,2013,3,1,1,0,0,1,1,2
83069268,2013-09-18,Quarta,15:30:00,RN,101,97.2,NATAL,Não guardar distância de segurança,Colisão traseira,Sem Vítimas,Pleno dia,Crescente,Ceu Claro,Múltipla,Reta,Urbano,2013,2,0,0,0,2,0,0,2
83069310,2013-09-19,Quinta,13:20:00,RN,406,162.0,SAO GONCALO DO AMARANTE,Falta de atenção,Colisão Transversal,Sem Vítimas,Pleno dia,Decrescente,Ceu Claro,Simples,Reta,Rural,2013,2,0,0,0,2,0,0,2
83069381,2013-09-12,Quinta,18:30:00,RN,101,103.5,PARNAMIRIM,Falta de atenção,Colisão lateral,Sem Vítimas,Anoitecer,Decrescente,Nublado,Múltipla,Reta,Urbano,2013,2,0,0,0,2,0,0,2
83069382,2013-09-23,Segunda,07:30:00,RN,110,44.9,MOSSORO,Falta de atenção,Colisão lateral,Sem Vítimas,Pleno dia,Crescente,Nublado,Simples,Reta,Urbano,2013,2,0,0,0,2,0,0,2
83069400,2013-09-19,Quinta,15:30:00,RN,101,99.0,NATAL,Não guardar distância de segurança,Colisão traseira,Sem Vítimas,Pleno dia,Decrescente,Ceu Claro,Dupla,Reta,Urbano,2013,5,0,0,0,5,0,0,5
83069478,2013-09-22,Domingo,01:00:00,RN,304,38.7,MOSSORO,Ingestão de álcool,Colisão Transversal,Com Vítimas Feridas,Plena noite,Decrescente,Ceu Claro,Dupla,Reta,Urbano,2013,2,0,1,0,1,0,1,2
83069499,2013-09-23,Segunda,07:15:00,RN,101,99.0,NATAL,Falta de atenção,Colisão traseira,Sem Vítimas,Pleno dia,Decrescente,Ceu Claro,Dupla,Reta,Urbano,2013,4,0,0,0,4,0,0,4
83069566,2013-09-23,Segunda,08:00:00,RN,101,98.8,NATAL,Falta de atenção,Colisão traseira,Sem Vítimas,Pleno dia,Decrescente,Ceu Claro,Dupla,Curva,Urbano,2013,3,0,0,0,3,0,0,3
83069639,2013-09-23,Segunda,17:45:00,RN,101,95.0,NATAL,Outras,Colisão traseira,Com Vítimas Feridas,Anoitecer,Crescente,Ceu Claro,Dupla,Reta,Urbano,2013,2,0,1,0,1,0,1,2
83069665,2013-09-23,Segunda,17:50:00,RN,101,109.0,PARNAMIRIM,Falta de atenção,Colisão traseira,Sem Vítimas,Plena noite,Decrescente,Ceu Claro,Dupla,Reta,Rural,2013,2,0,0,0,2,0,0,2
83069790,2013-09-19,Quinta,05:10:00,RN,304,38.0,MOSSORO,Falta de atenção,Colisão traseira,Sem Vítimas,Amanhecer,Decrescente,Ceu Claro,Dupla,Reta,Urbano,2013,2,0,0,0,1,1,0,2
83069889,2013-09-11,Quarta,11:40:00,RN,101,96.8,NATAL,Desobediência à sinalização,Colisão Transversal,Sem Vítimas,Pleno dia,Decrescente,Ceu Claro,Múltipla,Cruzamento,Urbano,2013,2,0,0,0,2,0,0,2
83069962,2013-09-23,Segunda,13:25:00,RN,101,96.2,NATAL,Falta de atenção,Colisão lateral,Sem Vítimas,Pleno dia,Decrescente,Ceu Claro,Múltipla,Cruzamento,Urbano,2013,2,0,0,0,2,0,0,2
83069970,2013-09-24,Terça,10:30:00,RN,101,103.0,PARNAMIRIM,Falta de atenção,Colisão lateral,Sem Vítimas,Pleno dia,Crescente,Ceu Claro,Simples,Reta,Urbano,2013,2,0,0,0,2,0,0,2
83070013,2013-09-24,Terça,11:50:00,RN,101,99.8,NATAL,Falta de atenção,Colisão lateral,Sem Vítimas,Pleno dia,Decrescente,Ceu Claro,Dupla,Reta,Urbano,2013,2,0,0,0,2,0,0,2
83070039,2013-09-24,Terça,07:45:00,RN,101,97.0,NATAL,Falta de atenção,Colisão traseira,Sem Vítimas,Pleno dia,Crescente,Sol,Múltipla,Cruzamento,Urbano,2013,2,0,0,0,2,0,0,2
83070058,2013-09-24,Terça,08:30:00,RN,101,96.0,NATAL,Ingestão de álcool,Atropelamento de pessoa,Com Vítimas Feridas,Pleno dia,Decrescente,Ceu Claro,Dupla,Curva,Urbano,2013,2,0,1,0,1,0,1,1
83070066,2013-09-24,Terça,12:20:00,RN,101,97.0,NATAL,Outras,Capotamento,Com Vítimas Feridas,Pleno dia,Decrescente,Ceu Claro,Múltipla,Reta,Urbano,2013,3,0,2,1,0,0,3,2
83070073,2013-09-21,Sábado,23:00:00,RN,101,95.8,NATAL,Não guardar distância de segurança,Colisão traseira,Sem Vítimas,Plena noite,Crescente,Chuva,Múltipla,Reta,Urbano,2013,3,0,0,0,2,1,0,3
83070074,2013-09-24,Terça,10:49:00,RN,101,96.0,NATAL,Outras,Colisão lateral,Com Vítimas Feridas,Pleno dia,Crescente,Sol,Múltipla,Reta,Urbano,2013,2,0,1,0,0,1,1,2
83070102,2013-09-24,Terça,15:22:00,RN,304,35.4,MOSSORO,Desobediência à sinalização,Colisão Transversal,Sem Vítimas,Pleno dia,Crescente,Ceu Claro,Dupla,Reta,Urbano,2013,2,0,0,0,2,0,0,2
83070213,2013-09-24,Terça,19:10:00,RN,304,37.0,MOSSORO,Falta de atenção,Colisão lateral,Sem Vítimas,Plena noite,Crescente,Ceu Claro,Dupla,Curva,Urbano,2013,2,0,0,0,2,0,0,2
83070234,2013-09-24,Terça,11:00:00,RN,304,124.6,ITAJA,Outras,Colisão com objeto móvel,Sem Vítimas,Pleno dia,Decrescente,Ceu Claro,Simples,Reta,Rural,2013,2,0,0,0,1,1,0,2
83070260,2013-09-24,Terça,19:10:00,RN,304,40.4,MOSSORO,Outras,Colisão com bicicleta,Com Vítimas Feridas,Plena noite,Crescente,Ceu Claro,Dupla,Reta,Rural,2013,2,0,0,1,0,1,1,2
83070294,2013-09-24,Terça,23:40:00,RN,304,43.1,MOSSORO,Outras,Tombamento,Sem Vítimas,Plena noite,Crescente,Ceu Claro,Simples,Reta,Rural,2013,1,0,0,0,1,0,0,1
83070442,2013-09-25,Quarta,07:00:00,RN,226,8.0,MACAIBA,Falta de atenção,Colisão traseira,Sem Vítimas,Pleno dia,Decrescente,Sol,Simples,Reta,Rural,2013,2,0,0,0,2,0,0,2
83070502,2013-09-25,Quarta,10:40:00,RN,101,94.6,NATAL,Falta de atenção,Colisão frontal,Com Vítimas Feridas,Pleno dia,Crescente,Ceu Claro,Dupla,Curva,Urbano,2013,3,0,2,1,0,0,3,2
83070581,2013-09-25,Quarta,16:17:00,RN,101,101.8,PARNAMIRIM,Não guardar distância de segurança,Colisão lateral,Com Vítimas Feridas,Pleno dia,Decrescente,Ceu Claro,Dupla,Cruzamento,Urbano,2013,3,0,1,0,1,1,1,3
83070710,2013-09-25,Quarta,09:05:00,RN,101,94.2,NATAL,Falta de atenção,Colisão traseira,Sem Vítimas,Pleno dia,Decrescente,Ceu Claro,Múltipla,Reta,Urbano,2013,2,0,0,0,2,0,0,2
83070714,2013-09-25,Quarta,13:35:00,RN,226,2.0,NATAL,Falta de atenção,Colisão Transversal,Sem Vítimas,Pleno dia,Decrescente,Ceu Claro,Dupla,Reta,Urbano,2013,2,0,0,0,2,0,0,2
83070748,2013-09-25,Quarta,17:50:00,RN,405,151.0,PAU DOS FERROS,Animais na Pista,Atropelamento de animal,Sem Vítimas,Anoitecer,Decrescente,Ceu Claro,Simples,Reta,Urbano,2013,1,0,0,0,1,0,0,1
83070762,2013-09-26,Quinta,00:30:00,RN,226,47.5,BOM JESUS,Animais na Pista,Atropelamento de animal,Sem Vítimas,Plena noite,Crescente,Ceu Claro,Simples,Reta,Urbano,2013,1,0,0,0,1,0,0,1
83070787,2013-09-25,Quarta,20:10:00,RN,304,107.1,ASSU,Ingestão de álcool,Colisão lateral,Com Vítimas Feridas,Plena noite,Decrescente,Ceu Claro,Simples,Reta,Rural,2013,4,0,0,1,1,2,1,2
83070833,2013-09-24,Terça,09:30:00,RN,101,83.0,NATAL,Não guardar distância de segurança,Colisão traseira,Sem Vítimas,Pleno dia,Decrescente,Ceu Claro,Dupla,Reta,Urbano,2013,2,0,0,0,2,0,0,2