id,data_inversa,dia_semana,horario,uf,br,km,municipio,causa_acidente,tipo_acidente,classificacao_acidente,fase_dia,sentido_via,condicao_metereologica,tipo_pista,tracado_via,uso_solo,ano,pessoas,mortos,feridos_leves,feridos_graves,ilesos,ignorados,feridos,veiculos
83093018,2013-11-07,Quinta,18:00:00,RN,101,101.0,PARNAMIRIM,Falta de atenção,Colisão traseira,Sem Vítimas,Plena noite,Crescente,Nublado,Dupla,Reta,Urbano,2013,2,0,0,0,2,0,0,2
83093054,2013-11-04,Segunda,23:40:00,RN,304,56.9,MOSSORO,Dormindo,Capotamento,Com Vítimas Feridas,Plena noite,Decrescente,Ceu Claro,Simples,Reta,Rural,2013,1,0,1,0,0,0,1,1
83093093,2013-11-04,Segunda,16:00:00,RN,101,101.9,PARNAMIRIM,Falta de atenção,Colisão lateral,Sem Vítimas,Pleno dia,Crescente,Ceu Claro,Dupla,Reta,Urbano,2013,2,0,0,0,2,0,0,2
83093120,2013-11-05,Terça,06:30:00,RN,304,296.0,MACAIBA,Falta de atenção,Colisão Transversal,Sem Vítimas,Pleno dia,Decrescente,Ceu Claro,Simples,Cruzamento,Urbano,2013,2,0,0,0,2,0,0,2
83093121,2013-11-08,Sexta,08:15:00,RN,101,77.5,NATAL,Falta de atenção,Colisão Transversal,Com Vítimas Feridas,Pleno dia,Decrescente,Ceu Claro,Simples,Reta,Rural,2013,2,0,1,0,1,0,1,2
83093155,2013-11-08,Sexta,08:20:00,RN,101,100.3,PARNAMIRIM,Falta de atenção,Colisão Transversal,Sem Vítimas,Pleno dia,Decrescente,Ceu Claro,Múltipla,Reta,Urbano,2013,2,0,0,0,2,0,0,2
83093198,2013-11-08,Sexta,10:00:00,RN,101,110.0,PARNAMIRIM,Não guardar distância de segurança,Colisão traseira,Sem Vítimas,Pleno dia,Decrescente,Ceu Claro,Dupla,Cruzamento,Urbano,2013,2,0,0,0,2,0,0,2
83093214,2013-11-08,Sexta,08:50:00,RN,304,300.3,MACAIBA,Outras,Colisão lateral,Sem Vítimas,Pleno dia,Crescente,Sol,Dupla,Reta,Rural,2013,2,0,0,0,2,0,0,2
83093225,2013-11-08,Sexta,10:40:00,RN,101,106.0,PARNAMIRIM,Falta de atenção,Colisão lateral,Sem Vítimas,Pleno dia,Decrescente,Ceu Claro,Dupla,Reta,Urbano,2013,2,0,0,0,2,0,0,2
83093234,2013-11-08,Sexta,13:40:00,RN,110,47.9,MOSSORO,Não guardar distância de segurança,Colisão com objeto fixo,Com Vítimas Feridas,Pleno dia,Decrescente,Sol,Simples,Reta,Urbano,2013,2,0,2,0,0,0,2,1
83093244,2013-11-01,Sexta,19:30:00,RN,101,97.0,NATAL,Falta de atenção,Colisão traseira,Sem Vítimas,Plena noite,Decrescente,Ceu Claro,Múltipla,Reta,Urbano,2013,2,0,0,0,1,1,0,2
83093329,2013-11-08,Sexta,14:10:00,RN,101,124.5,SAO JOSE DE MIPIBU,Desobediência à sinalização,Colisão Transversal,Sem Vítimas,Pleno dia,Decrescente,Sol,Múltipla,Reta,Urbano,2013,2,0,0,0,2,0,0,2
83093337,2013-11-08,Sexta,18:50:00,RN,304,297.7,MACAIBA,Não guardar distância de segurança,Colisão lateral,Sem Vítimas,Plena noite,Decrescente,Nublado,Simples,Curva,Urbano,2013,2,0,0,0,2,0,0,2
83093358,2013-11-08,Sexta,15:50:00,RN,101,96.7,NATAL,Desobediência à sinalização,Colisão lateral,Sem Vítimas,Pleno dia,Crescente,Ceu Claro,Múltipla,Cruzamento,Urbano,2013,2,0,0,0,2,0,0,2
83093408,2013-11-08,Sexta,18:30:00,RN,304,57.4,MOSSORO,Falta de atenção,Queda de motocicleta / bicicleta / veículo,Com Vítimas Feridas,Plena noite,Crescente,Ceu Claro,Simples,Reta,Rural,2013,1,0,1,0,0,0,1,1
83093520,2013-11-08,Sexta,16:00:00,RN,304,39.4,MOSSORO,Defeito mecânico em veículo,Colisão com objeto fixo,Sem Vítimas,Pleno dia,Crescente,Ceu Claro,Dupla,Reta,Urbano,2013,1,0,0,0,1,0,0,1
83093553,2013-11-08,Sexta,14:30:00,RN,405,3.1,MOSSORO,Falta de atenção,Colisão Transversal,Sem Vítimas,Pleno dia,Crescente,Sol,Simples,Reta,Urbano,2013,3,0,0,0,3,0,0,2
83093592,2013-11-08,Sexta,18:00:00,RN,101,102.7,PARNAMIRIM,Não guardar distância de segurança,Colisão traseira,Sem Vítimas,Plena noite,Decrescente,Nublado,Múltipla,Reta,Urbano,2013,3,0,0,0,3,0,0,3
83093601,2013-11-08,Sexta,21:40:00,RN,101,98.7,NATAL,Outras,Colisão traseira,Sem Vítimas,Plena noite,Decrescente,Ignorada,Dupla,Reta,Urbano,2013,2,0,0,0,2,0,0,2
83093603,2013-11-08,Sexta,17:40:00,RN,101,104.2,PARNAMIRIM,Falta de atenção,Colisão lateral,Sem Vítimas,Anoitecer,Crescente,Nevoeiro/neblina,Dupla,Reta,Urbano,2013,3,0,0,0,3,0,0,3
83093667,2013-11-05,Terça,07:55:00,RN,101,98.3,NATAL,Não guardar distância de segurança,Colisão lateral,Sem Vítimas,Pleno dia,Decrescente,Sol,Dupla,Reta,Urbano,2013,2,0,0,0,2,0,0,2
83093774,2013-11-09,Sábado,10:00:00,RN,304,40.6,MOSSORO,Outras,Saída de Pista,Sem Vítimas,Pleno dia,Crescente,Ceu Claro,Dupla,Reta,Urbano,2013,2,0,0,0,2,0,0,2
83093855,2013-11-05,Terça,11:40:00,RN,101,106.8,PARNAMIRIM,Falta de atenção,Colisão traseira,Sem Vítimas,Pleno dia,Decrescente,Sol,Dupla,Reta,Urbano,2013,3,0,0,0,3,0,0,3
83093878,2013-11-09,Sábado,14:00:00,RN,405,3.0,MOSSORO,Desobediência à sinalização,Colisão Transversal,Sem Vítimas,Pleno dia,Crescente,Sol,Simples,Reta,Urbano,2013,3,0,0,0,3,0,0,2
83093929,2013-11-09,Sábado,11:50:00,RN,101,82.7,NATAL,Falta de atenção,Colisão com bicicleta,Sem Vítimas,Pleno dia,Decrescente,Vento,Dupla,Reta,Urbano,2013,2,0,0,0,2,0,0,2
83093959,2013-11-06,Quarta,15:30:00,RN,405,3.2,MOSSORO,Desobediência à sinalização,Colisão Transversal,Com Vítimas Feridas,Pleno dia,Crescente,Ceu Claro,Simples,Reta,Urbano,2013,3,0,1,0,2,0,1,3
83093998,2013-11-06,Quarta,12:50:00,RN,101,96.9,NATAL,Falta de atenção,Colisão traseira,Sem Vítimas,Pleno dia,Crescente,Ceu Claro,Dupla,Reta,Urbano,2013,2,0,0,0,2,0,0,2
83094031,2013-11-09,Sábado,23:00:00,RN,101,102.1,PARNAMIRIM,Falta de atenção,Colisão Transversal,Sem Vítimas,Plena noite,Crescente,Ceu Claro,Múltipla,Cruzamento,Urbano,2013,2,0,0,0,2,0,0,2
83094100,2013-11-09,Sábado,16:00:00,RN,101,86.0,NATAL,Falta de atenção,Colisão lateral,Com Vítimas Feridas,Pleno dia,Decrescente,Ceu Claro,Dupla,Reta,Urbano,2013,2,0,1,0,1,0,1,2
83094149,2013-11-01,Sexta,11:40:00,RN,304,248.6,RIACHUELO,Falta de atenção,Colisão traseira,Sem Vítimas,Pleno dia,Crescente,Ceu Claro,Simples,Reta,Rural,2013,2,0,0,0,2,0,0,2
83094178,2013-11-01,Sexta,17:50:00,RN,304,297.3,MACAIBA,Não guardar distância de segurança,Colisão lateral,Sem Vítimas,Anoitecer,Decrescente,Ceu Claro,Simples,Reta,Rural,2013,2,0,0,0,2,0,0,2
83094180,2013-11-10,Domingo,06:00:00,RN,427,66.1,JARDIM DO SERIDO,Velocidade incompatível,Saída de Pista,Com Vítimas Fatais,Pleno dia,Decrescente,Ceu Claro,Simples,Curva,Rural,2013,1,1,0,0,0,0,0,1
83094185,2013-11-05,Terça,14:20:00,RN,101,96.9,NATAL,Outras,Colisão traseira,Com Vítimas Feridas,Pleno dia,Decrescente,Chuva,Múltipla,Reta,Urbano,2013,7,0,2,0,4,1,2,6
83094257,2013-11-06,Quarta,14:40:00,RN,304,13.1,MOSSORO,Outras,Saída de Pista,Sem Vítimas,Pleno dia,Crescente,Ceu Claro,Simples,Reta,Rural,2013,1,0,0,0,1,0,0,1
83094263,2013-11-10,Domingo,11:20:00,RN,110,49.5,MOSSORO,Ingestão de álcool,Colisão traseira,Com Vítimas Feridas,Pleno dia,Decrescente,Ceu Claro,Dupla,Reta,Urbano,2013,2,0,1,0,1,0,1,2
83094296,2013-11-09,Sábado,06:30:00,RN,226,251.3,JUCURUTU,Ultrapassagem indevida,Colisão frontal,Com Vítimas Feridas,Pleno dia,Crescente,Ceu Claro,Simples,Reta,Rural,2013,4,0,3,0,0,1,3,3
83094301,2013-11-10,Domingo,14:15:00,RN,101,84.6,NATAL,Outras,Colisão lateral,Sem Vítimas,Pleno dia,Decrescente,Ceu Claro,Simples,Curva,Urbano,2013,2,0,0,0,2,0,0,2
83094329,2013-11-10,Domingo,16:40:00,RN,101,118.4,SAO JOSE DE MIPIBU,Falta de atenção,Colisão traseira,Sem Vítimas,Pleno dia,Decrescente,Ceu Claro,Dupla,Reta,Rural,2013,2,0,0,0,2,0,0,2
83094331,2013-11-10,Domingo,07:40:00,RN,304,43.0,MOSSORO,Desobediência à sinalização,Colisão Transversal,Sem Vítimas,Pleno dia,Decrescente,Sol,Simples,Cruzamento,Urbano,2013,2,0,0,0,2,0,0,2
83094393,2013-11-10,Domingo,18:00:00,RN,101,67.7,EXTREMOZ,Desobediência à sinalização,Colisão lateral,Sem Vítimas,Plena noite,Crescente,Ceu Claro,Simples,Curva,Rural,2013,2,0,0,0,2,0,0,2
83094406,2013-11-10,Domingo,18:30:00,RN,101,83.3,NATAL,Falta de atenção,Atropelamento de pessoa,Com Vítimas Feridas,Plena noite,Decrescente,Ceu Claro,Dupla,Reta,Urbano,2013,3,0,3,0,0,0,3,1
83094470,2013-11-10,Domingo,16:50:00,RN,101,115.3,SAO JOSE DE MIPIBU,Outras,Saída de Pista,Sem Vítimas,Pleno dia,Crescente,Sol,Dupla,Curva,Rural,2013,1,0,0,0,1,0,0,1
83094487,2013-11-10,Domingo,20:35:00,RN,304,90.5,ASSU,Falta de atenção,Colisão traseira,Com Vítimas Fatais,Plena noite,Decrescente,Ceu Claro,Simples,Reta,Rural,2013,2,1,0,0,0,1,0,2
83094488,2013-11-10,Domingo,19:30:00,RN,304,126.0,ITAJA,Não guardar distância de segurança,Colisão traseira,Sem Vítimas,Plena noite,Decrescente,Ceu Claro,Simples,Reta,Rural,2013,2,0,0,0,2,0,0,2
83094501,2013-11-10,Domingo,22:42:00,RN,304,35.4,MOSSORO,Não guardar distância de segurança,Colisão lateral,Sem Vítimas,Plena noite,Decrescente,Ceu Claro,Simples,Curva,Urbano,2013,2,0,0,0,1,1,0,2
83094509,2013-11-10,Domingo,21:00:00,RN,405,153.0,PAU DOS FERROS,Falta de atenção,Colisão frontal,Com Vítimas Feridas,Plena noite,Decrescente,Ceu Claro,Simples,Reta,Urbano,2013,2,0,0,1,0,1,1,2
83094645,2013-11-11,Segunda,08:15:00,RN,101,85.0,SAO GONCALO DO AMARANTE,Velocidade incompatível,Colisão traseira,Sem Vítimas,Pleno dia,Crescente,Ceu Claro,Dupla,Reta,Urbano,2013,2,0,0,0,2,0,0,2
83094648,2013-11-11,Segunda,08:15:00,RN,101,86.0,SAO GONCALO DO AMARANTE,Não guardar distância de segurança,Colisão traseira,Sem Vítimas,Pleno dia,Crescente,Ceu Claro,Dupla,Reta,Urbano,2013,2,0,0,0,2,0,0,2
83094692,2013-11-07,Quinta,22:30:00,RN,304,270.7,SAO PEDRO,Outras,Colisão frontal,Com Vítimas Feridas,Plena noite,Decrescente,Ceu Claro,Simples,Reta,Rural,2013,3,0,1,2,0,0,3,2
83094756,2013-11-11,Segunda,10:40:00,RN,304,112.4,ASSU,Defeito mecânico em veículo,Tombamento,Sem Vítimas,Pleno dia,Decrescente,Sol,Simples,Reta,Rural,2013,1,0,0,0,1,0,0,1
83094781,2013-11-11,Segunda,08:25:00,RN,101,98.5,NATAL,Outras,Colisão lateral,Com Vítimas Feridas,Pleno dia,Decrescente,Ceu Claro,Dupla,Reta,Urbano,2013,3,0,1,0,1,1,1,2
83094787,2013-11-09,Sábado,23:26:00,RN,226,176.2,CURRAIS NOVOS,Outras,Atropelamento de pessoa,Com Vítimas Fatais,Plena noite,Decrescente,Ceu Claro,Simples,Curva,Urbano,2013,3,1,1,0,0,1,1,2
83094791,2013-11-11,Segunda,12:40:00,RN,101,104.0,PARNAMIRIM,Falta de atenção,Colisão traseira,Sem Vítimas,Pleno dia,Crescente,Ceu Claro,Dupla,Curva,Urbano,2013,2,0,0,0,2,0,0,2
83094795,2013-11-11,Segunda,11:40:00,RN,101,107.7,PARNAMIRIM,Não guardar distância de segurança,Colisão lateral,Sem Vítimas,Pleno dia,Decrescente,Ceu Claro,Dupla,Cruzamento,Urbano,2013,2,0,0,0,1,1,0,2
83094809,2013-11-04,Segunda,05:20:00,RN,406,169.0,SAO GONCALO DO AMARANTE,Animais na Pista,Colisão Transversal,Sem Vítimas,Pleno dia,Crescente,Ceu Claro,Simples,Reta,Urbano,2013,2,0,0,0,2,0,0,2
83094836,2013-11-11,Segunda,14:20:00,RN,101,94.0,NATAL,Não guardar distância de segurança,Colisão traseira,Sem Vítimas,Pleno dia,Decrescente,Sol,Múltipla,Reta,Urbano,2013,4,0,0,0,4,0,0,4
83094849,2013-11-11,Segunda,13:00:00,RN,101,6.0,TOUROS,Outras,Colisão Transversal,Com Vítimas Feridas,Pleno dia,Decrescente,Ceu Claro,Simples,Reta,Rural,2013,2,0,1,0,1,0,1,2
83094878,2013-11-11,Segunda,11:25:00,RN,304,31.7,MOSSORO,Falta de atenção,Colisão frontal,Com Vítimas Feridas,Pleno dia,Decrescente,Nublado,Simples,Reta,Urbano,2013,3,0,2,0,1,0,2,2
83094927,2013-11-11,Segunda,18:40:00,RN,101,97.5,NATAL,Não guardar distância de segurança,Colisão traseira,Sem Vítimas,Plena noite,Crescente,Ceu Claro,Dupla,Reta,Urbano,2013,4,0,0,0,4,0,0,3
83095010,2013-11-08,Sexta,11:10:00,RN,101,106.5,PARNAMIRIM,Outras,Colisão traseira,Sem Vítimas,Pleno dia,Decrescente,Sol,Dupla,Reta,Urbano,2013,2,0,0,0,2,0,0,2
83095040,2013-11-08,Sexta,18:10:00,RN,226,47.7,BOM JESUS,Outras,Colisão traseira,Sem Vítimas,Anoitecer,Crescente,Nublado,Simples,Reta,Urbano,2013,2,0,0,0,2,0,0,2
83095044,2013-11-12,Terça,07:30:00,RN,101,106.8,PARNAMIRIM,Falta de atenção,Colisão lateral,Sem Vítimas,Pleno dia,Decrescente,Ceu Claro,Dupla,Cruzamento,Urbano,2013,2,0,0,0,2,0,0,2
83095072,2013-11-12,Terça,08:30:00,RN,405,77.4,APODI,Falta de atenção,Colisão lateral,Sem Vítimas,Pleno dia,Crescente,Sol,Simples,Cruzamento,Urbano,2013,2,0,0,0,1,1,0,2
83095096,2013-11-08,Sexta,15:30:00,RN,406,140.0,TAIPU,Falta de atenção,Colisão frontal,Com Vítimas Feridas,Pleno dia,Crescente,Ceu Claro,Simples,Curva,Rural,2013,4,0,3,1,0,0,4,2
83095131,2013-11-08,Sexta,16:20:00,RN,406,123.6,POCO BRANCO,Falta de atenção,Colisão frontal,Com Vítimas Feridas,Pleno dia,Crescente,Ceu Claro,Simples,Reta,Rural,2013,2,0,1,1,0,0,2,2
83095153,2013-11-12,Terça,16:00:00,RN,406,100.0,JOAO CAMARA,Falta de atenção,Colisão Transversal,Com Vítimas Feridas,Pleno dia,Crescente,Ceu Claro,Simples,Reta,Rural,2013,3,0,1,2,0,0,3,2
83095176,2013-11-12,Terça,07:55:00,RN,304,35.0,MOSSORO,Não guardar distância de segurança,Colisão traseira,Sem Vítimas,Pleno dia,Decrescente,Ceu Claro,Dupla,Cruzamento,Urbano,2013,2,0,0,0,2,0,0,2
83095188,2013-11-12,Terça,14:30:00,RN,101,104.0,PARNAMIRIM,Não guardar distância de segurança,Colisão lateral,Sem Vítimas,Pleno dia,Crescente,Ceu Claro,Dupla,Reta,Urbano,2013,2,0,0,0,2,0,0,2
83095201,2013-11-12,Terça,13:50:00,RN,405,76.4,APODI,Não guardar distância de segurança,Colisão traseira,Com Vítimas Fatais,Pleno dia,Decrescente,Ceu Claro,Dupla,Reta,Urbano,2013,3,1,0,0,2,0,0,3
83095227,2013-11-12,Terça,09:10:00,RN,101,98.7,NATAL,Falta de atenção,Colisão traseira,Sem Vítimas,Pleno dia,Decrescente,Sol,Dupla,Reta,Urbano,2013,3,0,0,0,3,0,0,3
83095303,2013-11-10,Domingo,09:50:00,RN,226,15.5,MACAIBA,Outras,Colisão Transversal,Com Vítimas Feridas,Pleno dia,Decrescente,Ceu Claro,Simples,Reta,Urbano,2013,2,0,1,0,1,0,1,2
83095304,2013-11-11,Segunda,18:40:00,RN,304,78.7,MOSSORO,Outras,Tombamento,Com Vítimas Feridas,Plena noite,Crescente,Ceu Claro,Simples,Reta,Rural,2013,1,0,1,0,0,0,1,1
83095320,2013-11-09,Sábado,16:05:00,RN,101,103.6,PARNAMIRIM,Não guardar distância de segurança,Colisão traseira,Sem Vítimas,Pleno dia,Crescente,Ceu Claro,Múltipla,Reta,Urbano,2013,2,0,0,0,2,0,0,2
83095361,2013-11-09,Sábado,09:00:00,RN,101,131.6,SAO JOSE DE MIPIBU,Outras,Queda de motocicleta / bicicleta / veículo,Com Vítimas Feridas,Pleno dia,Crescente,Sol,Dupla,Reta,Rural,2013,1,0,1,0,0,0,1,1
83095472,2013-11-09,Sábado,23:10:00,RN,101,100.0,PARNAMIRIM,Velocidade incompatível,Colisão lateral,Sem Vítimas,Plena noite,Decrescente,Ceu Claro,Múltipla,Reta,Urbano,2013,2,0,0,0,2,0,0,2
83095495,2013-11-10,Domingo,06:55:00,RN,101,77.0,NATAL,Falta de atenção,Colisão lateral,Com Vítimas Feridas,Amanhecer,Decrescente,Vento,Dupla,Reta,Urbano,2013,3,0,0,2,1,0,2,2
83095517,2013-11-05,Terça,09:00:00,RN,101,137.9,SAO JOSE DE MIPIBU,Outras,Capotamento,Sem Vítimas,Pleno dia,Decrescente,Ceu Claro,Dupla,Reta,Rural,2013,1,0,0,0,1,0,0,1
83095546,2013-11-13,Quarta,16:10:00,RN,101,94.0,NATAL,Não guardar distância de segurança,Colisão traseira,Sem Vítimas,Pleno dia,Crescente,Ceu Claro,Dupla,Reta,Urbano,2013,2,0,0,0,2,0,0,2
83095631,2013-11-13,Quarta,09:00:00,RN,427,27.7,ACARI,Falta de atenção,Colisão traseira,Sem Vítimas,Pleno dia,Crescente,Ceu Claro,Simples,Reta,Urbano,2013,3,0,0,0,3,0,0,3
83095640,2013-11-13,Quarta,15:30:00,RN,101,110.0,PARNAMIRIM,Não guardar distância de segurança,Colisão lateral,Com Vítimas Feridas,Pleno dia,Crescente,Ceu Claro,Dupla,Reta,Urbano,2013,3,0,2,0,1,0,2,2
83095642,2013-11-13,Quarta,18:10:00,RN,101,97.0,NATAL,Falta de atenção,Colisão traseira,Sem Vítimas,Plena noite,Crescente,Ceu Claro,Múltipla,Reta,Urbano,2013,2,0,0,0,1,1,0,2
83095695,2013-11-09,Sábado,17:50:00,RN,101,29.0,NATAL,Ingestão de álcool,Colisão traseira,Sem Vítimas,Plena noite,Crescente,Nublado,Dupla,Reta,Urbano,2013,2,0,0,0,2,0,0,2
83095703,2013-11-13,Quarta,17:50:00,RN,304,32.7,MOSSORO,Falta de atenção,Colisão lateral,Sem Vítimas,Plena noite,Crescente,Ceu Claro,Dupla,Reta,Urbano,2013,2,0,0,0,2,0,0,2
83095725,2013-11-13,Quarta,15:20:00,RN,226,1.1,NATAL,Outras,Colisão Transversal,Sem Vítimas,Pleno dia,Crescente,Sol,Dupla,Cruzamento,Urbano,2013,2,0,0,0,2,0,0,2
83095731,2013-11-13,Quarta,18:00:00,RN,101,64.0,SERRA CAIADA,Animais na Pista,Atropelamento de animal,Sem Vítimas,Plena noite,Decrescente,Ceu Claro,Simples,Reta,Rural,2013,1,0,0,0,1,0,0,1
83095741,2013-11-13,Quarta,18:30:00,RN,226,51.3,SERRA CAIADA,Ultrapassagem indevida,Colisão lateral,Sem Vítimas,Plena noite,Decrescente,Vento,Simples,Reta,Rural,2013,2,0,0,0,2,0,0,2
83095744,2013-11-13,Quarta,17:20:00,RN,304,25.0,MOSSORO,Ultrapassagem indevida,Colisão lateral,Sem Vítimas,Pleno dia,Crescente,Sol,Simples,Reta,Rural,2013,2,0,0,0,2,0,0,2
83095755,2013-11-13,Quarta,09:00:00,RN,101,84.3,SAO GONCALO DO AMARANTE,Outras,Colisão lateral,Sem Vítimas,Pleno dia,Crescente,Ceu Claro,Dupla,Reta,Urbano,2013,2,0,0,0,2,0,0,2
83095772,2013-11-13,Quarta,20:47:00,RN,304,35.0,MOSSORO,Outras,Queda de motocicleta / bicicleta / veículo,Com Vítimas Feridas,Plena noite,Crescente,Ceu Claro,Dupla,Reta,Urbano,2013,3,0,1,0,1,1,1,2
83095773,2013-11-13,Quarta,08:15:00,RN,101,101.8,PARNAMIRIM,Não guardar distância de segurança,Colisão traseira,Sem Vítimas,Pleno dia,Crescente,Sol,Dupla,Cruzamento,Urbano,2013,3,0,0,0,2,1,0,3
83095804,2013-10-31,Quinta,17:20:00,RN,101,102.0,PARNAMIRIM,Não guardar distância de segurança,Colisão traseira,Sem Vítimas,Anoitecer,Decrescente,Ceu Claro,Dupla,Reta,Urbano,2013,2,0,0,0,2,0,0,2
83095824,2013-11-13,Quarta,13:00:00,RN,110,75.2,MOSSORO,Dormindo,Saída de Pista,Sem Vítimas,Pleno dia,Decrescente,Ceu Claro,Simples,Reta,Rural,2013,1,0,0,0,1,0,0,1
83095875,2013-11-10,Domingo,21:50:00,RN,226,41.8,MACAIBA,Outras,Colisão frontal,Com Vítimas Feridas,Plena noite,Crescente,Ceu Claro,Simples,Reta,Rural,2013,4,0,0,4,0,0,4,2
83095967,2013-07-13,Sábado,18:10:00,RN,101,104.2,PARNAMIRIM,Ingestão de álcool,Colisão Transversal,Com Vítimas Feridas,Pleno dia,Crescente,Nublado,Dupla,Reta,Urbano,2013,3,0,1,1,1,0,2,2
83095978,2013-11-05,Terça,13:00:00,RN,101,99.7,NATAL,Não guardar distância de segurança,Colisão traseira,Sem Vítimas,Pleno dia,Decrescente,Ceu Claro,Dupla,Reta,Urbano,2013,3,0,0,0,3,0,0,3
83095979,2013-11-11,Segunda,00:05:00,RN,101,108.7,PARNAMIRIM,Ingestão de álcool,Queda de motocicleta / bicicleta / veículo,Com Vítimas Feridas,Plena noite,Crescente,Ceu Claro,Dupla,Reta,Urbano,2013,1,0,1,0,0,0,1,1
83095999,2013-11-14,Quinta,11:40:00,RN,101,148.0,GOIANINHA,Falta de atenção,Colisão Transversal,Sem Vítimas,Pleno dia,Crescente,Ceu Claro,Dupla,Reta,Urbano,2013,2,0,0,0,2,0,0,2
83096046,2013-11-14,Quinta,14:00:00,RN,101,81.1,NATAL,Falta de atenção,Colisão lateral,Sem Vítimas,Pleno dia,Decrescente,Ceu Claro,Dupla,Reta,Urbano,2013,2,0,0,0,2,0,0,2
83096047,2013-11-14,Quinta,15:10:00,RN,101,81.3,NATAL,Não guardar distância de segurança,Colisão traseira,Com Vítimas Feridas,Pleno dia,Decrescente,Ceu Claro,Dupla,Reta,Urbano,2013,2,0,1,0,1,0,1,2
83096065,2013-11-14,Quinta,16:20:00,RN,101,83.2,NATAL,Falta de atenção,Colisão traseira,Sem Vítimas,Pleno dia,Decrescente,Ceu Claro,Dupla,Reta,Urbano,2013,2,0,0,0,2,0,0,2
83096074,2013-11-11,Segunda,11:50:00,RN,110,48.0,MOSSORO,Desobediência à sinalização,Colisão Transversal,Com Vítimas Feridas,Pleno dia,Decrescente,Ceu Claro,Simples,Reta,Urbano,2013,2,0,1,0,1,0,1,2
83096096,2013-11-10,Domingo,17:30:00,RN,304,296.7,MACAIBA,Ingestão de álcool,Colisão Transversal,Com Vítimas Feridas,Anoitecer,Crescente,Ceu Claro,Simples,Reta,Urbano,2013,2,0,0,1,1,0,1,2
83096206,2013-11-14,Quinta,17:15:00,RN,226,113.0,SANTA CRUZ,Falta de atenção,Atropelamento de pessoa,Com Vítimas Feridas,Anoitecer,Decrescente,Ceu Claro,Simples,Reta,Urbano,2013,2,0,0,2,0,0,2,1
83096207,2013-11-13,Quarta,17:46:00,RN,101,109.7,PARNAMIRIM,Não guardar distância de segurança,Colisão traseira,Sem Vítimas,Plena noite,Decrescente,Ceu Claro,Dupla,Cruzamento,Urbano,2013,2,0,0,0,2,0,0,2
83096232,2013-11-08,Sexta,20:10:00,RN,101,109.8,PARNAMIRIM,Outras,Colisão Transversal,Com Vítimas Feridas,Plena noite,Decrescente,Ceu Claro,Dupla,Reta,Rural,2013,2,0,1,0,1,0,1,2
83096269,2013-11-14,Quinta,18:30:00,RN,101,96.1,NATAL,Ingestão de álcool,Atropelamento de pessoa,Com Vítimas Feridas,Plena noite,Decrescente,Ceu Claro,Múltipla,Reta,Urbano,2013,2,0,0,1,1,0,1,1
83096408,2013-11-14,Quinta,18:20:00,RN,304,297.6,MACAIBA,Não guardar distância de segurança,Colisão lateral,Sem Vítimas,Plena noite,Decrescente,Ceu Claro,Simples,Curva,Urbano,2013,2,0,0,0,2,0,0,2
83096464,2013-11-11,Segunda,17:30:00,RN,226,35.5,MACAIBA,Ultrapassagem indevida,Colisão frontal,Com Vítimas Feridas,Anoitecer,Crescente,Ceu Claro,Simples,Curva,Rural,2013,4,0,3,0,1,0,3,3
83096907,2013-11-12,Terça,21:15:00,RN,304,40.7,MOSSORO,Animais na Pista,Atropelamento de animal,Com Vítimas Feridas,Plena noite,Crescente,Ceu Claro,Dupla,Reta,Urbano,2013,6,0,3,0,3,0,3,1
83096914,2013-11-15,Sexta,13:00:00,RN,101,99.0,NATAL,Falta de atenção,Colisão traseira,Sem Vítimas,Pleno dia,Crescente,Ceu Claro,Múltipla,Reta,Urbano,2013,2,0,0,0,2,0,0,2
83097041,2013-11-15,Sexta,22:00:00,RN,406,158.2,CEARA-MIRIM,Animais na Pista,Atropelamento de animal,Sem Vítimas,Plena noite,Decrescente,Ceu Claro,Simples,Reta,Rural,2013,1,0,0,0,1,0,0,1
83097111,2013-11-15,Sexta,19:00:00,RN,101,82.7,SAO GONCALO DO AMARANTE,Outras,Colisão traseira,Sem Vítimas,Plena noite,Crescente,Ceu Claro,Dupla,Reta,Urbano,2013,2,0,0,0,2,0,0,2
83097117,2013-11-11,Segunda,19:00:00,RN,101,96.4,NATAL,Outras,Colisão lateral,Sem Vítimas,Plena noite,Crescente,Ceu Claro,Múltipla,Reta,Urbano,2013,2,0,0,0,2,0,0,2
83097133,2013-11-15,Sexta,21:00:00,RN,304,47.0,MOSSORO,Outras,Atropelamento de pessoa,Com Vítimas Feridas,Plena noite,Crescente,Ceu Claro,Simples,Reta,Urbano,2013,2,0,0,1,1,0,1,1
83097348,2013-11-16,Sábado,10:50:00,RN,427,28.9,ACARI,Não guardar distância de segurança,Colisão traseira,Sem Vítimas,Pleno dia,Decrescente,Ceu Claro,Simples,Curva,Urbano,2013,2,0,0,0,1,1,0,2