id,data_inversa,dia_semana,horario,uf,br,km,municipio,causa_acidente,tipo_acidente,classificacao_acidente,fase_dia,sentido_via,condicao_metereologica,tipo_pista,tracado_via,uso_solo,ano,pessoas,mortos,feridos_leves,feridos_graves,ilesos,ignorados,feridos,veiculos
83108718,2013-12-05,Quinta,16:25:00,RN,101,101.9,PARNAMIRIM,Falta de atenção,Colisão lateral,Com Vítimas Feridas,Pleno dia,Crescente,Ceu Claro,Múltipla,Reta,Urbano,2013,2,0,1,0,1,0,1,2
83108832,2013-12-04,Quarta,07:35:00,RN,101,102.0,PARNAMIRIM,Falta de atenção,Atropelamento de pessoa,Com Vítimas Feridas,Pleno dia,Decrescente,Sol,Dupla,Reta,Urbano,2013,2,0,0,1,1,0,1,1
83108882,2013-12-07,Sábado,07:05:00,RN,110,48.2,MOSSORO,Falta de atenção,Colisão Transversal,Com Vítimas Feridas,Pleno dia,Decrescente,Sol,Simples,Reta,Urbano,2013,2,0,1,0,1,0,1,2
83108883,2013-12-07,Sábado,13:30:00,RN,101,82.0,NATAL,Falta de atenção,Colisão lateral,Sem Vítimas,Pleno dia,Decrescente,Ceu Claro,Dupla,Reta,Urbano,2013,2,0,0,0,2,0,0,2
83108895,2013-12-07,Sábado,06:20:00,RN,406,169.8,SAO GONCALO DO AMARANTE,Outras,Colisão Transversal,Com Vítimas Feridas,Pleno dia,Crescente,Ceu Claro,Simples,Reta,Urbano,2013,2,0,0,1,0,1,1,2
83108946,2013-12-07,Sábado,15:00:00,RN,101,123.1,SAO JOSE DE MIPIBU,Não guardar distância de segurança,Colisão traseira,Sem Vítimas,Pleno dia,Decrescente,Sol,Dupla,Reta,Urbano,2013,3,0,0,0,3,0,0,3
83109055,2013-12-07,Sábado,16:00:00,RN,427,99.3,CAICO,Outras,Colisão Transversal,Com Vítimas Feridas,Pleno dia,Decrescente,Ceu Claro,Simples,Reta,Urbano,2013,2,0,1,0,1,0,1,2
83109088,2013-12-04,Quarta,06:10:00,RN,101,85.1,NATAL,Falta de atenção,Colisão traseira,Com Vítimas Feridas,Pleno dia,Decrescente,Ceu Claro,Dupla,Curva,Urbano,2013,2,0,0,1,1,0,1,2
83109195,2013-12-07,Sábado,23:50:00,RN,110,49.7,MOSSORO,Velocidade incompatível,Queda de motocicleta / bicicleta / veículo,Com Vítimas Fatais,Plena noite,Decrescente,Ceu Claro,Dupla,Curva,Urbano,2013,1,1,0,0,0,0,0,1
83109368,2013-12-08,Domingo,08:20:00,RN,110,48.5,MOSSORO,Ingestão de álcool,Colisão traseira,Sem Vítimas,Pleno dia,Crescente,Ceu Claro,Dupla,Reta,Urbano,2013,2,0,0,0,2,0,0,2
83109377,2013-12-04,Quarta,09:40:00,RN,226,371.8,ANTONIO MARTINS,Falta de atenção,Colisão Transversal,Sem Vítimas,Pleno dia,Crescente,Ceu Claro,Dupla,Reta,Rural,2013,2,0,0,0,1,1,0,2
83109380,2013-12-04,Quarta,20:15:00,RN,110,46.5,MOSSORO,Falta de atenção,Colisão Transversal,Com Vítimas Feridas,Plena noite,Crescente,Ceu Claro,Simples,Reta,Urbano,2013,2,0,1,0,1,0,1,2
83109381,2013-12-08,Domingo,09:00:00,RN,101,103.8,PARNAMIRIM,Não guardar distância de segurança,Colisão traseira,Sem Vítimas,Pleno dia,Crescente,Ceu Claro,Múltipla,Reta,Urbano,2013,3,0,0,0,3,0,0,3
83109529,2013-12-08,Domingo,14:25:00,RN,101,101.9,PARNAMIRIM,Falta de atenção,Colisão traseira,Com Vítimas Feridas,Pleno dia,Decrescente,Sol,Dupla,Reta,Urbano,2013,2,0,0,1,1,0,1,2
83109837,2013-12-05,Quinta,10:13:00,RN,101,100.0,NATAL,Não guardar distância de segurança,Colisão lateral,Sem Vítimas,Pleno dia,Crescente,Sol,Múltipla,Cruzamento,Urbano,2013,2,0,0,0,2,0,0,2
83109887,2013-11-08,Sexta,13:40:00,RN,406,104.0,JOAO CAMARA,Falta de atenção,Colisão frontal,Com Vítimas Feridas,Pleno dia,Decrescente,Ceu Claro,Simples,Reta,Rural,2013,2,0,0,1,1,0,1,2
83109953,2013-12-08,Domingo,05:00:00,RN,101,85.4,SAO GONCALO DO AMARANTE,Outras,Colisão Transversal,Com Vítimas Feridas,Pleno dia,Crescente,Ceu Claro,Dupla,Curva,Urbano,2013,2,0,1,0,1,0,1,2
83109998,2013-11-28,Quinta,15:10:00,RN,110,47.9,MOSSORO,Falta de atenção,Colisão lateral,Com Vítimas Feridas,Pleno dia,Decrescente,Ceu Claro,Simples,Reta,Urbano,2013,2,0,1,0,1,0,1,2
83110075,2013-12-09,Segunda,12:40:00,RN,101,95.8,MACAIBA,Não guardar distância de segurança,Colisão traseira,Sem Vítimas,Pleno dia,Crescente,Ceu Claro,Dupla,Reta,Urbano,2013,3,0,0,0,3,0,0,3
83110209,2013-12-09,Segunda,12:30:00,RN,406,168.0,SAO GONCALO DO AMARANTE,Outras,Colisão Transversal,Com Vítimas Fatais,Pleno dia,Decrescente,Ceu Claro,Simples,Reta,Urbano,2013,2,1,0,0,1,0,0,2
83110225,2013-12-06,Sexta,05:45:00,RN,406,166.0,SAO GONCALO DO AMARANTE,Outras,Colisão Transversal,Com Vítimas Fatais,Amanhecer,Decrescente,Ceu Claro,Simples,Reta,Rural,2013,2,1,0,0,1,0,0,2
83110284,2013-12-06,Sexta,08:45:00,RN,110,50.0,MOSSORO,Falta de atenção,Queda de motocicleta / bicicleta / veículo,Com Vítimas Feridas,Pleno dia,Crescente,Ceu Claro,Simples,Reta,Urbano,2013,2,0,2,0,0,0,2,1
83110303,2013-11-28,Quinta,11:00:00,RN,110,46.1,MOSSORO,Falta de atenção,Colisão lateral,Com Vítimas Feridas,Pleno dia,Decrescente,Ceu Claro,Simples,Reta,Urbano,2013,2,0,1,0,1,0,1,2
83110390,2013-12-09,Segunda,01:30:00,RN,304,132.1,IPANGUACU,Outras,Colisão com objeto fixo,Com Vítimas Feridas,Plena noite,Crescente,Ceu Claro,Simples,Reta,Rural,2013,1,0,1,0,0,0,1,1
83110396,2013-12-03,Terça,20:50:00,RN,101,107.0,PARNAMIRIM,Falta de atenção,Colisão traseira,Sem Vítimas,Plena noite,Decrescente,Ceu Claro,Múltipla,Cruzamento,Urbano,2013,2,0,0,0,1,1,0,2
83110432,2013-12-10,Terça,10:15:00,RN,101,97.0,NATAL,Não guardar distância de segurança,Colisão traseira,Sem Vítimas,Pleno dia,Crescente,Ceu Claro,Múltipla,Reta,Urbano,2013,2,0,0,0,2,0,0,2
83110485,2013-12-10,Terça,11:20:00,RN,405,10.3,MOSSORO,Outras,Saída de Pista,Sem Vítimas,Pleno dia,Decrescente,Sol,Simples,Reta,Rural,2013,1,0,0,0,1,0,0,1
83110506,2013-12-10,Terça,11:55:00,RN,101,85.0,NATAL,Não guardar distância de segurança,Colisão traseira,Com Vítimas Feridas,Pleno dia,Decrescente,Sol,Dupla,Curva,Urbano,2013,3,0,2,0,1,0,2,3
83110507,2013-11-29,Sexta,21:00:00,RN,101,76.0,NATAL,Falta de atenção,Capotamento,Com Vítimas Feridas,Plena noite,Decrescente,Vento,Dupla,Curva,Rural,2013,1,0,0,1,0,0,1,1
83110534,2013-12-10,Terça,11:15:00,RN,101,106.3,PARNAMIRIM,Ultrapassagem indevida,Colisão lateral,Com Vítimas Feridas,Pleno dia,Decrescente,Sol,Dupla,Reta,Urbano,2013,2,0,1,0,1,0,1,2
83110551,2013-12-10,Terça,12:10:00,RN,101,95.3,NATAL,Falta de atenção,Colisão lateral,Sem Vítimas,Pleno dia,Crescente,Sol,Múltipla,Reta,Urbano,2013,2,0,0,0,2,0,0,2
83110574,2013-12-10,Terça,13:00:00,RN,101,97.8,NATAL,Falta de atenção,Colisão traseira,Com Vítimas Feridas,Pleno dia,Crescente,Sol,Dupla,Reta,Urbano,2013,2,0,1,0,1,0,1,2
83110711,2013-12-10,Terça,18:00:00,RN,101,107.4,PARNAMIRIM,Outras,Colisão lateral,Sem Vítimas,Plena noite,Crescente,Ceu Claro,Dupla,Reta,Urbano,2013,2,0,0,0,2,0,0,2
83110785,2013-12-10,Terça,22:20:00,RN,101,96.1,NATAL,Não guardar distância de segurança,Colisão lateral,Sem Vítimas,Plena noite,Crescente,Ceu Claro,Múltipla,Reta,Urbano,2013,2,0,0,0,2,0,0,2
83110799,2013-12-10,Terça,19:00:00,RN,405,54.8,FELIPE GUERRA,Outras,Capotamento,Com Vítimas Fatais,Plena noite,Crescente,Ceu Claro,Simples,Reta,Rural,2013,3,1,2,0,0,0,2,1
83110833,2013-12-10,Terça,23:50:00,RN,405,2.2,MOSSORO,Ingestão de álcool,Queda de motocicleta / bicicleta / veículo,Com Vítimas Feridas,Plena noite,Crescente,Ceu Claro,Dupla,Cruzamento,Urbano,2013,1,0,1,0,0,0,1,1
83110901,2013-12-11,Quarta,07:00:00,RN,101,84.6,SAO GONCALO DO AMARANTE,Falta de atenção,Colisão lateral,Sem Vítimas,Pleno dia,Crescente,Ceu Claro,Simples,Reta,Urbano,2013,2,0,0,0,2,0,0,2
83110927,2013-12-08,Domingo,05:00:00,RN,101,94.5,NATAL,Ingestão de álcool,Colisão lateral,Com Vítimas Feridas,Amanhecer,Decrescente,Ceu Claro,Dupla,Reta,Urbano,2013,2,0,1,0,1,0,1,2
83111026,2013-12-11,Quarta,09:00:00,RN,101,106.6,PARNAMIRIM,Falta de atenção,Colisão lateral,Com Vítimas Feridas,Pleno dia,Decrescente,Ceu Claro,Dupla,Reta,Urbano,2013,2,0,1,0,1,0,1,2
83111085,2013-12-08,Domingo,03:55:00,RN,406,157.0,CEARA-MIRIM,Outras,Colisão frontal,Com Vítimas Fatais,Plena noite,Crescente,Ceu Claro,Simples,Reta,Rural,2013,2,1,0,0,0,1,0,2
83111097,2013-12-11,Quarta,12:00:00,RN,304,42.9,MOSSORO,Falta de atenção,Colisão lateral,Com Vítimas Feridas,Pleno dia,Decrescente,Ceu Claro,Dupla,Reta,Rural,2013,2,0,1,0,1,0,1,2
83111115,2013-12-11,Quarta,11:50:00,RN,101,174.1,CANGUARETAMA,Outras,Capotamento,Com Vítimas Feridas,Pleno dia,Decrescente,Sol,Dupla,Reta,Rural,2013,1,0,1,0,0,0,1,1
83111153,2013-12-11,Quarta,13:20:00,RN,304,297.7,MACAIBA,Ultrapassagem indevida,Colisão lateral,Sem Vítimas,Pleno dia,Decrescente,Ceu Claro,Simples,Curva,Urbano,2013,2,0,0,0,2,0,0,2
83111240,2013-12-11,Quarta,15:45:00,RN,304,296.4,MACAIBA,Não guardar distância de segurança,Colisão traseira,Sem Vítimas,Pleno dia,Crescente,Ceu Claro,Simples,Reta,Urbano,2013,2,0,0,0,2,0,0,2
83111291,2013-12-11,Quarta,16:45:00,RN,226,2.7,NATAL,Não guardar distância de segurança,Colisão traseira,Sem Vítimas,Pleno dia,Decrescente,Sol,Simples,Reta,Urbano,2013,3,0,0,0,3,0,0,3
83111292,2013-12-11,Quarta,18:00:00,RN,101,136.0,SAO JOSE DE MIPIBU,Falta de atenção,Atropelamento de pessoa,Com Vítimas Feridas,Plena noite,Crescente,Ceu Claro,Dupla,Reta,Rural,2013,2,0,0,1,1,0,1,1
83111315,2013-12-11,Quarta,13:25:00,RN,304,45.8,MOSSORO,Ingestão de álcool,Colisão traseira,Sem Vítimas,Pleno dia,Crescente,Sol,Dupla,Reta,Urbano,2013,2,0,0,0,2,0,0,2
83111476,2013-12-06,Sexta,18:15:00,RN,101,108.4,PARNAMIRIM,Falta de atenção,Colisão traseira,Sem Vítimas,Plena noite,Crescente,Ceu Claro,Dupla,Reta,Urbano,2013,2,0,0,0,2,0,0,2
83111497,2013-12-08,Domingo,18:35:00,RN,101,99.8,PARNAMIRIM,Falta de atenção,Colisão lateral,Sem Vítimas,Plena noite,Decrescente,Ceu Claro,Múltipla,Reta,Urbano,2013,2,0,0,0,2,0,0,2
83111542,2013-12-04,Quarta,10:35:00,RN,101,103.1,PARNAMIRIM,Não guardar distância de segurança,Colisão traseira,Sem Vítimas,Pleno dia,Crescente,Ceu Claro,Múltipla,Reta,Urbano,2013,2,0,0,0,2,0,0,2
83111574,2013-12-08,Domingo,10:00:00,RN,101,104.4,PARNAMIRIM,Falta de atenção,Colisão traseira,Sem Vítimas,Pleno dia,Crescente,Ceu Claro,Múltipla,Reta,Urbano,2013,2,0,0,0,2,0,0,2
83111638,2013-12-12,Quinta,11:55:00,RN,304,301.9,MACAIBA,Não guardar distância de segurança,Colisão traseira,Sem Vítimas,Pleno dia,Crescente,Ceu Claro,Dupla,Reta,Urbano,2013,2,0,0,0,2,0,0,2
83111640,2013-12-09,Segunda,06:30:00,RN,304,295.3,MACAIBA,Falta de atenção,Colisão traseira,Sem Vítimas,Pleno dia,Crescente,Ceu Claro,Simples,Reta,Urbano,2013,2,0,0,0,2,0,0,2
83111659,2013-12-12,Quinta,11:45:00,RN,304,46.8,MOSSORO,Desobediência à sinalização,Danos Eventuais,Sem Vítimas,Pleno dia,Decrescente,Ceu Claro,Dupla,Curva,Urbano,2013,1,0,0,0,1,0,0,1
83111666,2013-12-12,Quinta,12:34:00,RN,101,133.2,TAIPU,Outras,Saída de Pista,Sem Vítimas,Pleno dia,Crescente,Ceu Claro,Simples,Reta,Rural,2013,1,0,0,0,1,0,0,1
83111725,2013-11-26,Terça,12:00:00,RN,101,98.0,NATAL,Falta de atenção,Colisão traseira,Sem Vítimas,Pleno dia,Decrescente,Ceu Claro,Dupla,Reta,Urbano,2013,2,0,0,0,2,0,0,2
83111740,2013-12-12,Quinta,09:30:00,RN,101,97.6,NATAL,Não guardar distância de segurança,Colisão traseira,Com Vítimas Feridas,Pleno dia,Decrescente,Ceu Claro,Múltipla,Reta,Urbano,2013,10,0,1,0,7,2,1,9
83111767,2013-11-29,Sexta,10:04:00,RN,405,108.4,ITAU,Falta de atenção,Colisão lateral,Com Vítimas Fatais,Pleno dia,Crescente,Ceu Claro,Simples,Reta,Rural,2013,3,1,0,1,1,0,1,2
83111794,2013-12-12,Quinta,09:30:00,RN,101,109.0,PARNAMIRIM,Falta de atenção,Colisão traseira,Sem Vítimas,Pleno dia,Crescente,Sol,Dupla,Reta,Urbano,2013,2,0,0,0,2,0,0,2
83111795,2013-12-12,Quinta,08:20:00,RN,101,154.9,GOIANINHA,Falta de atenção,Colisão lateral,Sem Vítimas,Pleno dia,Crescente,Ceu Claro,Dupla,Reta,Rural,2013,2,0,0,0,2,0,0,2
83111812,2013-12-12,Quinta,11:00:00,RN,101,96.8,NATAL,Não guardar distância de segurança,Colisão lateral,Sem Vítimas,Pleno dia,Decrescente,Ceu Claro,Múltipla,Reta,Urbano,2013,2,0,0,0,2,0,0,2
83111817,2013-12-12,Quinta,15:40:00,RN,101,97.5,NATAL,Desobediência à sinalização,Colisão lateral,Sem Vítimas,Pleno dia,Decrescente,Sol,Dupla,Reta,Urbano,2013,3,0,0,0,3,0,0,3
83111844,2013-12-12,Quinta,14:20:00,RN,101,96.3,NATAL,Não guardar distância de segurança,Colisão traseira,Sem Vítimas,Pleno dia,Decrescente,Ceu Claro,Múltipla,Reta,Urbano,2013,2,0,0,0,2,0,0,2
83111885,2013-12-07,Sábado,11:20:00,RN,101,109.6,PARNAMIRIM,Outras,Colisão Transversal,Sem Vítimas,Pleno dia,Decrescente,Ceu Claro,Dupla,Reta,Urbano,2013,2,0,0,0,2,0,0,2
83111930,2013-12-12,Quinta,18:45:00,RN,304,37.5,MOSSORO,Defeito na via,Colisão lateral,Sem Vítimas,Plena noite,Decrescente,Ceu Claro,Simples,Reta,Urbano,2013,3,0,0,0,3,0,0,2
83111939,2013-12-03,Terça,18:30:00,RN,304,35.0,MOSSORO,Falta de atenção,Colisão lateral,Sem Vítimas,Plena noite,Crescente,Ceu Claro,Dupla,Curva,Urbano,2013,2,0,0,0,2,0,0,2
83111991,2013-12-12,Quinta,11:15:00,RN,110,48.3,MOSSORO,Falta de atenção,Colisão Transversal,Com Vítimas Feridas,Pleno dia,Crescente,Ceu Claro,Simples,Curva,Urbano,2013,2,0,1,0,1,0,1,2
83112042,2013-12-09,Segunda,07:10:00,RN,101,98.0,NATAL,Falta de atenção,Colisão traseira,Sem Vítimas,Pleno dia,Decrescente,Ceu Claro,Dupla,Reta,Urbano,2013,2,0,0,0,2,0,0,2
83112059,2013-12-09,Segunda,13:25:00,RN,101,96.2,NATAL,Não guardar distância de segurança,Colisão traseira,Sem Vítimas,Pleno dia,Crescente,Sol,Múltipla,Reta,Urbano,2013,2,0,0,0,2,0,0,2
83112111,2013-12-13,Sexta,06:45:00,RN,101,122.8,SAO JOSE DE MIPIBU,Falta de atenção,Colisão traseira,Sem Vítimas,Pleno dia,Crescente,Ceu Claro,Dupla,Reta,Urbano,2013,2,0,0,0,2,0,0,2
83112131,2013-12-10,Terça,14:30:00,RN,304,99.0,ASSU,Outras,Tombamento,Com Vítimas Feridas,Pleno dia,Decrescente,Sol,Simples,Reta,Rural,2013,2,0,2,0,0,0,2,1
83112381,2013-12-05,Quinta,06:20:00,RN,304,222.0,CAICARA DO RIO DO VENTO,Ultrapassagem indevida,Colisão frontal,Com Vítimas Feridas,Pleno dia,Crescente,Ceu Claro,Simples,Reta,Rural,2013,3,0,0,1,2,0,1,2
83112446,2013-12-13,Sexta,15:30:00,RN,226,16.0,MACAIBA,Outras,Colisão Transversal,Sem Vítimas,Pleno dia,Crescente,Ceu Claro,Simples,Cruzamento,Urbano,2013,2,0,0,0,2,0,0,2
83112514,2013-12-13,Sexta,08:50:00,RN,304,135.0,ANGICOS,Falta de atenção,Colisão Transversal,Com Vítimas Fatais,Pleno dia,Crescente,Sol,Simples,Reta,Rural,2013,2,1,0,0,1,0,0,2
83112546,2013-12-13,Sexta,10:45:00,RN,101,95.8,NATAL,Não guardar distância de segurança,Colisão traseira,Sem Vítimas,Pleno dia,Crescente,Ceu Claro,Dupla,Reta,Urbano,2013,2,0,0,0,2,0,0,2
83112788,2013-11-28,Quinta,08:45:00,RN,101,82.9,SAO GONCALO DO AMARANTE,Falta de atenção,Atropelamento de pessoa,Com Vítimas Feridas,Pleno dia,Crescente,Sol,Dupla,Reta,Urbano,2013,2,0,1,0,1,0,1,1
83112811,2013-12-14,Sábado,10:00:00,RN,304,47.5,MOSSORO,Desobediência à sinalização,Colisão Transversal,Sem Vítimas,Pleno dia,Decrescente,Ceu Claro,Dupla,Reta,Urbano,2013,4,0,0,0,4,0,0,2
83112855,2013-12-14,Sábado,11:50:00,RN,405,3.2,MOSSORO,Outras,Colisão Transversal,Sem Vítimas,Pleno dia,Decrescente,Sol,Simples,Reta,Urbano,2013,3,0,0,0,2,1,0,3
83112881,2013-11-24,Domingo,19:55:00,RN,101,54.2,CEARA-MIRIM,Outras,Colisão frontal,Ignorado,Plena noite,Decrescente,Ceu Claro,Simples,Reta,Rural,2013,2,0,0,0,0,2,0,2
83112901,2013-12-14,Sábado,13:00:00,RN,101,104.0,PARNAMIRIM,Falta de atenção,Colisão lateral,Sem Vítimas,Pleno dia,Decrescente,Ceu Claro,Múltipla,Reta,Urbano,2013,2,0,0,0,2,0,0,2
83112932,2013-12-14,Sábado,08:15:00,RN,304,191.2,LAJES,Falta de atenção,Colisão traseira,Sem Vítimas,Pleno dia,Crescente,Sol,Simples,Reta,Urbano,2013,2,0,0,0,2,0,0,2
83112963,2013-12-14,Sábado,14:52:00,RN,226,7.8,NATAL,Falta de atenção,Colisão traseira,Sem Vítimas,Pleno dia,Crescente,Sol,Simples,Reta,Rural,2013,2,0,0,0,2,0,0,2
83113061,2013-12-13,Sexta,19:00:00,RN,110,49.3,MOSSORO,Ingestão de álcool,Colisão lateral,Com Vítimas Feridas,Plena noite,Decrescente,Ceu Claro,Dupla,Reta,Urbano,2013,2,0,2,0,0,0,2,2
83113072,2013-12-14,Sábado,15:40:00,RN,427,0.3,CURRAIS NOVOS,Desobediência à sinalização,Colisão Transversal,Com Vítimas Feridas,Pleno dia,Decrescente,Ceu Claro,Simples,Reta,Urbano,2013,2,0,1,0,1,0,1,2
83113134,2013-12-10,Terça,18:30:00,RN,406,126.8,TAIPU,Outras,Colisão Transversal,Sem Vítimas,Plena noite,Crescente,Vento,Simples,Cruzamento,Rural,2013,2,0,0,0,2,0,0,2
83113145,2013-12-12,Quinta,16:00:00,RN,101,96.5,NATAL,Falta de atenção,Colisão traseira,Sem Vítimas,Pleno dia,Decrescente,Ceu Claro,Dupla,Reta,Urbano,2013,7,0,0,0,7,0,0,7
83113182,2013-12-14,Sábado,20:00:00,RN,110,49.6,MOSSORO,Desobediência à sinalização,Colisão frontal,Com Vítimas Feridas,Plena noite,Crescente,Ceu Claro,Simples,Reta,Urbano,2013,2,0,1,1,0,0,2,2
83113268,2013-12-15,Domingo,04:50:00,RN,101,150.0,GOIANINHA,Dormindo,Colisão traseira,Com Vítimas Feridas,Amanhecer,Decrescente,Ignorada,Dupla,Reta,Urbano,2013,3,0,1,1,0,1,2,2
83113327,2013-11-17,Domingo,23:30:00,RN,406,170.0,SAO GONCALO DO AMARANTE,Ingestão de álcool,Colisão Transversal,Com Vítimas Feridas,Plena noite,Decrescente,Ceu Claro,Simples,Reta,Urbano,2013,2,0,0,1,0,1,1,2
83113333,2013-12-15,Domingo,06:15:00,RN,101,99.8,PARNAMIRIM,Não guardar distância de segurança,Colisão lateral,Sem Vítimas,Pleno dia,Decrescente,Sol,Dupla,Cruzamento,Urbano,2013,2,0,0,0,1,1,0,2
83113594,2013-12-15,Domingo,17:45:00,RN,101,99.8,PARNAMIRIM,Falta de atenção,Colisão traseira,Sem Vítimas,Anoitecer,Decrescente,Ceu Claro,Dupla,Reta,Urbano,2013,2,0,0,0,2,0,0,2
83113647,2013-12-15,Domingo,16:40:00,RN,101,104.4,PARNAMIRIM,Outras,Queda de motocicleta / bicicleta / veículo,Com Vítimas Feridas,Pleno dia,Crescente,Ceu Claro,Múltipla,Curva,Urbano,2013,1,0,1,0,0,0,1,1
83113685,2013-12-15,Domingo,19:56:00,RN,406,31.6,GUAMARE,Outras,Colisão frontal,Sem Vítimas,Plena noite,Decrescente,Ceu Claro,Simples,Reta,Rural,2013,2,0,0,0,2,0,0,2
83113715,2013-12-15,Domingo,23:10:00,RN,101,78.7,NATAL,Animais na Pista,Atropelamento de animal,Com Vítimas Feridas,Plena noite,Decrescente,Ceu Claro,Dupla,Reta,Urbano,2013,1,0,0,1,0,0,1,1
83113762,2013-12-13,Sexta,21:00:00,RN,304,110.0,ASSU,Outras,Colisão traseira,Com Vítimas Fatais,Plena noite,Decrescente,Ceu Claro,Simples,Reta,Rural,2013,4,1,2,0,1,0,2,2
83113865,2013-12-13,Sexta,22:30:00,RN,304,25.0,MOSSORO,Animais na Pista,Atropelamento de animal,Sem Vítimas,Plena noite,Decrescente,Ignorada,Simples,Reta,Rural,2013,1,0,0,0,1,0,0,1
83113935,2013-12-16,Segunda,09:30:00,RN,101,106.0,PARNAMIRIM,Não guardar distância de segurança,Colisão traseira,Sem Vítimas,Pleno dia,Decrescente,Ceu Claro,Dupla,Reta,Urbano,2013,2,0,0,0,2,0,0,2
83113949,2013-12-16,Segunda,08:00:00,RN,101,99.0,NATAL,Não guardar distância de segurança,Colisão traseira,Sem Vítimas,Pleno dia,Decrescente,Ceu Claro,Dupla,Reta,Urbano,2013,3,0,0,0,2,1,0,3
83114010,2013-12-16,Segunda,10:59:00,RN,101,83.0,NATAL,Outras,Colisão lateral,Sem Vítimas,Pleno dia,Decrescente,Ceu Claro,Dupla,Reta,Urbano,2013,2,0,0,0,2,0,0,2
83114026,2013-12-16,Segunda,10:00:00,RN,101,77.0,NATAL,Desobediência à sinalização,Colisão Transversal,Sem Vítimas,Pleno dia,Decrescente,Sol,Dupla,Reta,Rural,2013,2,0,0,0,1,1,0,2
83114074,2013-12-16,Segunda,13:00:00,RN,101,106.0,PARNAMIRIM,Falta de atenção,Colisão lateral,Sem Vítimas,Pleno dia,Crescente,Ceu Claro,Dupla,Cruzamento,Urbano,2013,2,0,0,0,2,0,0,2
83114147,2013-12-16,Segunda,13:00:00,RN,101,97.0,NATAL,Falta de atenção,Colisão traseira,Sem Vítimas,Pleno dia,Decrescente,Ceu Claro,Dupla,Reta,Urbano,2013,2,0,0,0,2,0,0,2
83114149,2013-12-16,Segunda,12:40:00,RN,304,37.1,MOSSORO,Falta de atenção,Colisão traseira,Sem Vítimas,Pleno dia,Crescente,Ceu Claro,Dupla,Reta,Urbano,2013,2,0,0,0,2,0,0,2
83114310,2013-12-12,Quinta,16:55:00,RN,101,96.6,NATAL,Falta de atenção,Colisão com objeto fixo,Com Vítimas Feridas,Pleno dia,Decrescente,Sol,Múltipla,Reta,Urbano,2013,1,0,0,1,0,0,1,1
83114315,2013-12-14,Sábado,18:00:00,RN,101,148.0,GOIANINHA,Falta de atenção,Colisão frontal,Com Vítimas Feridas,Plena noite,Crescente,Ceu Claro,Dupla,Reta,Urbano,2013,2,0,1,1,0,0,2,2
83114358,2013-12-04,Quarta,13:40:00,RN,304,229.6,RIACHUELO,Outras,Colisão traseira,Sem Vítimas,Pleno dia,Crescente,Ceu Claro,Simples,Reta,Rural,2013,2,0,0,0,2,0,0,2
83114423,2013-12-17,Terça,06:38:00,RN,101,81.6,SAO GONCALO DO AMARANTE,Falta de atenção,Colisão traseira,Sem Vítimas,Pleno dia,Crescente,Ceu Claro,Dupla,Reta,Urbano,2013,2,0,0,0,2,0,0,2
83114439,2013-12-13,Sexta,17:30:00,RN,304,299.5,MACAIBA,Falta de atenção,Colisão traseira,Com Vítimas Feridas,Anoitecer,Decrescente,Ceu Claro,Dupla,Reta,Urbano,2013,2,0,1,0,1,0,1,2
83114458,2013-12-09,Segunda,16:00:00,RN,101,96.0,NATAL,Não guardar distância de segurança,Colisão traseira,Sem Vítimas,Pleno dia,Crescente,Sol,Múltipla,Reta,Urbano,2013,2,0,0,0,2,0,0,2
83114461,2013-12-09,Segunda,17:00:00,RN,101,97.0,NATAL,Outras,Colisão Transversal,Sem Vítimas,Pleno dia,Crescente,Ceu Claro,Simples,Reta,Urbano,2013,2,0,0,0,2,0,0,2
83114485,2013-12-13,Sexta,23:30:00,RN,101,95.8,NATAL,Falta de atenção,Colisão traseira,Sem Vítimas,Plena noite,Crescente,Ceu Claro,Múltipla,Reta,Urbano,2013,2,0,0,0,2,0,0,2
83114497,2013-12-14,Sábado,04:00:00,RN,101,107.5,PARNAMIRIM,Outras,Colisão traseira,Com Vítimas Fatais,Plena noite,Crescente,Ceu Claro,Dupla,Reta,Urbano,2013,2,1,0,0,1,0,0,2
83114549,2013-12-09,Segunda,10:23:00,RN,101,96.4,NATAL,Não guardar distância de segurança,Colisão traseira,Sem Vítimas,Pleno dia,Crescente,Sol,Múltipla,Reta,Urbano,2013,2,0,0,0,1,1,0,2
83114566,2013-12-13,Sexta,15:40:00,RN,101,109.0,SAO JOSE DE MIPIBU,Desobediência à sinalização,Colisão Transversal,Com Vítimas Feridas,Pleno dia,Decrescente,Sol,Múltipla,Cruzamento,Urbano,2013,2,0,0,1,1,0,1,2
83114583,2013-08-13,Terça,17:30:00,RN,101,81.6,NATAL,Outras,Atropelamento de pessoa,Com Vítimas Fatais,Anoitecer,Decrescente,Ceu Claro,Dupla,Reta,Urbano,2013,2,1,0,0,1,0,0,1
83114629,2013-12-17,Terça,12:25:00,RN,304,31.7,MOSSORO,Falta de atenção,Colisão Transversal,Sem Vítimas,Pleno dia,Crescente,Ceu Claro,Simples,Reta,Urbano,2013,2,0,0,0,2,0,0,2
83114651,2013-12-17,Terça,10:45:00,RN,101,99.9,PARNAMIRIM,Falta de atenção,Colisão lateral,Sem Vítimas,Pleno dia,Decrescente,Ceu Claro,Dupla,Reta,Urbano,2013,2,0,0,0,2,0,0,2